grid_id,latitude,longitude,building_count,yellow_building_count,building_density,yellow_building_density,total_building_density,main_road_density,local_road_density,total_road_density,waterbody,water_percent,empty,usable_area_percent,kirana_potential_index,yellow_building_proportion,local_road_proportion,avg_yellow_building_size,water_percent_log,kirana_potential_index_log,dist_to_nearest_hub,green_cover_ratio,edge_density,structural_complexity,market_activity_index,street_exposure_index,grid_segment,grid_score
157,28.3977353,77.1575233,0,0,0.0,0.0,0.0,0.0,0.0,0.0,0,0.0,100.0,0.0,0.0,0.0,0.0,0.0,0.0,0.0,13.711482609261257,0.98989375,0.0045125,2.25,0.0,0.0,bad,1.0
209,28.3977353,77.2639719,12,3,8.39,0.0,8.39,0.32,5.2,5.52,0,0.0,86.09,13.909999999999997,0.0,0.2,0.9420289855072465,0.0,0.0,0.0,11.651859136557652,0.0039375,0.01853125,4.75,0.9500000000000001,4.474637681159421,bad,6.59
1131,28.4049218,77.2025593,0,0,0.0,0.0,0.0,0.0,0.11,0.11,0,0.0,99.89,0.10999999999999943,0.0,0.0,0.0,0.0,0.0,0.0,11.943381022366173,0.98844375,0.004525,2.25,0.0,0.0,bad,1.0
1138,28.4049218,77.2168889,0,0,0.0,0.0,0.0,0.0,0.0,0.0,0,0.0,100.0,0.0,0.0,0.0,0.0,0.0,0.0,0.0,11.598027393041932,0.98989375,0.0045125,2.25,0.0,0.0,bad,1.0
1383,28.4067184,77.2312185,0,0,0.0,0.0,0.0,6.01,4.84,10.85,0,0.0,89.15,10.849999999999994,0.0,0.0,0.44608294930875575,0.0,0.0,0.0,11.216024109157525,0.88431875,0.02115,2.4375,0.0,1.0873271889400922,bad,1.0
1588,28.408515,77.1636646,0,0,0.0,0.0,0.0,0.0,0.0,0.0,0,0.0,100.0,0.0,0.0,0.0,0.0,0.0,0.0,0.0,12.384830810512575,0.98989375,0.0045125,2.25,0.0,0.0,bad,1.0
1830,28.4103117,77.171853,0,0,0.0,0.0,0.0,0.0,0.0,0.0,0,0.0,100.0,0.0,0.0,0.0,0.0,0.0,0.0,0.0,11.969458452201758,0.98989375,0.0045125,2.25,0.0,0.0,bad,1.0
1853,28.4103117,77.218936,0,0,0.0,0.0,0.0,0.0,0.0,0.0,0,0.0,100.0,0.0,0.0,0.0,0.0,0.0,0.0,0.0,10.971910282180646,0.98989375,0.0045125,2.25,0.0,0.0,bad,1.0
2367,28.4139049,77.2967254,71,3,24.51,0.84,25.35,1.87,14.7,16.57,0,0.0,58.08,41.92,0.06627218934911241,0.04054054054054054,0.8871454435727217,0.27999999999999997,0.0,0.06416863025116405,9.069725034875278,0.00708125,0.03768125,11.0,0.44594594594594594,9.75859987929994,bad,11.44
2550,28.4157015,77.1841355,0,0,0.0,0.0,0.0,0.0,0.0,0.0,0,0.0,100.0,0.0,0.0,0.0,0.0,0.0,0.0,0.0,11.1342675555928,0.98989375,0.0045125,2.25,0.0,0.0,bad,1.0
2589,28.4157015,77.2639719,0,0,0.0,0.0,0.0,0.0,0.0,0.0,0,0.0,100.0,0.0,0.0,0.0,0.0,0.0,0.0,0.0,9.831104522390286,0.98989375,0.0045125,2.25,0.0,0.0,bad,1.0
2948,28.4192948,77.0244626,1,0,0.27,0.0,0.27,0.37,4.72,5.09,0,0.0,94.64,5.359999999999999,0.0,0.0,0.9273084479371316,0.0,0.0,0.0,13.394689226186687,0.0026,0.01764375,3.3125,0.0,3.0717092337917484,bad,1.09
3010,28.4192948,77.1513821,3,5,0.14,0.0,0.14,0.82,7.1,7.92,0,0.0,91.94,8.060000000000002,0.0,0.625,0.8964646464646464,0.0,0.0,0.0,11.391492725249304,0.46438125,0.01676875,2.6875,1.6796875,2.409248737373737,bad,6.19
3044,28.4192948,77.2209831,0,0,0.0,0.0,0.0,0.0,0.22,0.22,0,0.0,99.78,0.21999999999999886,0.0,0.0,0.0,0.0,0.0,0.0,9.95328680752204,0.98715,0.0045125,2.25,0.0,0.0,bad,1.0
3739,28.4246846,77.1820884,1,0,0.08,0.0,0.08,0.0,0.0,0.0,0,0.0,99.92,0.0799999999999983,0.0,0.0,0.0,0.0,0.0,0.0,10.187225779860627,0.98905,0.0045125,2.25,0.0,0.0,bad,1.03
3746,28.4246846,77.196418,0,1,0.0,0.0,0.0,0.0,0.0,0.0,0,0.0,100.0,0.0,0.0,0.0,0.0,0.0,0.0,0.0,10.006795724144812,0.82498125,0.0045125,2.25,0.0,0.0,bad,1.0
4002,28.4264813,77.2332656,0,0,0.0,0.0,0.0,0.06,6.05,6.11,0,0.0,93.89,6.109999999999999,0.0,0.0,0.9901800327332242,0.0,0.0,0.0,9.00990872027918,0.91989375,0.016575,2.5625,0.0,2.537336333878887,bad,1.0
4686,28.4318711,77.171853,4,4,0.29,0.0,0.29,0.34,5.97,6.31,0,0.0,93.4,6.599999999999994,0.0,0.5,0.9461172741679873,0.0,0.0,0.0,9.667385821797142,0.46244375,0.01435625,3.0625,1.53125,2.897484152139461,bad,5.78
5450,28.437261,77.2742074,0,0,0.0,0.0,0.0,0.0,0.0,0.0,0,0.0,100.0,0.0,0.0,0.0,0.0,0.0,0.0,0.0,7.241562648913606,0.98989375,0.0045125,2.25,0.0,0.0,bad,1.0
5618,28.4390576,77.1309112,2,0,0.07,0.0,0.07,0.83,4.47,5.3,0,0.0,94.63,5.3700000000000045,0.0,0.0,0.8433962264150944,0.0,0.0,0.0,8.674433515928026,0.9098375,0.01301875,2.75,0.0,2.3193396226415097,bad,1.02
5676,28.4390576,77.2496423,0,0,0.0,0.0,0.0,0.0,1.15,1.15,0,0.0,98.85,1.1500000000000057,0.0,0.0,0.0,0.0,0.0,0.0,7.657106558364041,0.978425,0.0045125,2.25,0.0,0.0,bad,1.0
5868,28.4408542,77.1554763,8,0,3.08,0.0,3.08,0.0,6.37,6.37,0,0.0,90.55,9.450000000000003,0.0,0.0,1.0,0.0,0.0,0.0,9.395043224804017,0.03244375,0.01541875,4.6875,0.0,4.6875,bad,1.98
6075,28.4426509,77.0920165,92,7,14.84,1.42,16.259999999999998,0.0,12.85,12.85,0,0.0,70.89,29.11,0.26199261992619927,0.0707070707070707,1.0,0.20285714285714285,0.0,0.23269191618290425,8.14974698451061,0.001525,0.0504875,16.6875,1.1799242424242424,16.6875,bad,13.67
6092,28.4426509,77.126817,0,0,0.0,0.0,0.0,0.0,0.0,0.0,0,0.0,100.0,0.0,0.0,0.0,0.0,0.0,0.0,0.0,8.191394127293059,0.98989375,0.0045125,2.25,0.0,0.0,bad,1.0
6330,28.4444475,77.126817,0,0,0.0,0.0,0.0,0.0,0.0,0.0,0,0.0,100.0,0.0,0.0,0.0,0.0,0.0,0.0,0.0,7.996625408421851,0.98989375,0.0045125,2.25,0.0,0.0,bad,1.0
6393,28.4444475,77.2557836,0,0,0.0,0.0,0.0,0.0,0.0,0.0,0,0.0,100.0,0.0,0.0,0.0,0.0,0.0,0.0,0.0,7.173019673957073,0.98989375,0.0045125,2.25,0.0,0.0,bad,1.0
6771,28.4480407,77.0551689,72,10,29.45,4.52,33.97,0.71,14.58,15.29,0,0.0,50.74000000000001,49.25999999999999,0.4603070625917157,0.12195121951219512,0.9535644211903205,0.45199999999999996,0.0,0.3786467304503991,9.038691806202669,0.001975,0.03915,10.187499999999998,1.2423780487804876,9.714437540876387,bad,22.44
7033,28.4498374,77.104299,24,23,1.59,0.0,1.59,11.84,13.97,25.81,0,0.0,72.60000000000001,27.39999999999999,0.0,0.48936170212765956,0.5412630763270051,0.0,0.0,0.0,7.203033448794008,0.2137625,0.0359,4.25,2.079787234042553,2.300368074389772,bad,7.88
7055,28.4498374,77.149335,1,0,0.14,0.0,0.14,0.0,4.23,4.23,0,0.0,95.63,4.3700000000000045,0.0,0.0,1.0,0.0,0.0,0.0,8.230166156587046,0.90571875,0.01355,2.8125,0.0,2.8125,bad,1.04
7271,28.451634,77.104299,0,1,0.0,0.0,0.0,0.0,1.48,1.48,0,0.0,98.52,1.480000000000004,0.0,0.0,0.0,0.0,0.0,0.0,7.003577747646241,0.90296875,0.0045,2.1875,0.0,0.0,bad,1.0
7296,28.451634,77.1554763,7,0,1.63,0.0,1.63,0.0,3.99,3.99,0,0.0,94.38,5.6200000000000045,0.0,0.0,1.0,0.0,0.0,0.0,8.21274501793433,0.92748125,0.01159375,3.125,0.0,3.125,bad,1.52
7347,28.451634,77.2598778,0,0,0.0,0.0,0.0,0.0,0.0,0.0,0,0.0,100.0,0.0,0.0,0.0,0.0,0.0,0.0,0.0,6.4706094826144955,0.98989375,0.0045125,2.25,0.0,0.0,bad,1.0
7510,28.4534306,77.1063461,8,1,3.77,1.98,5.75,0.78,13.27,14.05,0,0.0,80.2,19.799999999999997,0.3443478260869565,0.1111111111111111,0.9444839857651245,0.0,0.0,0.2959090077900715,6.795310326190502,0.73399375,0.030175,4.625,0.5138888888888888,4.3682384341637,bad,9.49
7823,28.4552272,77.2598778,0,0,0.0,0.0,0.0,0.0,0.0,0.0,0,0.0,100.0,0.0,0.0,0.0,0.0,0.0,0.0,0.0,6.076179170147196,0.98989375,0.0045125,2.25,0.0,0.0,bad,1.0
7831,28.4552272,77.2762545,2,0,0.14,0.0,0.14,0.0,4.19,4.19,0,0.0,95.67,4.329999999999998,0.0,0.0,1.0,0.0,0.0,0.0,5.4374278986920945,0.94540625,0.0140375,2.4375,0.0,2.4375,bad,1.04
8239,28.4588205,77.1370525,0,0,0.0,0.0,0.0,0.0,0.28,0.28,0,0.0,99.72,0.28000000000000114,0.0,0.0,0.0,0.0,0.0,0.0,6.79698075728679,0.98644375,0.00451875,2.25,0.0,0.0,bad,1.0
8466,28.4606171,77.1145345,1,0,0.29,0.0,0.29,0.0,5.7,5.7,0,0.0,94.01,5.989999999999995,0.0,0.0,1.0,0.0,0.0,0.0,6.0232406205773374,0.92465,0.01656875,2.9375,0.0,2.9375,bad,1.09
9475,28.4678036,77.2312185,0,0,0.0,0.0,0.0,0.0,0.0,0.0,0,0.0,100.0,0.0,0.0,0.0,0.0,0.0,0.0,0.0,4.467320493357421,0.98989375,0.0045125,2.25,0.0,0.0,bad,1.0
9838,28.4713968,76.9998975,56,5,35.09,1.84,36.93000000000001,0.0,14.06,14.06,0,0.0,49.00999999999999,50.99000000000001,0.12879314923712232,0.08196721311475409,1.0,0.368,0.0,0.12114905247100774,10.196396210830828,0.00195625,0.03179375,12.4375,1.019467213114754,12.4375,bad,17.81
10186,28.4731934,77.2250773,0,0,0.0,0.0,0.0,0.0,0.03,0.03,0,0.0,99.97,0.030000000000001137,0.0,0.0,0.0,0.0,0.0,0.0,4.045837814976725,0.98926875,0.00461875,2.3125,0.0,0.0,bad,1.0
10367,28.4749901,77.1083932,2,1,4.42,0.0,4.42,0.0,0.0,0.0,0,0.0,95.58,4.420000000000002,0.0,0.3333333333333333,0.0,0.0,0.0,0.0,4.39505731207518,0.06020625,0.00545,3.375,1.125,0.0,bad,5.86
10423,28.4749901,77.2230302,0,0,0.0,0.0,0.0,0.0,0.0,0.0,0,0.0,100.0,0.0,0.0,0.0,0.0,0.0,0.0,0.0,3.9360362065877514,0.98989375,0.0045125,2.25,0.0,0.0,bad,1.0
10987,28.4803799,76.9159669,4,10,1.65,0.0,1.65,8.19,10.99,19.18,1,0.5700000000000001,78.60000000000002,20.829999999999984,0.0,0.7142857142857143,0.572992700729927,0.0,0.45107561936021673,0.0,12.586114422058529,0.17900625,0.02956875,3.3125,2.366071428571429,1.8980383211678833,bad,8.78
11132,28.4803799,77.2127947,0,0,0.0,0.0,0.0,0.0,6.85,6.85,0,0.0,93.15,6.849999999999994,0.0,0.0,1.0,0.0,0.0,0.0,3.7543740093665665,0.9184625,0.0182125,2.5625,0.0,2.5625,bad,1.0
11156,28.4803799,77.2619249,1,0,0.07,0.0,0.07,0.17,9.09,9.26,0,0.0,90.67,9.329999999999998,0.0,0.0,0.9816414686825055,0.0,0.0,0.0,3.414350569314692,0.89128125,0.01620625,3.0625,0.0,3.006276997840173,bad,1.02
11404,28.4821766,77.2823957,0,3,0.0,0.0,0.0,0.0,0.0,0.0,1,19.08,80.92,0.0,0.0,1.0,0.0,0.0,2.9997242948235283,0.0,2.952945904939025,0.6479,0.0143875,2.625,2.625,0.0,bad,9.04
11483,28.4839732,76.9569087,0,0,0.0,0.0,0.0,0.0,1.92,1.92,1,5.3100000000000005,92.77,1.9200000000000017,0.0,0.0,0.0,0.0,1.8421356765531218,0.0,9.920959020950567,0.9162625,0.00551875,2.25,0.0,0.0,bad,1.0
11658,28.4839732,77.3151492,29,9,20.42,0.74,21.16,1.08,9.53,10.61,1,35.61,32.61999999999999,31.77000000000001,0.11617328876260151,0.23684210526315788,0.8982092365692742,0.08222222222222222,3.600321427132145,0.1099061285739428,1.3405159295822366,0.0043125,0.03651875,10.3125,2.4424342105263155,9.262782752120641,bad,16.95
11875,28.4857698,77.2721603,0,0,0.0,0.0,0.0,1.59,6.56,8.15,0,0.0,91.85,8.150000000000006,0.0,0.0,0.8049079754601226,0.0,0.0,0.0,3.403979693568543,0.90516875,0.01286875,2.8125,0.0,2.263803680981595,bad,1.0
12087,28.4875664,77.218936,0,0,0.0,0.0,0.0,0.0,1.61,1.61,0,0.0,98.39,1.6099999999999994,0.0,0.0,0.0,0.0,0.0,0.0,2.783027960572822,0.97359375,0.004525,2.25,0.0,0.0,bad,1.0
12179,28.4893631,76.9200611,0,0,0.0,0.0,0.0,0.0,0.0,0.0,0,0.0,100.0,0.0,0.0,0.0,0.0,0.0,0.0,0.0,11.58979703785618,0.98989375,0.0045125,2.25,0.0,0.0,bad,1.0
12180,28.4893631,76.9221082,0,0,0.0,0.0,0.0,0.0,0.0,0.0,0,0.0,100.0,0.0,0.0,0.0,0.0,0.0,0.0,0.0,11.449176590277455,0.98989375,0.0045125,2.25,0.0,0.0,bad,1.0
12356,28.4893631,77.2823957,3,7,4.55,4.46,9.01,3.49,7.2,10.69,0,0.0,80.30000000000001,19.69999999999999,1.4850166481687015,0.7,0.6735266604303087,0.6371428571428571,0.0,0.9102793589904169,2.668900719768824,0.0210625,0.01565625,3.875,2.7125,2.6099158091674464,bad,34.07
12666,28.4929563,76.9425791,0,0,0.0,0.0,0.0,0.0,0.0,0.0,0,0.0,100.0,0.0,0.0,0.0,0.0,0.0,0.0,0.0,9.833573491089693,0.98989375,0.0045125,2.25,0.0,0.0,bad,1.0
12872,28.4947529,76.8770722,0,0,0.0,0.0,0.0,0.0,0.2,0.2,0,0.0,99.8,0.20000000000000284,0.0,0.0,0.0,0.0,0.0,0.0,14.53856638375024,0.98776875,0.0049875,2.25,0.0,0.0,bad,1.0
13351,28.4983462,76.8832135,0,0,0.0,0.0,0.0,0.0,0.0,0.0,0,0.0,100.0,0.0,0.0,0.0,0.0,0.0,0.0,0.0,13.818112252436812,0.98989375,0.0045125,2.25,0.0,0.0,bad,1.0
13361,28.4983462,76.9036844,2,5,0.24,0.0,0.24,0.29,5.81,6.1,0,0.0,93.66,6.340000000000003,0.0,0.7142857142857143,0.9524590163934427,0.0,0.0,0.0,12.15514027719502,0.23810625,0.01381875,2.5625,1.8303571428571428,2.4406762295081967,bad,6.68
13366,28.4983462,76.9139198,0,0,0.0,0.0,0.0,0.0,0.0,0.0,0,0.0,100.0,0.0,0.0,0.0,0.0,0.0,0.0,0.0,11.364445752221318,0.98989375,0.0045125,2.25,0.0,0.0,bad,1.0
13388,28.4983462,76.9589558,0,0,0.0,0.0,0.0,0.0,2.18,2.18,0,0.0,97.82,2.180000000000007,0.0,0.0,1.0,0.0,0.0,0.0,8.43091282078174,0.96690625,0.0045125,2.25,0.0,2.25,bad,1.0
13704,28.5001428,77.1186287,0,2,0.0,0.0,0.0,0.0,3.07,3.07,0,0.0,96.93,3.069999999999993,0.0,0.0,1.0,0.0,0.0,0.0,1.8853502233834012,0.03628125,0.01078125,2.1875,0.0,2.1875,bad,1.0
13870,28.5019394,76.9712383,0,0,0.0,0.0,0.0,0.0,2.75,2.75,0,0.0,97.25,2.75,0.0,0.0,1.0,0.0,0.0,0.0,7.508271583903629,0.96121875,0.0045125,2.25,0.0,2.25,bad,1.0
13985,28.5019394,77.2066535,28,0,10.25,0.0,10.25,0.0,5.41,5.41,0,0.0,84.34,15.659999999999997,0.0,0.0,1.0,0.0,0.0,0.0,1.4545291152871465,0.0361375,0.01608125,6.8125,0.0,6.8125,bad,4.27
14327,28.5055327,76.9323436,0,0,0.0,0.0,0.0,0.0,0.0,0.0,0,0.0,100.0,0.0,0.0,0.0,0.0,0.0,0.0,0.0,9.479264706821967,0.98989375,0.0045125,2.25,0.0,0.0,bad,1.0
14519,28.5073293,76.8381775,0,0,0.07,0.0,0.07,13.03,0.0,13.03,0,0.0,86.9,13.099999999999994,0.0,0.0,0.0,0.0,0.0,0.0,17.34149660542832,0.846225,0.01464375,3.1875000000000004,0.0,0.0,bad,1.02
14788,28.5091259,76.9016373,0,0,0.0,0.0,0.0,0.0,0.0,0.0,0,0.0,100.0,0.0,0.0,0.0,0.0,0.0,0.0,0.0,11.657280695369009,0.98989375,0.0045125,2.25,0.0,0.0,bad,1.0
15021,28.5109225,76.8914018,5,0,1.98,0.0,1.98,0.49,8.23,8.72,1,0.92,88.38,10.700000000000003,0.0,0.0,0.9438073394495413,0.0,0.6523251860396903,0.0,12.431006297038971,0.87064375,0.02155625,2.875,0.0,2.713446100917431,bad,1.63
15292,28.5127191,76.9589558,0,0,0.0,0.0,0.0,0.0,0.0,0.0,0,0.0,100.0,0.0,0.0,0.0,0.0,0.0,0.0,0.0,7.116442006373087,0.98989375,0.0045125,2.25,0.0,0.0,bad,1.0
15437,28.5127191,77.2557836,0,1,0.0,0.0,0.0,0.0,0.35,0.35,0,0.0,99.65,0.3499999999999943,0.0,0.0,0.0,0.0,0.0,0.0,0.7209130192225132,0.9627625,0.0056875,6.625,0.0,0.0,bad,1.0
15522,28.5145158,76.9425791,0,0,0.0,0.0,0.0,0.07,1.35,1.42,0,0.0,98.58,1.4200000000000017,0.0,0.0,0.0,0.0,0.0,0.0,8.067397544922507,0.97461875,0.0069125,2.3125,0.0,0.0,bad,1.0
15532,28.5145158,76.9630499,2,0,0.54,0.0,0.54,0.91,6.7,7.61,0,0.0,91.85,8.150000000000006,0.0,0.0,0.8804204993429697,0.0,0.0,0.0,6.714864273749121,0.9008375,0.01556875,2.8125,0.0,2.4761826544021024,bad,1.17
15743,28.5163124,76.9077786,0,0,0.0,0.0,0.0,0.0,2.7,2.7,0,0.0,97.3,2.700000000000003,0.0,0.0,1.0,0.0,0.0,0.0,10.738219274104111,0.961675,0.0045125,2.25,0.0,2.25,bad,1.0
15958,28.518109,76.8606955,0,0,0.16,0.0,0.16,8.64,9.84,18.48,1,1.24,80.12,18.64,0.0,0.0,0.5324675324675324,0.0,0.8064758658669485,0.0,14.861843344367854,0.784525,0.03126875,2.875,0.0,1.5308441558441557,bad,1.05
16187,28.5199056,76.8422717,14,0,3.25,0.0,3.25,0.21,6.97,7.18,0,0.0,89.57,10.430000000000007,0.0,0.0,0.9707520891364902,0.0,0.0,0.0,16.508650290552215,0.44611875,0.01611875,3.4375,0.0,3.3369603064066853,bad,2.04
16189,28.5199056,76.8463659,32,1,9.21,0.72,9.93,0.35,8.82,9.17,0,0.0,80.9,19.099999999999994,0.07250755287009063,0.030303030303030304,0.9618320610687023,0.0,0.0,0.06999941409835289,16.126379209262872,0.480925,0.0210125,7.249999999999999,0.21969696969696967,6.973282442748091,bad,5.91
16231,28.5199056,76.9323436,0,0,0.0,0.0,0.0,0.0,1.06,1.06,0,0.0,98.94,1.0600000000000023,0.0,0.0,0.0,0.0,0.0,0.0,8.483520206798765,0.979275,0.0045125,2.25,0.0,0.0,bad,1.0
16325,28.5199056,77.1247699,0,0,0.0,0.0,0.0,0.0,0.0,0.0,0,0.0,100.0,0.0,0.0,0.0,0.0,0.0,0.0,0.0,1.7086272083876988,0.98989375,0.0045125,2.25,0.0,0.0,bad,1.0
16459,28.5217023,76.9118727,0,0,0.0,0.0,0.0,0.0,0.0,0.0,0,0.0,100.0,0.0,0.0,0.0,0.0,0.0,0.0,0.0,10.103514577395961,0.98989375,0.0045125,2.25,0.0,0.0,bad,1.0
16598,28.5217023,77.196418,3,0,0.16,0.0,0.16,9.2,8.28,17.48,0,0.0,82.36,17.64,0.0,0.0,0.47368421052631576,0.0,0.0,0.0,0.9992969355471751,0.00146875,0.0221875,4.125,0.0,1.9539473684210524,bad,1.05
16861,28.5234989,77.2475952,0,0,0.0,0.0,0.0,0.0,0.0,0.0,0,0.0,100.0,0.0,0.0,0.0,0.0,0.0,0.0,0.0,1.6106715608575544,0.0047375,0.00975625,2.5625,0.0,0.0,bad,1.0
16905,28.5252955,76.8504601,0,0,0.13,0.0,0.13,8.48,3.46,11.94,0,0.0,87.93,12.069999999999993,0.0,0.0,0.2897822445561139,0.0,0.0,0.0,15.572576780781391,0.8662125,0.00945625,2.3125,0.0,0.6701214405360134,bad,1.04
16952,28.5252955,76.9466732,1,0,0.04,0.0,0.04,0.0,2.04,2.04,0,0.0,97.92,2.0799999999999983,0.0,0.0,1.0,0.0,0.0,0.0,6.996225939810702,0.96770625,0.0045125,2.375,0.0,2.375,bad,1.01
17185,28.5270921,76.9364378,0,0,0.0,0.0,0.0,0.0,0.0,0.0,0,0.0,100.0,0.0,0.0,0.0,0.0,0.0,0.0,0.0,7.713943724945837,0.98989375,0.0045125,2.25,0.0,0.0,bad,1.0
17379,28.5288887,76.8463659,0,0,0.23,0.0,0.23,0.11,3.01,3.12,0,0.0,96.65,3.3499999999999943,0.0,0.0,0.9647435897435896,0.0,0.0,0.0,15.857465343477907,0.95635625,0.00675,2.4375,0.0,2.3515624999999996,bad,1.07
17441,28.5288887,76.9732854,5,5,0.53,0.0,0.53,0.34,5.17,5.51,0,0.0,93.96,6.040000000000006,0.0,0.5,0.9382940108892922,0.0,0.0,0.0,4.837717009969062,0.40256875,0.013375,2.75,1.375,2.5803085299455537,bad,5.38
17444,28.5288887,76.9794266,0,6,0.0,0.0,0.0,0.35,8.45,8.8,0,0.0,91.2,8.799999999999997,0.0,1.0,0.9602272727272726,0.0,0.0,0.0,4.490547856227473,0.12654375,0.01755625,2.875,2.875,2.7606534090909087,bad,9.81
17655,28.5306854,76.9241553,83,2,32.97,0.41,33.379999999999995,0.98,13.57,14.55,0,0.0,52.07000000000001,47.92999999999999,0.019467783861464173,0.023529411764705882,0.9326460481099657,0.0,0.0,0.019280710593372746,8.587315008570858,0.004925,0.037425,16.875,0.39705882352941174,15.73840206185567,bad,13.16
17810,28.5306854,77.241454,16,1,13.05,1.09,14.14,7.35,5.08,12.43,0,0.0,73.43,26.569999999999993,0.07708628005657708,0.058823529411764705,0.4086886564762671,0.0,0.0,0.07425950643864375,2.503837505251259,0.0020875,0.01995,5.25,0.3088235294117647,2.1456154465004023,bad,7.6
17871,28.532482,76.8791193,0,0,0.0,0.0,0.0,0.0,3.54,3.54,0,0.0,96.46,3.5400000000000063,0.0,0.0,1.0,0.0,0.0,0.0,12.661001949531173,0.95286875,0.0045125,2.375,0.0,2.375,bad,1.0
17903,28.532482,76.9446261,2,0,0.12,0.0,0.12,0.0,4.36,4.36,0,0.0,95.52,4.480000000000004,0.0,0.0,1.0,0.0,0.0,0.0,6.719938615418775,0.9425125,0.0045125,2.4375,0.0,2.4375,bad,1.04
18339,28.5360752,76.8627426,0,0,0.0,0.0,0.0,0.0,0.91,0.91,1,5.41,93.68,0.9099999999999966,0.0,0.0,0.0,0.0,1.8578592709325787,0.0,14.118066510017261,0.9264375,0.006975,2.375,0.0,0.0,bad,1.0
18342,28.5360752,76.8688839,1,0,0.1,0.0,0.1,0.47,5.42,5.89,0,0.0,94.01,5.989999999999995,0.0,0.0,0.9202037351443124,0.0,0.0,0.0,13.532487690117875,0.92718125,0.01389375,2.4375,0.0,2.2429966044142615,bad,1.03
18572,28.5378719,76.8525072,0,0,0.0,0.0,0.0,0.0,0.0,0.0,0,0.0,100.0,0.0,0.0,0.0,0.0,0.0,0.0,0.0,15.058003663452773,0.98989375,0.0045125,2.25,0.0,0.0,bad,1.0
18613,28.5378719,76.9364378,6,2,1.74,0.0,1.74,0.0,3.98,3.98,0,0.0,94.28,5.719999999999999,0.0,0.25,1.0,0.0,0.0,0.0,7.1665014891304475,0.50285,0.0119125,2.5,0.625,2.5,bad,3.47
18814,28.5396685,76.8606955,0,0,0.0,0.0,0.0,0.29,4.16,4.45,0,0.0,95.55,4.450000000000003,0.0,0.0,0.9348314606741573,0.0,0.0,0.0,14.234999923553728,0.94329375,0.01240625,2.25,0.0,2.103370786516854,bad,1.0
19264,28.5414651,77.2946783,35,18,30.44,12.09,42.53,0.0,9.87,9.87,0,0.0,47.6,52.4,1.20755804461634,0.33962264150943394,1.0,0.6716666666666666,0.0,0.7918869474272273,1.1651784425648442,0.01105,0.04019375,10.5,3.5660377358490565,10.5,bad,43.3
19528,28.5450583,76.8606955,2,1,0.18,0.0,0.18,0.0,3.01,3.01,0,0.0,96.81,3.1899999999999977,0.0,0.3333333333333333,1.0,0.0,0.0,0.0,14.137589080220133,0.91845,0.01130625,2.3125,0.7708333333333333,2.3125,bad,3.42
19554,28.5450583,76.9139198,0,1,0.0,0.0,0.0,0.4,4.27,4.67,0,0.0,95.33,4.670000000000002,0.0,0.0,0.9143468950749464,0.0,0.0,0.0,9.021296846864066,0.4810625,0.01269375,2.25,0.0,2.0572805139186294,bad,1.0
20707,28.5540415,76.8381775,0,3,0.1,0.0,0.1,0.37,6.52,6.89,0,0.0,93.01,6.989999999999995,0.0,1.0,0.946298984034833,0.0,0.0,0.0,16.225143151181573,0.360275,0.017275,2.375,2.375,2.2474600870827284,bad,8.31
21253,28.5576347,76.9814737,0,0,0.0,0.0,0.0,0.0,2.61,2.61,0,0.0,97.39,2.6099999999999994,0.0,0.0,1.0,0.0,0.0,0.0,2.279402495352875,0.96264375,0.0085625,2.25,0.0,2.25,bad,1.0
21260,28.5576347,76.9958034,8,3,2.02,0.0,2.02,0.0,4.75,4.75,0,0.0,93.23,6.769999999999996,0.0,0.2727272727272727,1.0,0.0,0.0,0.0,0.9993600341329881,0.12410625,0.0133375,4.0625,1.1079545454545454,4.0625,bad,5.04
21986,28.5630246,77.0203684,7,1,5.0,0.0,5.0,0.0,3.47,3.47,0,0.0,91.53,8.469999999999999,0.0,0.125,1.0,0.0,0.0,0.0,1.5993744380919142,0.7654875,0.0116125,2.8125,0.3515625,2.8125,bad,3.67
22132,28.5630246,77.3192433,3,3,0.21,0.0,0.21,0.0,2.69,2.69,1,0.83,96.27,2.9000000000000057,0.0,0.5,1.0,0.0,0.6043159668533296,0.0,2.7968526314128557,0.00255625,0.01428125,2.375,1.1875,2.375,bad,4.7
22998,28.5702111,77.1431937,26,0,10.07,0.0,10.07,0.53,15.65,16.18,0,0.0,73.75,26.25,0.0,0.0,0.9672435105067986,0.0,0.0,0.0,5.18490626156215,0.00418125,0.04301875,9.0,0.0,8.705191594561187,bad,4.22
23029,28.5702111,77.2066535,27,0,13.67,0.0,13.67,17.41,8.25,25.66,0,0.0,60.67,39.33,0.0,0.0,0.3215120810600156,0.0,0.0,0.0,4.42509760790409,0.03009375,0.03795625,7.375,0.0,2.371151597817615,bad,5.36
23786,28.5756009,77.2946783,4,0,0.21,0.0,0.21,0.0,3.6,3.6,1,25.64,70.55,3.8100000000000023,0.0,0.0,1.0,0.0,3.2824138456721883,0.0,1.4130917984602327,0.69351875,0.01594375,2.25,0.0,2.25,bad,1.07
24456,28.5809908,77.2046064,14,0,8.25,0.0,8.25,0.06,3.42,3.48,0,0.0,88.27,11.730000000000004,0.0,0.0,0.9827586206896551,0.0,0.0,0.0,5.107578106771818,0.0031,0.01353125,4.5,0.0,4.422413793103448,bad,3.63
24729,28.5827874,77.2762545,0,0,0.0,0.0,0.0,0.0,0.0,0.0,0,0.0,100.0,0.0,0.0,0.0,0.0,0.0,0.0,0.0,1.6474516234371335,0.98989375,0.0045125,2.25,0.0,0.0,bad,1.0
25351,28.5881773,77.0879223,83,13,29.82,4.59,34.41,0.08,13.21,13.29,0,0.0,52.3,47.7,0.5078686164558095,0.13541666666666666,0.9939804364183598,0.35307692307692307,0.0,0.41069714142404223,0.3997504569063004,0.026225,0.0314125,14.6875,1.9889322916666665,14.599087659894659,bad,25.56
25411,28.5881773,77.2107476,5,1,2.04,1.09,3.13,0.0,0.0,0.0,1,1.6,95.27,3.1300000000000097,0.34824281150159747,0.16666666666666666,0.0,0.0,0.9555114450274363,0.2988021234958586,5.095103688302291,0.02558125,0.03639375,7.9375,1.3229166666666665,0.0,bad,11.18
25448,28.5881773,77.2864899,12,0,0.83,0.0,0.83,0.0,3.59,3.59,0,0.0,95.58,4.420000000000002,0.0,0.0,1.0,0.0,0.0,0.0,2.2778857413400475,0.93905625,0.01193125,2.5625,0.0,2.5625,bad,1.26
25555,28.5899739,77.0183213,2,4,0.06,0.0,0.06,0.0,4.56,4.56,1,43.14,52.24000000000001,4.61999999999999,0.0,0.6666666666666666,1.0,0.0,3.7873664008285903,0.0,3.3072234051707676,0.002825,0.01859375,2.5,1.6666666666666665,2.5,bad,6.12
26505,28.5971604,77.0142272,2,5,0.06,0.0,0.06,0.0,3.67,3.67,1,42.99,53.28,3.7299999999999898,0.0,0.7142857142857143,1.0,0.0,3.7839623353606284,0.0,3.221507622769734,0.00194375,0.01736875,2.75,1.9642857142857144,2.75,bad,7.04
26626,28.5971604,77.2619249,15,0,0.64,0.0,0.64,0.0,3.5,3.5,0,0.0,95.86,4.140000000000001,0.0,0.0,1.0,0.0,0.0,0.0,3.6678724024014318,0.52544375,0.01253125,4.375,0.0,4.375,bad,1.2
26851,28.598957,77.2353127,0,0,0.0,0.0,0.0,0.0,0.0,0.0,0,0.0,100.0,0.0,0.0,0.0,0.0,0.0,0.0,0.0,4.80316140427074,0.009725,0.019225,8.3125,0.0,0.0,bad,1.0
26862,28.598957,77.2578307,3,2,1.49,0.0,1.49,24.51,13.4,37.91,0,0.0,60.6,39.4,0.0,0.4,0.35346874175679244,0.0,0.0,0.0,3.9958730008076255,0.57426875,0.03730625,3.6249999999999996,1.45,1.2813241888683724,bad,5.92
26870,28.598957,77.2742074,4,0,0.25,0.0,0.25,0.0,2.89,2.89,0,0.0,96.86,3.1400000000000006,0.0,0.0,1.0,0.0,0.0,0.0,3.2948312498285217,0.56056875,0.0105125,3.25,0.0,3.25,bad,1.08
26874,28.598957,77.2823957,10,3,0.69,0.0,0.69,0.0,6.19,6.19,0,0.0,93.12,6.8799999999999955,0.0,0.23076923076923078,1.0,0.0,0.0,0.0,3.158806059400231,0.10071875,0.0173,4.75,1.0961538461538463,4.75,bad,4.58
26895,28.6007536,76.8381775,12,1,4.09,0.0,4.09,0.0,3.91,3.91,0,0.0,92.0,8.0,0.0,0.07692307692307693,1.0,0.0,0.0,0.0,16.72547206431517,0.584475,0.01195,2.6875,0.20673076923076925,2.6875,bad,2.94
27326,28.6025503,77.2332656,4,0,1.36,0.0,1.36,3.89,4.45,8.34,0,0.0,90.3,9.700000000000003,0.0,0.0,0.5335731414868106,0.0,0.0,0.0,4.998370835744513,0.004075,0.02139375,11.875,0.0,6.336181055155875,bad,1.43
27365,28.6025503,77.3131021,18,24,11.1,1.89,12.99,6.42,20.76,27.18,1,16.74,43.09,40.17,0.675664988350595,0.5714285714285714,0.7637969094922737,0.07875,2.8758219768814333,0.5162100944607219,1.7069705025522235,0.0024375,0.0612875,8.5,4.857142857142857,6.492273730684327,bad,29.98
27697,28.6061435,77.0183213,75,15,25.84,7.09,32.93,0.25,13.89,14.14,0,0.0,52.92999999999999,47.07000000000001,0.8612207713331309,0.16666666666666666,0.9823196605374823,0.4726666666666667,0.0,0.6212326011093675,2.1610677819667776,0.00181875,0.037575,13.75,2.2916666666666665,13.506895332390382,bad,31.23
27852,28.6079401,76.848413,0,0,0.0,0.0,0.0,0.0,0.12,0.12,0,0.0,99.88,0.12000000000000455,0.0,0.0,0.0,0.0,0.0,0.0,15.990769555847168,0.98851875,0.0048125,2.25,0.0,0.0,bad,1.0
28524,28.6115334,77.2496423,19,0,1.26,0.0,1.26,2.73,2.81,5.54,1,1.04,92.16,6.799999999999997,0.0,0.0,0.5072202166064982,0.0,0.712949807856125,0.0,3.390583887836862,0.59875625,0.0153375,5.0625,0.0,2.567802346570397,bad,1.4
28898,28.6151266,77.0408393,80,17,24.64,5.77,30.41,0.09,10.63,10.72,0,0.0,58.870000000000005,41.129999999999995,0.7912024747886267,0.17525773195876287,0.9916044776119403,0.3394117647058823,0.0,0.5828871679386949,1.2793425074572375,0.36981875,0.03213125,16.625,2.913659793814433,16.485424440298505,bad,31.3
28900,28.6151266,77.0449335,62,13,44.86,4.16,49.02,0.0,14.25,14.25,0,0.0,36.73,63.27,0.3231047832672304,0.17333333333333334,1.0,0.32,0.0,0.2799810832567537,0.999110110619619,0.124875,0.04339375,19.6875,3.4125,19.6875,bad,31.87
29049,28.6169232,76.8627426,1,0,0.15,0.0,0.15,1.96,2.29,4.25,0,0.0,95.6,4.400000000000006,0.0,0.0,0.5388235294117647,0.0,0.0,0.0,15.01638008378721,0.9414625,0.008075,2.25,0.0,1.2123529411764706,bad,1.05
29169,28.6169232,77.1083932,12,3,24.42,3.73,28.15,1.26,8.97,10.23,0,0.0,61.62,38.38,0.2650088809946714,0.2,0.8768328445747801,1.2433333333333334,0.0,0.23507914270398697,1.9779464217198108,0.30946875,0.02570625,8.375,1.675,7.343475073313783,bad,19.02
29203,28.6169232,77.1779942,0,0,0.0,0.0,0.0,0.0,0.26,0.26,1,1.4,98.34,0.2599999999999909,0.0,0.0,0.0,0.0,0.8754687373538999,0.0,3.3073064397226988,0.0079125,0.015775,3.75,0.0,0.0,bad,1.0
29393,28.6187199,77.079734,33,14,27.98,12.34,40.32,4.37,13.7,18.07,0,0.0,41.61,58.39,1.1957100681996309,0.2978723404255319,0.7581627006087437,0.8814285714285715,0.0,0.7865054876994243,0.6317632699511009,0.00755,0.049175,7.875,2.345744680851064,5.970531267293857,bad,38.68
29755,28.6223131,76.8463659,0,0,0.0,0.0,0.0,0.0,0.0,0.0,0,0.0,100.0,0.0,0.0,0.0,0.0,0.0,0.0,0.0,14.616190714409965,0.98989375,0.0045125,2.25,0.0,0.0,bad,1.0
29770,28.6223131,76.8770722,1,0,0.07,0.0,0.07,0.0,0.0,0.0,0,0.0,99.93,0.06999999999999318,0.0,0.0,0.0,0.0,0.0,0.0,14.036220003230746,0.98894375,0.0045125,2.25,0.0,0.0,bad,1.02
29887,28.6223131,77.1165816,37,12,13.07,9.06,22.130000000000003,6.26,10.99,17.25,0,0.0,60.62,39.38,1.5149563419050291,0.24489795918367346,0.6371014492753624,0.755,0.0,0.9222554443175445,2.949685517160204,0.07523125,0.0413,8.625,2.1122448979591835,5.495000000000001,bad,36.86
30129,28.6241097,77.1247699,51,8,22.08,23.61,45.69,0.26,3.82,4.08,0,0.0,50.23,49.77,1.6380374104629676,0.13559322033898305,0.9362745098039215,2.95125,0.0,0.9700352355679448,2.278061117123869,0.05185,0.0142,9.1875,1.2457627118644068,8.602022058823529,bad,43.55
30485,28.627703,76.8791193,0,1,0.0,0.0,0.0,0.0,0.0,0.0,0,0.0,100.0,0.0,0.0,0.0,0.0,0.0,0.0,0.0,13.797500856786531,0.226125,0.0045125,2.25,0.0,0.0,bad,1.0
30491,28.627703,76.8914018,0,2,0.0,0.0,0.0,0.0,3.69,3.69,1,2.28,94.03,3.6899999999999977,0.0,0.0,1.0,0.0,1.1878434223960523,0.0,13.13601154281154,0.9201,0.01363125,2.625,0.0,2.625,bad,1.0
30578,28.627703,77.0694985,34,20,20.36,24.36,44.72,7.81,14.74,22.55,0,0.0,32.730000000000004,67.27,2.3925950898678576,0.37037037037037035,0.6536585365853659,1.218,0.0,1.2215951417719055,1.2153340435827007,0.00685,0.04188125,10.375,3.8425925925925926,6.781707317073171,bad,62.31
30665,28.627703,77.2475952,4,0,1.62,0.0,1.62,35.75,5.17,40.92,0,0.0,57.46,42.54,0.0,0.0,0.12634408602150538,0.0,0.0,0.0,2.6655721537668438,0.54248125,0.0379375,5.4375,0.0,0.6869959677419355,bad,1.52
30948,28.6312962,76.8525072,1,0,0.04,0.0,0.04,0.0,0.0,0.0,0,0.0,99.96,0.04000000000000625,0.0,0.0,0.0,0.0,0.0,0.0,13.533063804813075,0.9891625,0.0045125,2.25,0.0,0.0,bad,1.01
31150,28.6312962,77.266019,0,0,0.0,0.0,0.0,0.0,7.42,7.42,0,0.0,92.58,7.420000000000002,0.0,0.0,1.0,0.0,0.0,0.0,0.8237568872991058,0.9155625,0.02216875,2.9999999999999996,0.0,2.9999999999999996,bad,1.0
31365,28.6330928,77.218936,5,8,2.4,9.9,12.3,0.54,7.3,7.84,1,1.86,78.0,20.14,2.551403049941373,0.6153846153846154,0.9311224489795918,1.2375,1.0508216248317612,1.267342750741962,1.521450709198924,0.02695625,0.04808125,8.125,5.0,7.565369897959184,bad,57.85
31523,28.6348895,77.0551689,80,12,44.12,3.81,47.93,2.96,10.67,13.63,0,0.0,38.44,61.56,0.29415137338029546,0.13043478260869565,0.7828319882611885,0.3175,0.0,0.25785517021092147,1.0186715745069983,0.00230625,0.030375,18.625,2.4293478260869565,14.580245781364635,bad,28.08
32375,28.642076,76.8504601,1,0,0.16,0.0,0.16,0.0,0.0,0.0,0,0.0,99.84,0.1599999999999966,0.0,0.0,0.0,0.0,0.0,0.0,12.38262596432147,0.9898625,0.00449375,2.125,0.0,0.0,bad,1.05
33050,28.6456692,77.2578307,4,0,0.48,0.0,0.48,0.0,0.22,0.22,0,0.0,99.3,0.7000000000000028,0.0,0.0,0.0,0.0,0.0,0.0,1.7068552298426458,0.9812625,0.0045125,2.4375,0.0,0.0,bad,1.15
34038,28.6546523,76.8443188,0,0,0.0,0.0,0.0,0.0,0.0,0.0,0,0.0,100.0,0.0,0.0,0.0,0.0,0.0,0.0,0.0,11.144101080675593,0.98989375,0.0045125,2.25,0.0,0.0,bad,1.0
34234,28.6546523,77.2455482,3,0,0.19,0.0,0.19,10.54,10.96,21.5,1,14.07,64.24000000000001,21.689999999999998,0.0,0.0,0.5097674418604652,0.0,2.712706012638404,0.0,1.1984923303680988,0.62689375,0.01455,3.6875,0.0,1.8797674418604653,bad,1.06
34237,28.6546523,77.2516894,23,0,1.53,0.0,1.53,0.0,5.0,5.0,1,19.48,73.99,6.530000000000001,0.0,0.0,1.0,0.0,3.019448800171307,0.0,1.3399561661234727,0.72166875,0.02289375,2.5,0.0,2.5,bad,1.49
34576,28.6582456,76.9712383,2,5,0.14,0.0,0.14,9.32,8.92,18.24,1,0.97,80.65,18.379999999999995,0.0,0.7142857142857143,0.48903508771929827,0.0,0.6780335427498971,0.0,7.037648262175198,0.00219375,0.0238375,2.25,1.6071428571428572,1.100328947368421,bad,5.97
34591,28.6582456,77.0019446,0,0,0.09,0.0,0.09,3.94,5.61,9.55,0,0.0,90.36,9.64,0.0,0.0,0.587434554973822,0.0,0.0,0.0,4.810389218692205,0.8918,0.014075,2.25,0.0,1.3217277486910994,bad,1.03
35109,28.6618388,77.0879223,15,12,17.12,4.08,21.200000000000003,6.77,10.79,17.56,0,0.0,61.24,38.76,0.7121600966988516,0.4444444444444444,0.6144646924829157,0.34,0.0,0.5377557877742483,1.560147933978045,0.04236875,0.0227875,6.125,2.722222222222222,3.7635962414578588,bad,26.6
35226,28.6636354,76.8402246,4,0,2.42,0.0,2.42,0.0,5.53,5.53,0,0.0,92.05,7.950000000000003,0.0,0.0,1.0,0.0,0.0,0.0,10.29699689080105,0.90645,0.0119875,2.9375,0.0,2.9375,bad,1.77
35227,28.6636354,76.8422717,2,3,0.03,0.0,0.03,0.0,3.57,3.57,0,0.0,96.4,3.5999999999999943,0.0,0.6,1.0,0.0,0.0,0.0,10.236821690868972,0.8521875,0.0113875,2.3125,1.3875,2.3125,bad,5.26
35347,28.6636354,77.0879223,28,7,33.26,5.79,39.05,0.0,14.1,14.1,0,0.0,46.85,53.15,0.4448143405889885,0.2,1.0,0.8271428571428572,0.0,0.3679808292881553,1.695005106997533,0.12695625,0.0292125,6.875,1.375,6.875,bad,24.24
35704,28.6672287,76.8443188,4,5,0.4,0.0,0.4,4.91,2.94,7.85,1,0.22,91.53,8.25,0.0,0.5555555555555556,0.3745222929936306,0.0,0.1988508587451652,0.0,9.796605230517043,0.0482875,0.014825,2.9999999999999996,1.6666666666666665,1.1235668789808917,bad,6.23
36377,28.6708219,77.2475952,6,1,8.64,0.0,8.64,0.0,7.98,7.98,0,0.0,83.38,16.620000000000005,0.0,0.14285714285714285,1.0,0.0,0.0,0.0,1.1646580036403584,0.02889375,0.02559375,3.1875000000000004,0.4553571428571429,3.1875000000000004,bad,5.15
37025,28.6762118,77.1124874,27,8,30.44,7.65,38.09,3.23,14.37,17.6,1,0.7000000000000001,43.60999999999999,55.690000000000005,0.6366481034663609,0.22857142857142856,0.8164772727272727,0.95625,0.5306282510621705,0.49265031099641776,2.5579445442128415,0.01279375,0.04954375,18.5625,4.242857142857143,15.155859374999999,bad,35.54
38001,28.6833983,77.1616175,16,3,7.75,3.18,10.93,4.27,7.53,11.8,0,0.0,77.27,22.730000000000004,0.5818847209515097,0.15789473684210525,0.638135593220339,1.06,0.0,0.458616997506752,2.5578375879535495,0.01204375,0.03413125,12.125,1.914473684210526,7.73739406779661,bad,18.93
38239,28.6851949,77.1616175,23,2,25.35,0.37,25.72,0.0,10.33,10.33,0,0.0,63.95,36.05,0.022800782475382107,0.08,1.0,0.0,0.0,0.022544729467239826,2.68717873491337,0.0046625,0.03353125,11.624999999999998,0.9299999999999998,11.624999999999998,bad,12.4
38257,28.6851949,77.1984651,32,11,28.82,5.41,34.230000000000004,0.31,18.84,19.15,1,11.46,35.16000000000001,53.37999999999999,0.5665979295618304,0.2558139534883721,0.9838120104438643,0.4918181818181818,2.522523513359307,0.4489063443376105,0.8474084315049782,0.00164375,0.0639125,13.3125,3.4055232558139537,13.096997389033945,bad,30.71
38273,28.6851949,77.2312185,0,0,0.0,0.0,0.0,0.0,0.0,0.0,1,84.6,15.400000000000006,0.0,0.0,0.0,0.0,0.0,4.449685283147696,0.0,2.6265796387558513,0.15496875,0.00516875,2.25,0.0,0.0,bad,1.0
38487,28.6869915,77.1820884,23,4,17.17,1.67,18.840000000000003,2.72,17.24,19.96,0,0.0,61.2,38.8,0.20581846700965467,0.14814814814814814,0.8637274549098195,0.4175,0.0,0.18715856210737247,2.3374600226335054,0.0016,0.04989375,7.75,1.1481481481481481,6.693887775551101,bad,13.57
39175,28.6923814,77.1288641,24,7,32.71,3.83,36.54,0.15,16.28,16.43,0,0.0,47.03,52.97,0.31444991789819376,0.22580645161290322,0.9908703590992088,0.5471428571428572,0.0,0.27341826472687236,2.860152110779528,0.0022125,0.0447,13.9375,3.1471774193548385,13.810255629945223,bad,26.94
39752,28.6977712,76.848413,0,0,0.0,0.0,0.0,0.0,0.6,0.6,0,0.0,99.4,0.5999999999999943,0.0,0.0,0.0,0.0,0.0,0.0,6.454219189093481,0.9835625,0.0045125,2.25,0.0,0.0,bad,1.0
39830,28.6977712,77.0080859,0,3,0.0,0.0,0.0,0.36,4.29,4.65,1,0.98,94.37,4.6499999999999915,0.0,1.0,0.9225806451612902,0.0,0.6830968447064438,0.0,3.2260774254347337,0.0018625,0.01863125,2.375,2.375,2.1911290322580643,bad,8.28
40349,28.7013645,77.0961107,38,22,33.97,12.0,45.97,1.89,11.32,13.21,0,0.0,40.82,59.18,1.1808297470673081,0.36666666666666664,0.8569265707797123,0.5454545454545454,0.0,0.7797054223051552,0.2824426306961601,0.0055125,0.0483,11.5625,4.239583333333333,9.908213474640425,bad,46.07
40899,28.7049577,77.2475952,0,3,0.0,0.0,0.0,13.39,7.68,21.07,0,0.0,78.93,21.069999999999993,0.0,1.0,0.36449928808732796,0.0,0.0,0.0,2.7823689750013556,0.49255625,0.0164625,2.375,2.375,0.8656858092074039,bad,8.28
42044,28.7139408,77.1554763,40,8,33.04,3.27,36.31,0.42,15.47,15.89,0,0.0,47.8,52.2,0.2854765837156805,0.16666666666666666,0.973568281938326,0.40875,0.0,0.25112953185636716,2.596770307173979,0.002075,0.04905625,11.75,1.9583333333333333,11.439427312775331,bad,22.8
42127,28.7157375,76.8381775,0,0,0.0,0.0,0.0,0.0,0.0,0.0,0,0.0,100.0,0.0,0.0,0.0,0.0,0.0,0.0,0.0,5.241894634183114,0.98989375,0.0045125,2.25,0.0,0.0,bad,1.0
42265,28.7157375,77.1206758,25,5,18.44,8.77,27.21,1.8,18.13,19.93,0,0.0,52.86,47.14,0.8331540290821219,0.16666666666666666,0.9096838936276969,1.754,0.0,0.6060379964685143,3.0993634526487175,0.0078125,0.057925,13.25,2.208333333333333,12.053311590566983,bad,28.73
42563,28.7175341,77.2435011,82,11,21.12,1.27,22.39,2.81,16.16,18.97,0,0.0,58.64,41.36,0.2033453495272831,0.11827956989247312,0.8518713758566158,0.11545454545454546,0.0,0.18510546938356748,2.9478127281157716,0.00431875,0.040825,19.25,2.2768817204301075,16.398523985239855,bad,18.12
44205,28.7301104,77.1943709,0,6,0.45,0.0,0.45,13.11,7.55,20.66,1,24.22,54.67,21.11,0.0,1.0,0.36544046466602126,0.0,3.2276373305367736,0.0,2.8579241783726332,0.00219375,0.0197375,2.5,2.5,0.9136011616650531,bad,8.8
44750,28.7355003,76.848413,0,0,0.0,0.0,0.0,12.07,0.0,12.07,0,0.0,87.93,12.069999999999993,0.0,0.0,0.0,0.0,0.0,0.0,2.994730152800221,0.8539875,0.013825,2.75,0.0,0.0,bad,1.0
45317,28.7390936,77.034698,0,5,0.0,0.0,0.0,0.1,3.43,3.53,1,59.95,36.52,3.530000000000001,0.0,1.0,0.9716713881019831,0.0,4.110053855927281,0.0,3.6010590836125473,0.0017125,0.0161875,2.625,2.625,2.5506373937677056,bad,9.04
45778,28.7426868,77.0039917,0,1,0.0,0.0,0.0,0.0,0.0,0.0,0,0.0,100.0,0.0,0.0,0.0,0.0,0.0,0.0,0.0,5.151814568081763,0.38003125,0.00453125,2.25,0.0,0.0,bad,1.0
46252,28.74628,76.9998975,0,1,0.0,0.0,0.0,0.0,0.0,0.0,0,0.0,100.0,0.0,0.0,0.0,0.0,0.0,0.0,0.0,5.273506107222992,0.563725,0.0045,2.1875,0.0,0.0,bad,1.0
46893,28.7516699,76.8504601,0,0,0.0,0.0,0.0,0.0,0.0,0.0,0,0.0,100.0,0.0,0.0,0.0,0.0,0.0,0.0,0.0,2.195180186549988,0.98985,0.0045125,2.25,0.0,0.0,bad,1.0
46911,28.7516699,76.8873077,0,3,0.0,0.0,0.0,0.0,3.2,3.2,0,0.0,96.8,3.200000000000003,0.0,1.0,1.0,0.0,0.0,0.0,1.3969452545335472,0.0037875,0.00453125,2.5,2.5,2.5,bad,8.66
47322,28.7534665,77.241454,3,0,0.29,0.0,0.29,0.0,5.57,5.57,0,0.0,94.14,5.859999999999999,0.0,0.0,1.0,0.0,0.0,0.0,3.81471043012267,0.92825625,0.01525,2.4375,0.0,2.4375,bad,1.09
47387,28.7552632,76.8873077,0,0,0.0,0.0,0.0,0.18,1.91,2.09,0,0.0,97.91,2.0900000000000034,0.0,0.0,0.9138755980861244,0.0,0.0,0.0,1.4529399417910698,0.96834375,0.00724375,2.3125,0.0,2.113337320574163,bad,1.0
47608,28.7570598,76.8525072,0,0,0.0,0.0,0.0,0.0,0.0,0.0,0,0.0,100.0,0.0,0.0,0.0,0.0,0.0,0.0,0.0,2.0836208542441983,0.98989375,0.0045125,2.25,0.0,0.0,bad,1.0
47609,28.7570598,76.8545543,3,0,0.13,0.0,0.13,0.0,2.54,2.54,0,0.0,97.33,2.6700000000000017,0.0,0.0,1.0,0.0,0.0,0.0,1.893366226517651,0.96160625,0.01065625,2.4375,0.0,2.4375,bad,1.04
47612,28.7570598,76.8606955,0,0,0.0,0.0,0.0,0.0,2.17,2.17,1,0.86,96.97,2.1700000000000017,0.0,0.0,1.0,0.0,0.6205764877251099,0.0,1.33896278995679,0.957575,0.01620625,2.25,0.0,2.25,bad,1.0
47791,28.7570598,77.2271244,0,0,0.0,0.0,0.0,0.0,2.7,2.7,0,0.0,97.3,2.700000000000003,0.0,0.0,1.0,0.0,0.0,0.0,5.152223625366395,0.9617125,0.010975,2.25,0.0,2.25,bad,1.0
47799,28.7570598,77.2435011,82,13,23.1,3.98,27.08,2.24,15.54,17.78,0,0.0,55.14,44.86,0.5595743201546997,0.1368421052631579,0.874015748031496,0.30615384615384617,0.0,0.4444129123294852,3.9637486464928817,0.0026875,0.04093125,16.125,2.2065789473684214,14.093503937007872,bad,24.65
48104,28.760653,76.8934489,0,2,0.0,0.0,0.0,0.16,1.47,1.63,0,0.0,98.37,1.6299999999999955,0.0,0.0,0.0,0.0,0.0,0.0,2.2315764348055067,0.7598375,0.007475,2.25,0.0,0.0,bad,1.0
48338,28.7624496,76.8852606,0,0,0.0,0.0,0.0,0.0,0.94,0.94,0,0.0,99.06,0.9399999999999977,0.0,0.0,0.0,0.0,0.0,0.0,1.694205331520702,0.98050625,0.00694375,2.375,0.0,0.0,bad,1.0
48339,28.7624496,76.8873077,0,0,0.0,0.0,0.0,0.0,0.0,0.0,0,0.0,100.0,0.0,0.0,0.0,0.0,0.0,0.0,0.0,1.8406551800917799,0.98989375,0.0045125,2.25,0.0,0.0,bad,1.0
48401,28.7624496,77.0142272,0,0,0.0,0.0,0.0,0.0,0.0,0.0,0,0.0,100.0,0.0,0.0,0.0,0.0,0.0,0.0,0.0,3.291047750145026,0.98989375,0.0045125,2.25,0.0,0.0,bad,1.0
48831,28.7660429,76.9200611,0,0,0.0,0.0,0.0,2.86,3.92,6.78,0,0.0,93.22,6.780000000000001,0.0,0.0,0.5781710914454277,0.0,0.0,0.0,4.859932002030354,0.92026875,0.01194375,2.3125,0.0,1.3370206489675516,bad,1.0
49033,28.7678395,76.8463659,0,0,0.0,0.0,0.0,0.0,3.16,3.16,0,0.0,96.84,3.1599999999999966,0.0,0.0,1.0,0.0,0.0,0.0,3.1562812964065907,0.9557375,0.00451875,2.5625,0.0,2.5625,bad,1.0
49361,28.7696361,77.0306039,0,0,0.0,0.0,0.0,0.0,0.05,0.05,0,0.0,99.95,0.04999999999999716,0.0,0.0,0.0,0.0,0.0,0.0,1.5962243701659329,0.98940625,0.0045125,2.25,0.0,0.0,bad,1.0
49529,28.7714328,76.8873077,0,0,0.0,0.0,0.0,0.0,3.06,3.06,0,0.0,96.94,3.0600000000000023,0.0,0.0,1.0,0.0,0.0,0.0,2.6038900301932872,0.9592625,0.0045125,2.25,0.0,2.25,bad,1.0
49531,28.7714328,76.8914018,0,0,0.0,0.0,0.0,0.0,2.36,2.36,0,0.0,97.64,2.3599999999999994,0.0,0.0,1.0,0.0,0.0,0.0,2.838025249759317,0.96541875,0.00895,2.25,0.0,2.25,bad,1.0
49597,28.7714328,77.0265097,0,0,0.0,0.0,0.0,0.0,3.69,3.69,0,0.0,96.31,3.6899999999999977,0.0,0.0,1.0,0.0,0.0,0.0,2.0052428566131675,0.952475,0.00454375,2.4375,0.0,2.4375,bad,1.0
49827,28.7732294,77.010133,0,1,0.0,0.0,0.0,0.0,0.0,0.0,0,0.0,100.0,0.0,0.0,0.0,0.0,0.0,0.0,0.0,3.61360288076107,0.2766625,0.0045,2.1875,0.0,0.0,bad,1.0
49997,28.775026,76.870931,0,0,0.0,0.0,0.0,12.04,1.7,13.74,0,0.0,86.26,13.739999999999995,0.0,0.0,0.12372634643377001,0.0,0.0,0.0,2.6047334715669024,0.83771875,0.0180125,2.5,0.0,0.309315866084425,bad,1.0
50238,28.7768226,76.8770722,0,0,0.0,0.0,0.0,0.0,0.0,0.0,0,0.0,100.0,0.0,0.0,0.0,0.0,0.0,0.0,0.0,2.825181197121359,0.98989375,0.0045125,2.25,0.0,0.0,bad,1.0
50587,28.7786192,77.104299,3,2,0.14,0.0,0.14,0.23,1.62,1.85,0,0.0,98.01,1.9899999999999949,0.0,0.4,0.0,0.0,0.0,0.0,2.9675902544434365,0.0138125,0.0075,2.75,1.1,0.0,bad,4.41
50588,28.7786192,77.1063461,0,3,0.0,0.0,0.0,0.0,4.87,4.87,0,0.0,95.13,4.8700000000000045,0.0,1.0,1.0,0.0,0.0,0.0,2.823266422080224,0.2665875,0.01088125,2.6875,2.6875,2.6875,bad,9.23
50695,28.7804159,76.8381775,1,0,0.13,0.0,0.13,0.36,6.24,6.6,0,0.0,93.27,6.730000000000004,0.0,0.0,0.9454545454545455,0.0,0.0,0.0,4.660830332544648,0.9204125,0.0161125,2.5,0.0,2.3636363636363638,bad,1.04
50711,28.7804159,76.870931,2,0,0.23,0.0,0.23,2.59,4.69,7.28,0,0.0,92.49,7.510000000000005,0.0,0.0,0.6442307692307693,0.0,0.0,0.0,3.2026307284703557,0.91136875,0.0045125,2.375,0.0,1.530048076923077,bad,1.07
51058,28.7822125,77.0940636,6,0,1.59,0.0,1.59,0.16,2.49,2.65,0,0.0,95.76,4.239999999999995,0.0,0.0,0.9396226415094341,0.0,0.0,0.0,3.5696114339670095,0.53039375,0.0103625,3.125,0.0,2.9363207547169816,bad,1.51
51564,28.7858057,77.1554763,1,2,0.09,0.0,0.09,0.0,3.21,3.21,0,0.0,96.7,3.299999999999997,0.0,0.6666666666666666,1.0,0.0,0.0,0.0,3.0230784783456963,0.7919,0.0113,2.4375,1.625,2.4375,bad,6.01
51816,28.7876024,77.1841355,0,0,0.36,0.0,0.36,0.0,4.8,4.8,0,0.0,94.84,5.159999999999997,0.0,0.0,1.0,0.0,0.0,0.0,4.517528017206873,0.93959375,0.0096625,2.5625,0.0,2.5625,bad,1.11
51834,28.7876024,77.2209831,3,0,0.2,0.0,0.2,0.0,0.02,0.02,0,0.0,99.78,0.21999999999999886,0.0,0.0,0.0,0.0,0.0,0.0,7.327782823908965,0.98875,0.00449375,2.4375,0.0,0.0,bad,1.06
51906,28.789399,76.8811664,0,0,0.0,0.0,0.0,0.0,1.18,1.18,0,0.0,98.82,1.1800000000000068,0.0,0.0,0.0,0.0,0.0,0.0,4.2705259537833,0.97785,0.0045125,2.25,0.0,0.0,bad,1.0
51922,28.789399,76.9139198,0,0,0.0,0.0,0.0,0.0,0.0,0.0,0,0.0,100.0,0.0,0.0,0.0,0.0,0.0,0.0,0.0,5.790056309928363,0.98989375,0.0045125,2.25,0.0,0.0,bad,1.0
52155,28.7911956,76.9036844,0,0,0.0,0.0,0.0,0.0,0.0,0.0,0,0.0,100.0,0.0,0.0,0.0,0.0,0.0,0.0,0.0,5.31731557630337,0.98989375,0.0045125,2.25,0.0,0.0,bad,1.0
52300,28.7911956,77.2005122,0,0,0.0,0.0,0.0,0.0,3.04,3.04,0,0.0,96.96,3.0400000000000063,0.0,0.0,1.0,0.0,0.0,0.0,5.93560549560931,0.95764375,0.0045125,2.3125,0.0,2.3125,bad,1.0
52303,28.7911956,77.2066535,0,0,0.0,0.0,0.0,0.0,0.0,0.0,0,0.0,100.0,0.0,0.0,0.0,0.0,0.0,0.0,0.0,6.390968022114418,0.98989375,0.0045125,2.25,0.0,0.0,bad,1.0
52380,28.7929922,76.8770722,0,0,0.0,0.0,0.0,0.0,0.0,0.0,0,0.0,100.0,0.0,0.0,0.0,0.0,0.0,0.0,0.0,4.612125678900722,0.98989375,0.0045125,2.25,0.0,0.0,bad,1.0
52403,28.7929922,76.9241553,0,1,0.0,0.0,0.0,0.0,2.19,2.19,0,0.0,97.81,2.1899999999999977,0.0,0.0,1.0,0.0,0.0,0.0,6.78184608662191,0.50271875,0.0086625,2.3125,0.0,2.3125,bad,1.0
52446,28.7929922,77.0121801,0,0,0.0,0.0,0.0,0.34,5.57,5.91,0,0.0,94.09,5.909999999999997,0.0,0.0,0.9424703891708968,0.0,0.0,0.0,4.271739988629862,0.92916875,0.01078125,2.375,0.0,2.2383671742808797,bad,1.0
52529,28.7929922,77.1820884,0,0,0.31,0.0,0.31,0.0,2.4,2.4,0,0.0,97.29,2.7099999999999937,0.0,0.0,1.0,0.0,0.0,0.0,4.83363591593571,0.96324375,0.00591875,2.5625,0.0,2.5625,bad,1.1
52557,28.7929922,77.2394069,0,0,0.0,0.0,0.0,0.41,4.6,5.01,0,0.0,94.99,5.010000000000005,0.0,0.0,0.9181636726546906,0.0,0.0,0.0,7.605848728374107,0.93698125,0.013175,2.3125,0.0,2.123253493013972,bad,1.0
52776,28.7947889,77.2005122,0,0,0.0,0.0,0.0,0.0,3.7,3.7,0,0.0,96.3,3.700000000000003,0.0,0.0,1.0,0.0,0.0,0.0,6.21154188953841,0.95116875,0.0045125,2.4375,0.0,2.4375,bad,1.0
52777,28.7947889,77.2025593,0,0,0.0,0.0,0.0,0.0,0.0,0.0,1,41.71,58.29,0.0,0.0,0.0,0.0,0.0,3.754433084853375,0.0,6.35410044399864,0.5782625,0.0051625,2.1875,0.0,0.0,bad,1.0
53212,28.7983821,77.1186287,6,0,1.57,0.0,1.57,0.07,4.18,4.25,1,1.08,93.1,5.820000000000007,0.0,0.0,0.9835294117647058,0.0,0.7323678937132266,0.0,0.822523178042777,0.6265,0.020725,2.9999999999999996,0.0,2.950588235294117,bad,1.5
53213,28.7983821,77.1206758,5,2,1.4,0.0,1.4,0.0,5.59,5.59,0,0.0,93.01,6.989999999999995,0.0,0.2857142857142857,1.0,0.0,0.0,0.0,0.6308831594048049,0.6615875,0.01545,3.375,0.9642857142857142,3.375,bad,4.4
53244,28.7983821,77.1841355,9,0,3.31,0.0,3.31,0.0,4.39,4.39,0,0.0,92.3,7.700000000000003,0.0,0.0,1.0,0.0,0.0,0.0,5.43198877250058,0.7897,0.01375625,2.9999999999999996,0.0,2.9999999999999996,bad,2.06
53477,28.8001787,77.1739001,14,0,3.35,0.0,3.35,0.43,10.09,10.52,0,0.0,86.13,13.870000000000005,0.0,0.0,0.9591254752851711,0.0,0.0,0.0,4.605253559875409,0.5575,0.022925,5.375,0.0,5.155299429657795,bad,2.07
53557,28.8019753,76.8504601,0,0,0.0,0.0,0.0,0.07,1.72,1.79,0,0.0,98.21,1.7900000000000063,0.0,0.0,0.0,0.0,0.0,0.0,6.008829509248012,0.9717875,0.0058375,2.375,0.0,0.0,bad,1.0
53822,28.803772,76.9057315,1,0,0.07,0.0,0.07,0.0,0.0,0.0,0,0.0,99.93,0.06999999999999318,0.0,0.0,0.0,0.0,0.0,0.0,6.614735623742354,0.98901875,0.0045125,2.25,0.0,0.0,bad,1.02
54054,28.8055686,76.8934489,0,0,0.0,0.0,0.0,0.0,3.2,3.2,1,0.97,95.83,3.200000000000003,0.0,0.0,1.0,0.0,0.6780335427498971,0.0,6.316617535732647,0.94589375,0.01438125,2.25,0.0,2.25,bad,1.0
54194,28.8055686,77.1800413,7,0,0.71,0.0,0.71,0.0,7.81,7.81,0,0.0,91.48,8.519999999999996,0.0,0.0,1.0,0.0,0.0,0.0,5.281485353608831,0.86438125,0.0205625,3.8125000000000004,0.0,3.8125000000000004,bad,1.23
54287,28.8073652,76.8832135,0,0,0.0,0.0,0.0,0.0,2.88,2.88,0,0.0,97.12,2.8799999999999955,0.0,0.0,1.0,0.0,0.0,0.0,6.272861350975973,0.9592875,0.0045125,2.25,0.0,2.25,bad,1.0
54353,28.8073652,77.0183213,1,0,0.07,0.0,0.07,7.04,3.8,10.84,0,0.0,89.09,10.909999999999997,0.0,0.0,0.3505535055350553,0.0,0.0,0.0,5.039908035103154,0.87500625,0.009775,2.3125,0.0,0.8106549815498154,bad,1.02
54457,28.8073652,77.2312185,2,0,0.09,0.0,0.09,0.0,3.16,3.16,0,0.0,96.75,3.25,0.0,0.0,1.0,0.0,0.0,0.0,9.383708649794583,0.95834375,0.012475,2.3125,0.0,2.3125,bad,1.03
54464,28.8073652,77.2455482,2,0,0.27,0.0,0.27,0.0,4.58,4.58,0,0.0,95.15,4.849999999999994,0.0,0.0,1.0,0.0,0.0,0.0,8.917785252133609,0.940925,0.0156625,2.875,0.0,2.875,bad,1.09
54542,28.8091618,76.918014,2,2,0.13,0.0,0.13,0.0,4.19,4.19,0,0.0,95.68,4.319999999999993,0.0,0.5,1.0,0.0,0.0,0.0,7.75453454555313,0.1995875,0.01243125,2.5625,1.28125,2.5625,bad,4.97
54722,28.8091618,77.2864899,0,1,0.0,0.0,0.0,0.0,0.0,0.0,0,0.0,100.0,0.0,0.0,0.0,0.0,0.0,0.0,0.0,7.562049884522988,0.0523125,0.00453125,2.25,0.0,0.0,bad,1.0
54750,28.8109585,76.8566013,0,0,0.0,0.0,0.0,0.0,0.24,0.24,0,0.0,99.76,0.23999999999999488,0.0,0.0,0.0,0.0,0.0,0.0,6.783039473744668,0.941175,0.00965625,2.9375,0.0,0.0,bad,1.0
54766,28.8109585,76.8893548,0,0,0.0,0.0,0.0,0.0,0.0,0.0,0,0.0,100.0,0.0,0.0,0.0,0.0,0.0,0.0,0.0,6.7830417669398555,0.98989375,0.0045125,2.25,0.0,0.0,bad,1.0
54962,28.8109585,77.2905841,2,2,0.34,0.0,0.34,0.0,1.5,1.5,0,0.0,98.16,1.8400000000000034,0.0,0.5,0.0,0.0,0.0,0.0,7.685269973159433,0.67973125,0.0076125,2.3125,1.15625,0.0,bad,4.65
55076,28.8127551,77.0367451,0,0,0.0,0.0,0.0,1.84,14.76,16.6,1,3.53,79.87,16.599999999999994,0.0,0.0,0.889156626506024,0.0,1.5107219394949427,0.0,4.897265619182289,0.788775,0.0322625,2.3125,0.0,2.0561746987951803,bad,1.0
55204,28.8127551,77.2987725,0,2,0.0,0.0,0.0,0.0,1.39,1.39,0,0.0,98.61,1.3900000000000006,0.0,0.0,0.0,0.0,0.0,0.0,7.8014503670206174,0.7733,0.00755,2.3125,0.0,0.0,bad,1.0
55380,28.8145517,77.171853,5,0,4.42,0.0,4.42,0.0,7.24,7.24,0,0.0,88.34,11.659999999999997,0.0,0.0,1.0,0.0,0.0,0.0,4.82146576380434,0.86934375,0.0186875,2.75,0.0,2.75,bad,2.41
55479,28.8163483,76.8873077,0,0,0.0,0.0,0.0,0.0,3.74,3.74,0,0.0,96.26,3.739999999999995,0.0,0.0,1.0,0.0,0.0,0.0,7.326241547538377,0.95248125,0.0137875,2.375,0.0,2.375,bad,1.0
55482,28.8163483,76.8934489,1,0,0.05,0.0,0.05,0.0,3.43,3.43,0,0.0,96.52,3.480000000000004,0.0,0.0,1.0,0.0,0.0,0.0,7.463486102455015,0.95346875,0.0045125,2.375,0.0,2.375,bad,1.02
55529,28.8163483,76.9896621,1,0,0.02,0.0,0.02,0.0,0.0,0.0,0,0.0,99.98,0.01999999999999602,0.0,0.0,0.0,0.0,0.0,0.0,7.627420238974647,0.98936875,0.0045125,2.3125,0.0,0.0,bad,1.01
55560,28.8163483,77.0531218,7,0,2.79,0.0,2.79,0.0,2.91,2.91,0,0.0,94.3,5.700000000000003,0.0,0.0,1.0,0.0,0.0,0.0,4.243933798568377,0.9250125,0.009475,3.1875000000000004,0.0,3.1875000000000004,bad,1.89
55706,28.8181449,76.8647897,0,0,0.0,0.0,0.0,0.15,1.86,2.01,0,0.0,97.99,2.010000000000005,0.0,0.0,0.9253731343283583,0.0,0.0,0.0,7.434632642935804,0.96883125,0.0081,2.25,0.0,2.082089552238806,bad,1.0
55714,28.8181449,76.8811664,0,0,0.0,0.0,0.0,0.0,0.22,0.22,0,0.0,99.78,0.21999999999999886,0.0,0.0,0.0,0.0,0.0,0.0,7.434633688966984,0.98755,0.0045125,2.25,0.0,0.0,bad,1.0
55722,28.8181449,76.8975431,16,0,2.85,0.0,2.85,0.0,2.94,2.94,0,0.0,94.21,5.790000000000006,0.0,0.0,1.0,0.0,0.0,0.0,7.769695313432285,0.51591875,0.01095,4.5625,0.0,4.5625,bad,1.91
55728,28.8181449,76.9098256,1,0,0.03,0.0,0.03,0.0,0.0,0.0,0,0.0,99.97,0.030000000000001137,0.0,0.0,0.0,0.0,0.0,0.0,8.217792858679006,0.9893375,0.0045125,2.25,0.0,0.0,bad,1.01
55868,28.8181449,77.196418,1,0,0.09,0.0,0.09,0.0,0.69,0.69,0,0.0,99.22,0.7800000000000011,0.0,0.0,0.0,0.0,0.0,0.0,7.192759646883421,0.98076875,0.00598125,2.375,0.0,0.0,bad,1.03
55967,28.8199416,76.9118727,0,0,0.0,0.0,0.0,0.0,0.0,0.0,0,0.0,100.0,0.0,0.0,0.0,0.0,0.0,0.0,0.0,8.485155634476918,0.98989375,0.0045125,2.25,0.0,0.0,bad,1.0
56122,28.8199416,77.2291714,0,0,0.0,0.0,0.0,2.06,6.46,8.52,0,0.0,91.48,8.519999999999996,0.0,0.0,0.7582159624413146,0.0,0.0,0.0,10.163726896815744,0.9019875,0.01788125,2.3125,0.0,1.75337441314554,bad,1.0
56126,28.8199416,77.2373598,0,0,0.0,0.0,0.0,0.0,5.37,5.37,0,0.0,94.63,5.3700000000000045,0.0,0.0,1.0,0.0,0.0,0.0,10.48648043706177,0.933775,0.0045125,2.5,0.0,2.5,bad,1.0
56377,28.8217382,77.2639719,2,1,0.19,0.0,0.19,0.04,7.83,7.87,0,0.0,91.94,8.060000000000002,0.0,0.3333333333333333,0.9949174078780177,0.0,0.0,0.0,9.572596511709708,0.08141875,0.0174,2.9999999999999996,0.9999999999999998,2.984752223634053,bad,4.12
56506,28.8235348,77.0408393,0,0,0.0,0.0,0.0,0.0,1.7,1.7,0,0.0,98.3,1.7000000000000028,0.0,0.0,0.0,0.0,0.0,0.0,4.653164636996912,0.972125,0.0045125,2.25,0.0,0.0,bad,1.0
56548,28.8235348,77.126817,0,0,0.0,0.0,0.0,0.0,0.0,0.0,0,0.0,100.0,0.0,0.0,0.0,0.0,0.0,0.0,0.0,2.996625436622363,0.98989375,0.0045125,2.25,0.0,0.0,bad,1.0
56661,28.8253314,76.870931,0,0,0.0,0.0,0.0,2.71,4.37,7.08,0,0.0,92.92,7.079999999999998,0.0,0.0,0.6172316384180792,0.0,0.0,0.0,8.193213899703501,0.916375,0.01085,2.375,0.0,1.465925141242938,bad,1.0
56672,28.8253314,76.8934489,1,0,0.02,0.0,0.02,0.0,0.0,0.0,0,0.0,99.98,0.01999999999999602,0.0,0.0,0.0,0.0,0.0,0.0,8.430223808288014,0.98949375,0.0045125,2.25,0.0,0.0,bad,1.01
56789,28.8253314,77.1329583,54,1,32.47,0.29,32.76,6.97,14.63,21.6,0,0.0,45.64,54.36,0.008852258852258852,0.01818181818181818,0.6773148148148148,0.0,0.0,0.008813307312826618,3.251920225051518,0.01606875,0.04181875,10.75,0.19545454545454544,7.281134259259259,bad,12.19
56976,28.8271281,77.0285568,1,0,0.06,0.0,0.06,0.0,0.0,0.0,0,0.0,99.94,0.060000000000002274,0.0,0.0,0.0,0.0,0.0,0.0,5.5560103915725865,0.98916875,0.0045125,2.25,0.0,0.0,bad,1.02
57056,28.8271281,77.1923239,1,0,0.04,0.0,0.04,0.0,0.0,0.0,0,0.0,99.96,0.04000000000000625,0.0,0.0,0.0,0.0,0.0,0.0,7.229667117568046,0.98929375,0.0045125,2.25,0.0,0.0,bad,1.01
57097,28.8271281,77.2762545,2,2,0.14,0.0,0.14,0.0,2.92,2.92,0,0.0,96.94,3.0600000000000023,0.0,0.5,1.0,0.0,0.0,0.0,9.741037126732113,0.7593625,0.00950625,2.1875,1.09375,2.1875,bad,4.4
57147,28.8289247,76.8914018,0,0,0.0,0.0,0.0,0.0,4.51,4.51,1,0.95,94.54,4.509999999999991,0.0,0.0,1.0,0.0,0.6678293725756554,0.0,8.775957240683349,0.93278125,0.02285625,2.3125,0.0,2.3125,bad,1.0
57162,28.8289247,76.9221082,0,1,0.0,0.0,0.0,0.0,0.0,0.0,0,0.0,100.0,0.0,0.0,0.0,0.0,0.0,0.0,0.0,9.83444794583507,0.0836625,0.00453125,2.25,0.0,0.0,bad,1.0
57230,28.8289247,77.0613102,0,1,0.0,0.0,0.0,0.0,0.0,0.0,0,0.0,100.0,0.0,0.0,0.0,0.0,0.0,0.0,0.0,2.684908233452099,0.445825,0.00455,2.1875,0.0,0.0,bad,1.0
57291,28.8289247,77.1861826,1,0,5.08,0.0,5.08,0.0,0.0,0.0,0,0.0,94.92,5.079999999999998,0.0,0.0,0.0,0.0,0.0,0.0,6.810631356794632,0.9371875,0.004525,2.3125,0.0,0.0,bad,2.62
57351,28.8289247,77.3090079,0,0,0.0,0.0,0.0,0.0,0.0,0.0,0,0.0,100.0,0.0,0.0,0.0,0.0,0.0,0.0,0.0,9.60787583957059,0.98989375,0.0045125,2.25,0.0,0.0,bad,1.0
57374,28.8307213,76.8688839,0,0,0.0,0.0,0.0,0.0,5.42,5.42,0,0.0,94.58,5.420000000000002,0.0,0.0,1.0,0.0,0.0,0.0,8.799164117880865,0.93311875,0.0045125,2.25,0.0,2.25,bad,1.0
57584,28.8307213,77.2987725,2,0,0.07,0.0,0.07,0.0,4.5,4.5,0,0.0,95.43,4.569999999999993,0.0,0.0,1.0,0.0,0.0,0.0,9.797117355697122,0.94325,0.0153875,2.8125,0.0,2.8125,bad,1.02
57851,28.8343145,76.870931,0,0,0.0,0.0,0.0,0.0,4.31,4.31,0,0.0,95.69,4.310000000000002,0.0,0.0,1.0,0.0,0.0,0.0,9.191824923663832,0.94476875,0.0045125,2.375,0.0,2.375,bad,1.0
58219,28.8361112,77.1370525,0,0,0.0,0.0,0.0,0.0,0.0,0.0,1,5.319999999999999,94.68,0.0,0.0,0.0,0.0,0.0,1.8437192081587659,0.0,4.506765508679382,0.93734375,0.00848125,2.25,0.0,0.0,bad,1.0
58252,28.8361112,77.2046064,9,0,5.79,0.0,5.79,0.17,5.36,5.53,0,0.0,88.68,11.319999999999993,0.0,0.0,0.969258589511754,0.0,0.0,0.0,8.760870948597585,0.85746875,0.01280625,2.6875,0.0,2.604882459312839,bad,2.85
58395,28.8379078,77.010133,1,0,0.02,0.0,0.02,0.0,0.0,0.0,0,0.0,99.98,0.01999999999999602,0.0,0.0,0.0,0.0,0.0,0.0,7.024272448748681,0.98951875,0.0045125,2.25,0.0,0.0,bad,1.01
58463,28.8379078,77.149335,3,0,1.59,0.0,1.59,0.56,7.25,7.81,0,0.0,90.6,9.400000000000006,0.0,0.0,0.9282970550576185,0.0,0.0,0.0,5.0916859494694915,0.89208125,0.0045375,2.6875,0.0,2.4947983354673497,bad,1.51
58487,28.8379078,77.1984651,2,0,0.09,0.0,0.09,0.0,0.0,0.0,0,0.0,99.91,0.09000000000000341,0.0,0.0,0.0,0.0,0.0,0.0,8.356853448290407,0.9886125,0.0045125,2.25,0.0,0.0,bad,1.03
58494,28.8379078,77.2127947,2,0,0.07,0.0,0.07,0.0,0.0,0.0,0,0.0,99.93,0.06999999999999318,0.0,0.0,0.0,0.0,0.0,0.0,9.553834921576463,0.98890625,0.0045125,2.3125,0.0,0.0,bad,1.02
58512,28.8379078,77.2496423,0,0,0.0,0.0,0.0,0.0,3.02,3.02,0,0.0,96.98,3.019999999999996,0.0,0.0,1.0,0.0,0.0,0.0,11.79023249498466,0.95728125,0.01055625,2.5,0.0,2.5,bad,1.0
58582,28.8397044,76.9057315,0,0,0.0,0.0,0.0,0.0,2.71,2.71,0,0.0,97.29,2.7099999999999937,0.0,0.0,1.0,0.0,0.0,0.0,10.29616520196879,0.96159375,0.0045125,2.25,0.0,2.25,bad,1.0
58643,28.8397044,77.0306039,13,0,6.47,0.0,6.47,0.22,6.63,6.85,0,0.0,86.68,13.319999999999993,0.0,0.0,0.9678832116788322,0.0,0.0,0.0,5.020620511424308,0.685525,0.01579375,4.375,0.0,4.234489051094891,bad,3.07
58871,28.841501,77.010133,4,0,0.35,0.0,0.35,0.0,4.52,4.52,0,0.0,95.13,4.8700000000000045,0.0,0.0,1.0,0.0,0.0,0.0,6.989978723419882,0.93828125,0.006375,2.375,0.0,2.375,bad,1.11
58899,28.841501,77.0674515,3,0,0.15,0.0,0.15,0.0,0.21,0.21,0,0.0,99.64,0.35999999999999943,0.0,0.0,0.0,0.0,0.0,0.0,1.4517735630492157,0.98570625,0.00450625,2.375,0.0,0.0,bad,1.05
58949,28.841501,77.1698059,9,0,1.1,0.0,1.1,0.0,2.3,2.3,0,0.0,96.6,3.4000000000000057,0.0,0.0,1.0,0.0,0.0,0.0,6.517978927639147,0.8488125,0.00906875,2.6875,0.0,2.6875,bad,1.35
59099,28.8432977,76.9896621,7,0,0.93,0.0,0.93,0.27,4.45,4.72,1,0.73,93.62,5.6499999999999915,0.0,0.0,0.9427966101694916,0.0,0.5481214085096876,0.0,8.974568700509856,0.9236125,0.00721875,2.5625,0.0,2.4159163135593222,bad,1.3
59355,28.8450943,77.0265097,0,0,0.0,0.0,0.0,0.0,0.0,0.0,0,0.0,100.0,0.0,0.0,0.0,0.0,0.0,0.0,0.0,5.383360580085042,0.98989375,0.0045125,2.25,0.0,0.0,bad,1.0
59371,28.8450943,77.0592631,1,0,0.1,0.0,0.1,0.0,2.65,2.65,0,0.0,97.25,2.75,0.0,0.0,1.0,0.0,0.0,0.0,2.1932231579949653,0.96094375,0.0045125,2.3125,0.0,2.3125,bad,1.03
59429,28.8450943,77.1779942,3,0,0.32,0.0,0.32,0.36,7.11,7.47,0,0.0,92.21,7.790000000000006,0.0,0.0,0.9518072289156627,0.0,0.0,0.0,7.345218486825643,0.9086625,0.01424375,2.9999999999999996,0.0,2.855421686746988,bad,1.1
59442,28.8450943,77.2046064,2,0,0.5,0.0,0.5,0.0,0.07,0.07,0,0.0,99.43,0.5699999999999932,0.0,0.0,0.0,0.0,0.0,0.0,9.301928937010278,0.98393125,0.004525,2.25,0.0,0.0,bad,1.16
59462,28.8450943,77.2455482,0,0,0.0,0.0,0.0,0.0,0.0,0.0,0,0.0,100.0,0.0,0.0,0.0,0.0,0.0,0.0,0.0,12.683287561743612,0.98941875,0.0045125,2.3125,0.0,0.0,bad,1.0
59485,28.8450943,77.2926312,1,0,0.06,0.0,0.06,0.0,0.84,0.84,0,0.0,99.1,0.9000000000000057,0.0,0.0,0.0,0.0,0.0,0.0,11.4307923126337,0.98084375,0.0060875,2.625,0.0,0.0,bad,1.02
59526,28.8468909,76.8893548,6,0,0.97,0.0,0.97,0.0,2.26,2.26,0,0.0,96.77,3.230000000000004,0.0,0.0,1.0,0.0,0.0,0.0,10.707670551404584,0.5588625,0.00865625,2.6875,0.0,2.6875,bad,1.31
59611,28.8468909,77.0633573,0,0,0.0,0.0,0.0,0.51,6.21,6.72,0,0.0,93.28,6.719999999999999,0.0,0.0,0.9241071428571429,0.0,0.0,0.0,1.8055240434311424,0.91965,0.0162375,3.0625,0.0,2.830078125,bad,1.0
59699,28.8468909,77.2435011,0,0,0.0,0.0,0.0,0.0,5.09,5.09,0,0.0,94.91,5.090000000000003,0.0,0.0,1.0,0.0,0.0,0.0,12.6691710470332,0.93620625,0.0045375,2.625,0.0,2.625,bad,1.0
60017,28.8504841,76.9200611,37,0,13.8,0.0,13.8,0.33,12.32,12.65,0,0.0,73.55,26.450000000000003,0.0,0.0,0.9739130434782609,0.0,0.0,0.0,11.906964680251093,0.13436875,0.02993125,8.0625,0.0,7.852173913043479,bad,5.41
60029,28.8504841,76.9446261,0,2,0.0,0.0,0.0,0.0,2.71,2.71,0,0.0,97.29,2.7099999999999937,0.0,0.0,1.0,0.0,0.0,0.0,13.017980893780912,0.9345,0.00975625,2.3125,0.0,2.3125,bad,1.0
60055,28.8504841,76.9978504,1,0,0.18,0.0,0.18,0.0,1.07,1.07,0,0.0,98.75,1.25,0.0,0.0,0.0,0.0,0.0,0.0,8.196466441121817,0.9757375,0.00666875,2.25,0.0,0.0,bad,1.06
60142,28.8504841,77.1759471,0,0,0.0,0.0,0.0,0.0,0.0,0.0,0,0.0,100.0,0.0,0.0,0.0,0.0,0.0,0.0,0.0,7.669859184043253,0.98989375,0.0045125,2.25,0.0,0.0,bad,1.0
60157,28.8504841,77.2066535,4,0,8.28,0.0,8.28,0.3,5.86,6.16,0,0.0,85.56,14.439999999999998,0.0,0.0,0.9512987012987013,0.0,0.0,0.0,9.81884870740304,0.83914375,0.0151125,2.625,0.0,2.497159090909091,bad,3.64
60214,28.8504841,77.3233375,1,0,0.08,0.0,0.08,0.0,1.85,1.85,0,0.0,98.07,1.9300000000000068,0.0,0.0,0.0,0.0,0.0,0.0,12.151361461620768,0.7966625,0.008725,2.3125,0.0,0.0,bad,1.03
60312,28.8522808,77.0367451,7,0,1.17,0.0,1.17,0.0,1.98,1.98,0,0.0,96.85,3.1500000000000057,0.0,0.0,0.0,0.0,0.0,0.0,4.4584914863873735,0.9544875,0.00840625,2.5625,0.0,0.0,bad,1.37
60319,28.8522808,77.0510747,0,0,0.0,0.0,0.0,0.0,3.85,3.85,0,0.0,96.15,3.8499999999999943,0.0,0.0,1.0,0.0,0.0,0.0,3.0955784998571723,0.9476,0.011875,2.4375,0.0,2.4375,bad,1.0
60366,28.8522808,77.1472879,1,0,0.44,0.0,0.44,0.0,2.65,2.65,0,0.0,96.91,3.0900000000000034,0.0,0.0,1.0,0.0,0.0,0.0,6.4299035227602195,0.95788125,0.0045125,2.25,0.0,2.25,bad,1.14
60403,28.8522808,77.2230302,0,0,0.0,0.0,0.0,0.0,0.0,0.0,0,0.0,100.0,0.0,0.0,0.0,0.0,0.0,0.0,0.0,11.234094439057785,0.98989375,0.0045125,2.25,0.0,0.0,bad,1.0
60492,28.8540774,76.918014,2,0,0.1,0.0,0.1,0.0,0.82,0.82,0,0.0,99.08,0.9200000000000017,0.0,0.0,0.0,0.0,0.0,0.0,12.20347122275292,0.97946875,0.00695,2.4375,0.0,0.0,bad,1.03
60677,28.8540774,77.2967254,0,0,0.0,0.0,0.0,0.3,3.87,4.17,0,0.0,95.83,4.170000000000002,0.0,0.0,0.9280575539568345,0.0,0.0,0.0,12.400516845433692,0.9457875,0.0112125,2.3125,0.0,2.14613309352518,bad,1.0
60729,28.855874,76.9159669,0,0,0.0,0.0,0.0,0.44,4.59,5.03,0,0.0,94.97,5.030000000000001,0.0,0.0,0.9125248508946321,0.0,0.0,0.0,12.320844392414788,0.93954375,0.00894375,2.375,0.0,2.1672465208747513,bad,1.0
60793,28.855874,77.0469806,38,0,5.0,0.0,5.0,0.03,8.03,8.06,0,0.0,86.94,13.060000000000002,0.0,0.0,0.9962779156327543,0.0,0.0,0.0,3.5950559701712814,0.2021125,0.0208375,7.062499999999999,0.0,7.036212779156326,bad,2.6
60859,28.855874,77.1820884,0,0,0.0,0.0,0.0,0.0,0.0,0.0,0,0.0,100.0,0.0,0.0,0.0,0.0,0.0,0.0,0.0,8.511944039170467,0.98989375,0.0045125,2.25,0.0,0.0,bad,1.0
60862,28.855874,77.1882297,1,0,0.56,0.0,0.56,0.43,3.53,3.96,0,0.0,95.48,4.519999999999996,0.0,0.0,0.8914141414141413,0.0,0.0,0.0,8.902449416788423,0.94470625,0.0045125,2.25,0.0,2.005681818181818,bad,1.18
60956,28.8576706,76.8934489,0,0,0.0,0.0,0.0,0.0,0.0,0.0,0,0.0,100.0,0.0,0.0,0.0,0.0,0.0,0.0,0.0,11.954317994023587,0.98989375,0.0045125,2.25,0.0,0.0,bad,1.0
61022,28.8576706,77.0285568,0,0,0.0,0.0,0.0,0.0,0.0,0.0,0,0.0,100.0,0.0,0.0,0.0,0.0,0.0,0.0,0.0,5.368979059461389,0.98989375,0.0045125,2.25,0.0,0.0,bad,1.0
61037,28.8576706,77.0592631,2,0,0.06,0.0,0.06,0.0,1.68,1.68,0,0.0,98.26,1.7399999999999949,0.0,0.0,0.0,0.0,0.0,0.0,2.6010049637784403,0.9723875,0.0077625,2.375,0.0,0.0,bad,1.02
61352,28.8594673,77.2168889,0,0,0.0,0.0,0.0,0.0,0.0,0.0,0,0.0,100.0,0.0,0.0,0.0,0.0,0.0,0.0,0.0,11.219567202119025,0.98989375,0.0045125,2.25,0.0,0.0,bad,1.0
61421,28.8612639,76.870931,0,0,0.0,0.0,0.0,0.0,6.01,6.01,1,0.25,93.74,6.010000000000005,0.0,0.0,1.0,0.0,0.22314355131420976,0.0,12.187928838551565,0.924725,0.0139875,2.3125,0.0,2.3125,bad,1.0
61437,28.8612639,76.9036844,0,0,0.01,0.0,0.01,2.22,3.03,5.25,0,0.0,94.74,5.260000000000005,0.0,0.0,0.5771428571428571,0.0,0.0,0.0,12.548192053290382,0.93618125,0.0086125,2.3125,0.0,1.334642857142857,bad,1.0
61581,28.8612639,77.1984651,0,0,0.0,0.0,0.0,0.0,0.0,0.0,1,8.110000000000001,91.89,0.0,0.0,0.0,0.0,0.0,2.2093727112718673,0.0,10.02183466495867,0.90990625,0.00450625,2.25,0.0,0.0,bad,1.0
61629,28.8612639,77.2967254,0,0,0.0,0.0,0.0,0.0,0.0,0.0,0,0.0,100.0,0.0,0.0,0.0,0.0,0.0,0.0,0.0,13.198743586675924,0.98989375,0.0045125,2.25,0.0,0.0,bad,1.0
61696,28.8630605,76.9466732,0,0,0.0,0.0,0.0,0.0,2.68,2.68,0,0.0,97.32,2.680000000000007,0.0,0.0,1.0,0.0,0.0,0.0,13.308982686509943,0.96124375,0.00655,2.625,0.0,2.625,bad,1.0
61845,28.8630605,77.2516894,1,0,0.03,0.0,0.03,0.0,2.1,2.1,0,0.0,97.87,2.1299999999999955,0.0,0.0,1.0,0.0,0.0,0.0,14.233919070408435,0.96765625,0.0045125,2.25,0.0,2.25,bad,1.01
61901,28.8648571,76.8791193,0,0,0.0,0.0,0.0,0.09,3.57,3.66,0,0.0,96.34,3.6599999999999966,0.0,0.0,0.9754098360655737,0.0,0.0,0.0,12.600058360611179,0.95166875,0.0045125,2.3125,0.0,2.2556352459016393,bad,1.0
61941,28.8648571,76.9610029,1,0,0.08,0.0,0.08,0.0,0.11,0.11,0,0.0,99.81,0.18999999999999773,0.0,0.0,0.0,0.0,0.0,0.0,11.966032016386222,0.9877,0.00465,2.4375,0.0,0.0,bad,1.03
61979,28.8648571,77.0387922,27,0,18.64,0.0,18.64,2.59,7.6,10.19,0,0.0,71.17,28.83,0.0,0.0,0.745829244357213,0.0,0.0,0.0,4.72834647493125,0.062125,0.0199625,5.5,0.0,4.102060843964671,bad,6.95
62095,28.8648571,77.2762545,50,1,25.0,0.44,25.44,0.03,10.99,11.02,0,0.0,63.540000000000006,36.459999999999994,0.01729559748427673,0.0196078431372549,0.9972776769509982,0.0,0.0,0.01714773116077842,13.829976754900052,0.0319625,0.0257,10.25,0.20098039215686275,10.222096188747733,bad,9.99
62117,28.8648571,77.3212904,1,0,0.09,0.0,0.09,0.0,7.89,7.89,1,0.93,91.09,7.97999999999999,0.0,0.0,1.0,0.0,0.6575200029167942,0.0,13.702816098890079,0.89504375,0.0096875,2.3125,0.0,2.3125,bad,1.03
62222,28.8666537,77.0490277,7,0,0.84,0.0,0.84,0.29,3.62,3.91,0,0.0,95.25,4.75,0.0,0.0,0.9258312020460358,0.0,0.0,0.0,3.9902249295218146,0.73611875,0.010425,3.5,0.0,3.2404092071611252,bad,1.27
62550,28.8684504,77.2332656,0,0,0.0,0.0,0.0,0.0,0.0,0.0,0,0.0,100.0,0.0,0.0,0.0,0.0,0.0,0.0,0.0,13.0910905573022,0.98989375,0.0045125,2.25,0.0,0.0,bad,1.0
62580,28.8684504,77.2946783,26,0,5.46,0.0,5.46,0.19,12.13,12.32,0,0.0,82.22,17.78,0.0,0.0,0.9845779220779222,0.0,0.0,0.0,14.007014777897776,0.03898125,0.0249875,6.625,0.0,6.522828733766234,bad,2.74
62614,28.870247,76.8770722,0,0,0.0,0.0,0.0,0.0,3.9,3.9,0,0.0,96.1,3.9000000000000057,0.0,0.0,1.0,0.0,0.0,0.0,13.191204661067543,0.949125,0.01256875,2.5,0.0,2.5,bad,1.0
62769,28.870247,77.1943709,0,0,0.0,0.0,0.0,0.0,0.0,0.0,0,0.0,100.0,0.0,0.0,0.0,0.0,0.0,0.0,0.0,10.506692573554933,0.98989375,0.0045125,2.25,0.0,0.0,bad,1.0
63041,28.8720436,77.2639719,0,0,0.0,0.0,0.0,0.0,0.0,0.0,0,0.0,100.0,0.0,0.0,0.0,0.0,0.0,0.0,0.0,14.874670546815816,0.98989375,0.0045125,2.25,0.0,0.0,bad,1.0
63070,28.8720436,77.3233375,0,0,0.0,0.0,0.0,0.0,2.9,2.9,0,0.0,97.1,2.9000000000000057,0.0,0.0,1.0,0.0,0.0,0.0,14.521451205929953,0.9590875,0.0045125,2.25,0.0,2.25,bad,1.0
63084,28.8738402,76.8647897,1,0,0.04,0.0,0.04,0.0,4.53,4.53,0,0.0,95.43,4.569999999999993,0.0,0.0,1.0,0.0,0.0,0.0,13.608122537105324,0.94275,0.0085625,2.4375,0.0,2.4375,bad,1.01
63097,28.8738402,76.8914018,1,0,0.08,0.0,0.08,0.0,2.98,2.98,0,0.0,96.94,3.0600000000000023,0.0,0.0,1.0,0.0,0.0,0.0,13.7027958228367,0.956975,0.01143125,2.3125,0.0,2.3125,bad,1.03
63146,28.8738402,76.9917092,3,0,1.05,0.0,1.05,0.0,0.0,0.0,0,0.0,98.95,1.0499999999999972,0.0,0.0,0.0,0.0,0.0,0.0,9.33590694880219,0.9793375,0.0045125,2.25,0.0,0.0,bad,1.34
63288,28.8738402,77.2823957,0,0,0.0,0.0,0.0,0.0,0.33,0.33,0,0.0,99.67,0.3299999999999983,0.0,0.0,0.0,0.0,0.0,0.0,14.719353848108852,0.98654375,0.00519375,2.4375,0.0,0.0,bad,1.0
63385,28.8756369,76.9937563,5,0,1.73,0.0,1.73,0.0,2.6,2.6,0,0.0,95.67,4.329999999999998,0.0,0.0,1.0,0.0,0.0,0.0,9.220484329964549,0.945625,0.0094875,2.375,0.0,2.375,bad,1.55
63410,28.8756369,77.0449335,0,0,0.09,0.0,0.09,0.11,3.6,3.71,0,0.0,96.2,3.799999999999997,0.0,0.0,0.9703504043126685,0.0,0.0,0.0,4.940700796934254,0.9515375,0.0058125,2.25,0.0,2.183288409703504,bad,1.03
63539,28.8756369,77.3090079,0,0,0.0,0.0,0.0,10.27,6.09,16.36,0,0.0,83.64,16.36,0.0,0.0,0.37224938875305624,0.0,0.0,0.0,14.795481056160714,0.8186625,0.02331875,3.875,0.0,1.442466381418093,bad,1.0
63646,28.8774335,77.0408393,6,0,0.99,0.0,0.99,0.0,2.72,2.72,0,0.0,96.29,3.7099999999999937,0.0,0.0,1.0,0.0,0.0,0.0,5.369125852655926,0.9505875,0.0075125,3.4375,0.0,3.4375,bad,1.32
63970,28.8792301,77.2168889,0,0,0.0,0.0,0.0,0.0,0.0,0.0,1,57.16,42.84,0.0,0.0,0.0,0.0,0.0,4.063197833225264,0.0,12.70527187662462,0.4226625,0.01095,2.1875,0.0,0.0,bad,1.0
64194,28.8810267,77.1882297,0,0,0.0,0.0,0.0,0.0,0.82,0.82,0,0.0,99.18,0.8199999999999932,0.0,0.0,0.0,0.0,0.0,0.0,11.109513695949786,0.98085,0.00616875,2.25,0.0,0.0,bad,1.0
64211,28.8810267,77.2230302,0,0,0.0,0.0,0.0,0.0,0.0,0.0,1,64.60000000000001,35.39999999999999,0.0,0.0,0.0,0.0,0.0,4.183575695950044,0.0,13.266060992234639,0.349275,0.00836875,2.125,0.0,0.0,bad,1.0
64294,28.8828233,76.9057315,16,0,5.0,0.0,5.0,2.32,7.68,10.0,0,0.0,85.0,15.0,0.0,0.0,0.768,0.0,0.0,0.0,14.928618607727449,0.52503125,0.02071875,5.5,0.0,4.224,bad,2.6
64491,28.8828233,77.3090079,0,0,0.0,0.0,0.0,0.0,3.52,3.52,0,0.0,96.48,3.519999999999996,0.0,0.0,1.0,0.0,0.0,0.0,15.593951220519644,0.952775,0.0131875,2.375,0.0,2.375,bad,1.0
221,28.3977353,77.288537,80,5,26.11,0.72,26.83,9.58,11.21,20.79,0,0.0,52.38,47.62,0.06936910177112308,0.058823529411764705,0.5392015392015392,0.144,0.0,0.0670688500639533,10.971953701985955,0.0,0.0284625,9.5,0.5588235294117647,5.122414622414623,good,12.3
222,28.3977353,77.2905841,61,14,41.38,2.9,44.28,0.51,12.68,13.19,0,0.0,42.53,57.47,0.25587133530408096,0.18666666666666668,0.9613343442001516,0.20714285714285713,0.0,0.22782962275414567,10.937215101753294,0.0,0.0369375,10.937500000000002,2.041666666666667,10.51459438968916,good,25.16
230,28.3977353,77.3069608,47,8,33.17,4.63,37.8,8.47,13.82,22.29,0,0.0,39.91,60.09,0.38827388245179645,0.14545454545454545,0.620008972633468,0.57875,0.0,0.3280611642704065,10.789721368358887,0.0,0.03305,11.999999999999998,1.7454545454545451,7.440107671601615,good,24.14
233,28.3977353,77.3131021,47,9,14.47,26.78,41.25,6.48,9.48,15.96,0,0.0,42.79,57.21,2.1566359849959653,0.16071428571428573,0.5939849624060151,2.9755555555555557,0.0,1.1495068988403916,10.795288812229822,0.0,0.02654375,4.875,0.7834821428571429,2.8956766917293235,good,48.35
242,28.3995319,76.8443188,2,1,0.28,0.0,0.28,0.0,0.06,0.06,0,0.0,99.66,0.3400000000000034,0.0,0.3333333333333333,0.0,0.0,0.0,0.0,23.95920215493876,0.0,0.0047875,2.5,0.8333333333333333,0.0,neutral,3.64
309,28.3995319,76.9814737,64,1,20.25,0.64,20.89,2.96,17.84,20.8,0,0.0,58.31,41.69,0.030636668262326472,0.015384615384615385,0.8576923076923076,0.0,0.0,0.030176735807797245,17.816318476201467,0.0,0.041375,13.6875,0.21057692307692308,11.739663461538461,neutral,8.77
328,28.3995319,77.0203684,9,10,5.38,0.0,5.38,0.0,7.85,7.85,0,0.0,86.77,13.230000000000004,0.0,0.5263157894736842,1.0,0.0,0.0,0.0,15.411784870747114,0.0,0.0179,2.75,1.4473684210526314,2.75,neutral,7.15
454,28.3995319,77.2783016,93,3,34.33,0.96,35.29,0.04,16.23,16.27,0,0.0,48.440000000000005,51.559999999999995,0.054406347407197506,0.03125,0.9975414874001229,0.32,0.0,0.05297790467135243,11.005472459898021,0.0,0.0408875,11.1875,0.349609375,11.159995390288875,good,14.14
468,28.3995319,77.3069608,68,6,23.78,3.84,27.62,8.67,9.77,18.44,0,0.0,53.94,46.06,0.39030568069157123,0.08108108108108109,0.5298264642082429,0.64,0.0,0.32952363713162264,10.589983551830125,0.0,0.021625,11.5,0.9324324324324325,6.093004338394793,good,18.43
482,28.4013286,76.848413,123,1,33.6,0.0,33.6,0.11,13.71,13.82,0,0.0,52.580000000000005,47.419999999999995,0.0,0.008064516129032258,0.9920405209840811,0.0,0.0,0.0,23.547523284643052,0.0,0.0358375,20.125,0.1622983870967742,19.96481548480463,neutral,12.22
561,28.4013286,77.010133,12,17,1.15,0.0,1.15,13.06,16.96,30.02,0,0.0,68.83,31.17,0.0,0.5862068965517241,0.5649566955363091,0.0,0.0,0.0,15.832719822691821,0.0,0.02844375,4.937500000000001,2.8943965517241383,2.7894736842105265,neutral,10.23
600,28.4013286,77.0899694,19,6,5.15,6.11,11.260000000000002,6.89,22.37,29.26,0,0.0,59.48,40.52,1.5233515607257513,0.24,0.764524948735475,1.0183333333333333,0.0,0.925588002292444,12.714061370718195,0.0,0.04704375,7.125,1.71,5.447240259740259,good,32.28
601,28.4013286,77.0920165,16,13,4.46,7.49,11.95,16.05,22.1,38.15,0,0.0,49.9,50.1,2.38636722729803,0.4482758620689655,0.579292267365662,0.5761538461538461,0.0,1.2197577324367923,12.68725851994145,0.0,0.0455875,7.249999999999999,3.2499999999999996,4.199868938401049,good,49.94
615,28.4013286,77.1206758,2,3,0.21,0.0,0.21,0.0,4.47,4.47,0,0.0,95.32,4.680000000000007,0.0,0.6,1.0,0.0,0.0,0.0,12.642989764878019,0.0,0.015575,2.5,1.5,2.5,neutral,5.66
714,28.4013286,77.3233375,27,0,40.18,0.0,40.18,3.51,14.05,17.56,0,0.0,42.260000000000005,57.739999999999995,0.0,0.0,0.800113895216401,0.0,0.0,0.0,10.482351073661352,0.0,0.0282,6.187500000000001,0.0,4.950704726651482,neutral,13.83
759,28.4031252,76.9282494,9,2,0.44,0.0,0.44,0.0,2.84,2.84,0,0.0,96.72,3.280000000000001,0.0,0.18181818181818182,1.0,0.0,0.0,0.0,19.259510300062495,0.0,0.01140625,4.25,0.7727272727272727,4.25,neutral,3.51
769,28.4031252,76.9487203,6,13,2.07,11.28,13.35,1.16,12.73,13.89,0,0.0,72.75999999999999,27.24000000000001,3.2170010127947393,0.6842105263157895,0.9164866810655148,0.8676923076923077,0.0,1.4391242149338839,18.58251612942937,0.0,0.02630625,5.5,3.763157894736842,5.040676745860331,good,64.2
812,28.4031252,77.0367451,32,4,15.01,3.41,18.42,0.37,18.06,18.43,0,0.0,63.150000000000006,36.849999999999994,0.4298466234292022,0.1111111111111111,0.9799240368963645,0.8525,0.0,0.3575671821762278,14.229310222053964,0.0,0.0363125,8.6875,0.9652777777777777,8.513090070537167,good,16.17
831,28.4031252,77.0756398,15,9,9.8,0.68,10.48,0.65,13.78,14.43,0,0.0,75.09,24.909999999999997,0.21554495272169907,0.375,0.954954954954955,0.07555555555555556,0.0,0.1951924969957427,12.793238259487723,0.0,0.03226875,6.3125,2.3671875,6.028153153153153,good,14.77
928,28.4031252,77.2742074,88,1,11.99,0.27,12.26,5.05,12.15,17.2,0,0.0,70.54,29.459999999999994,0.022022838499184343,0.011235955056179775,0.7063953488372093,0.0,0.0,0.021783838399911597,10.741611998842183,0.0,0.03525625,19.5,0.2191011235955056,13.774709302325583,neutral,5.91
941,28.4031252,77.3008195,93,38,33.69,11.34,45.03,0.0,12.45,12.45,0,0.0,42.52,57.48,1.3310340031511858,0.2900763358778626,1.0,0.2984210526315789,0.0,0.8463119473136715,10.219938600563859,0.0,0.033025,8.9375,2.5925572519083966,8.9375,good,42.94
952,28.4031252,77.3233375,22,1,56.79,0.51,57.3,1.92,14.87,16.79,0,0.0,25.91,74.09,0.008900523560209424,0.043478260869565216,0.8856462179868969,0.0,0.0,0.008861147373690835,10.284403578088918,0.0,0.02725,5.25,0.22826086956521738,4.649642644431209,neutral,20.12
986,28.4049218,76.9057315,115,1,37.21,0.0,37.21,0.3,13.76,14.06,0,0.0,48.73,51.27,0.0,0.008620689655172414,0.9786628733997155,0.0,0.0,0.0,20.03223659540557,0.0,0.041125,18.5,0.15948275862068964,18.105263157894736,neutral,13.37
1001,28.4049218,76.9364378,6,5,1.5,14.7,16.2,0.0,3.08,3.08,0,0.0,80.72,19.28,2.3456141210247528,0.45454545454545453,1.0,2.94,0.0,1.2076502704582985,18.77912919386578,0.0,0.00938125,3.0625,1.3920454545454546,3.0625,good,45.01
1009,28.4049218,76.9528145,22,7,16.02,10.05,26.07,0.9,17.73,18.63,0,0.0,55.3,44.7,1.1565017261219794,0.2413793103448276,0.9516908212560388,1.4357142857142857,0.0,0.7684873375329755,18.27792080242777,0.0,0.03976875,10.875,2.625,10.349637681159422,good,34.41
1061,28.4049218,77.0592631,10,7,1.28,10.59,11.87,7.27,20.49,27.76,0,0.0,60.37,39.63,2.676495366470093,0.4117647058823529,0.7381123919308357,1.512857142857143,0.0,1.3019599523432934,13.098585580517973,0.0,0.046,6.3125,2.599264705882353,4.6593344740634,good,52.2
1171,28.4049218,77.2844428,103,5,38.62,1.61,40.23,0.0,16.11,16.11,0,0.0,43.66,56.34,0.10344990370770724,0.046296296296296294,1.0,0.322,0.0,0.09844154804727405,10.273424899373698,0.0,0.03765625,17.8125,0.8246527777777777,17.8125,good,17.9
1180,28.4049218,77.3028666,73,12,34.61,3.16,37.77,0.47,16.09,16.56,0,0.0,45.67,54.33,0.3095946388489767,0.1411764705882353,0.9716183574879228,0.26333333333333336,0.0,0.26971765333471714,10.006791358896685,0.0,0.03985,12.4375,1.7558823529411764,12.08450332125604,good,23.0
1291,28.4067184,77.0428864,8,6,2.24,5.87,8.11,16.49,18.2,34.69,0,0.0,57.2,42.8,2.031957261711238,0.42857142857142855,0.5246468722974921,0.9783333333333334,0.0,1.109208371939103,13.589858886116811,0.0,0.03725625,5.5625,2.383928571428571,2.9183482271548,good,40.84
1318,28.4067184,77.0981578,29,6,7.61,0.0,7.61,0.0,12.14,12.14,0,0.0,80.25,19.75,0.0,0.17142857142857143,1.0,0.0,0.0,0.0,12.028213075453223,0.0,0.0306125,8.625,1.4785714285714286,8.625,neutral,7.96
1410,28.4067184,77.2864899,112,17,52.45,4.49,56.940000000000005,0.0,15.89,15.89,0,0.0,27.17,72.83,0.3288191650241654,0.13178294573643412,1.0,0.26411764705882357,0.0,0.28429070201860374,10.033486802200553,0.0,0.0509125,19.875,2.6191860465116283,19.875,good,32.05
1663,28.408515,77.3171962,36,7,29.68,9.41,39.09,0.88,21.0,21.88,0,0.0,39.03,60.97,0.7221795855717574,0.16279069767441862,0.9597806215722121,1.3442857142857143,0.0,0.5435906895177418,9.622573746691254,0.0,0.03933125,10.0625,1.6380813953488373,9.657792504570384,good,29.14
1684,28.4103117,76.872978,0,6,0.0,0.0,0.0,0.57,8.92,9.49,0,0.0,90.51,9.489999999999995,0.0,1.0,0.9399367755532139,0.0,0.0,0.0,21.267351770523703,0.0,0.02394375,2.8125,2.8125,2.643572181243414,neutral,9.62
1693,28.4103117,76.8914018,2,4,0.3,0.0,0.3,11.68,0.79,12.47,0,0.0,87.22999999999999,12.77000000000001,0.0,0.6666666666666666,0.06335204490777867,0.0,0.0,0.0,20.234418193575706,0.0,0.02161875,2.75,1.8333333333333333,0.17421812349639135,neutral,6.71
1785,28.4103117,77.079734,2,2,0.34,0.0,0.34,0.0,0.0,0.0,0,0.0,99.66,0.3400000000000034,0.0,0.5,0.0,0.0,0.0,0.0,11.920848261863625,0.0,0.00453125,2.25,1.125,0.0,neutral,4.55
1795,28.4103117,77.1002049,7,3,5.29,0.0,5.29,0.0,8.22,8.22,0,0.0,86.49000000000001,13.509999999999991,0.0,0.3,1.0,0.0,0.0,0.0,11.614582339203546,0.0,0.0193625,3.5625,1.0687499999999999,3.5625,neutral,5.96
1800,28.4103117,77.1104403,29,11,22.09,2.65,24.74,0.39,17.33,17.72,0,0.0,57.54,42.46,0.38399962113625963,0.275,0.9779909706546275,0.2409090909090909,0.0,0.3249775834499632,11.58869516836911,0.0,0.03498125,8.8125,2.4234375000000004,8.618545428893905,good,21.98
1884,28.4103117,77.2823957,85,13,32.08,5.0,37.08,6.6,13.07,19.67,0,0.0,43.25,56.75,0.5133973735244881,0.1326530612244898,0.6644636502287747,0.38461538461538464,0.0,0.41435703979672545,9.743221335299479,0.0,0.03311875,12.875,1.7079081632653061,8.554969496695474,good,25.64
1895,28.4103117,77.3049137,183,9,30.21,1.41,31.62,3.38,16.21,19.59,0,0.0,48.790000000000006,51.209999999999994,0.14813151846271916,0.046875,0.8274629913221032,0.15666666666666665,0.0,0.138135854456357,9.397960676728502,0.0,0.04490625,27.125,1.271484375,22.44493363961205,good,17.17
2017,28.4121083,77.0674515,17,6,10.56,13.14,23.700000000000003,10.16,15.73,25.89,0,0.0,50.41,49.59,1.556482855520545,0.2608695652173913,0.6075704905368868,2.19,0.0,0.9386324292844678,12.070041429537506,0.0,0.03539375,8.0,2.0869565217391304,4.860563924295095,good,37.9
2029,28.4121083,77.0920165,11,4,8.41,0.0,8.41,9.46,20.12,29.58,0,0.0,62.010000000000005,37.989999999999995,0.0,0.26666666666666666,0.6801893171061528,0.0,0.0,0.0,11.499175455499756,0.0,0.04049375,7.875,2.1,5.356490872210953,neutral,10.12
2145,28.4139049,76.8422717,4,2,0.52,0.0,0.52,0.0,2.37,2.37,0,0.0,97.11,2.8900000000000006,0.0,0.3333333333333333,1.0,0.0,0.0,0.0,22.907187170130204,0.0,0.0092,2.5,0.8333333333333333,2.5,neutral,3.72
2146,28.4139049,76.8443188,0,5,0.0,0.0,0.0,0.34,6.22,6.56,0,0.0,93.44,6.560000000000002,0.0,1.0,0.9481707317073171,0.0,0.0,0.0,22.769611712736374,0.0,0.0138875,2.6875,2.6875,2.5482088414634148,neutral,9.23
2218,28.4139049,76.9917092,106,8,33.96,1.87,35.83,0.05,10.5,10.55,0,0.0,53.62,46.38,0.165441243446752,0.07017543859649122,0.995260663507109,0.23375,0.0,0.15309976504978812,15.97686828490892,0.0,0.0265375,16.375,1.1491228070175439,16.297393364928908,good,18.4
2220,28.4139049,76.9958034,77,8,29.41,1.14,30.55,9.36,8.66,18.02,0,0.0,51.43,48.57,0.1182885270587311,0.09411764705882353,0.48057713651498335,0.1425,0.0,0.11179941572971167,15.693644688967135,0.0,0.02595,14.75,1.388235294117647,7.088512763596005,good,16.75
2239,28.4139049,77.034698,50,25,27.28,10.41,37.69,0.53,14.51,15.04,0,0.0,47.27,52.73,1.2982641938405086,0.3333333333333333,0.9647606382978724,0.4164,0.0,0.83215413967674,13.306204358077593,0.0,0.03031875,10.4375,3.4791666666666665,10.069689162234043,good,42.83
2254,28.4139049,77.0654044,25,3,19.75,12.66,32.41,6.42,15.25,21.67,0,0.0,45.92,54.08,0.7812403579142241,0.10714285714285714,0.7037378864790031,4.22,0.0,0.5773099519193863,11.950633148976785,0.0,0.03944375,9.375,1.0044642857142856,6.597542685740654,good,25.94
2270,28.4139049,77.0981578,36,6,9.29,0.0,9.29,0.0,4.86,4.86,0,0.0,85.85,14.150000000000006,0.0,0.14285714285714285,1.0,0.0,0.0,0.0,11.232074056044414,0.0,0.0123625,5.0,0.7142857142857142,5.0,neutral,6.15
2272,28.4139049,77.102252,16,16,2.99,4.79,7.78,5.48,18.49,23.97,0,0.0,68.25,31.75,2.516574165756957,0.5,0.771380892782645,0.299375,0.0,1.2574872673317998,11.203516805182797,0.0,0.03201875,7.1875,3.59375,5.544300166875261,good,51.58
2454,28.4157015,76.987615,97,4,32.29,1.26,33.55,0.0,13.85,13.85,0,0.0,52.6,47.4,0.08720206854122434,0.039603960396039604,1.0,0.315,0.0,0.08360748648472378,16.12817927092837,0.0,0.03728125,15.625,0.6188118811881188,15.625,good,14.89
2457,28.4157015,76.9937563,84,13,28.27,9.39,37.66,0.08,13.91,13.99,0,0.0,48.35,51.65,0.9493112776983779,0.13402061855670103,0.9942816297355254,0.7223076923076923,0.0,0.6674761192651423,15.69405139080906,0.0,0.03570625,12.625,1.6920103092783505,12.552805575411007,good,32.2
2465,28.4157015,77.010133,110,14,31.45,5.03,36.48,0.47,13.96,14.43,0,0.0,49.09,50.91,0.5386968118396614,0.11290322580645161,0.9674289674289676,0.3592857142857143,0.0,0.4309358320959862,14.594090646659962,0.0,0.0325125,13.9375,1.5735887096774193,13.483541233541235,good,25.41
2492,28.4157015,77.0654044,25,2,29.93,2.4,32.33,8.11,18.22,26.33,0,0.0,41.34,58.66,0.11765883086083434,0.07407407407407407,0.6919863273832131,0.0,0.0,0.1112361679302374,11.763815568041553,0.0,0.04313125,6.187500000000001,0.45833333333333337,4.281665400683631,neutral,14.46
2513,28.4157015,77.1083932,44,5,6.8,0.0,6.8,0.0,9.43,9.43,1,5.86,77.91,16.230000000000004,0.0,0.10204081632653061,1.0,0.0,1.925707441737794,0.0,10.987648839933634,0.0,0.03385625,12.6875,1.2946428571428572,12.6875,neutral,7.14
2603,28.4157015,77.2926312,63,11,37.08,2.51,39.59,0.42,13.08,13.5,0,0.0,46.91,53.09,0.22728607923238445,0.14864864864864866,0.9688888888888889,0.22818181818181815,0.0,0.20480529196136874,8.934726990752416,0.0,0.0277,12.25,1.820945945945946,11.86888888888889,good,22.57
2613,28.4157015,77.3131021,70,0,43.77,0.0,43.77,8.65,14.74,23.39,0,0.0,32.84,67.16,0.0,0.0,0.6301838392475417,0.0,0.0,0.0,8.79922263715604,0.0,0.02849375,8.125,0.0,5.120243693886277,neutral,14.97
2614,28.4157015,77.3151492,99,3,28.65,1.48,30.13,7.28,11.05,18.33,0,0.0,51.540000000000006,48.459999999999994,0.09824095585794888,0.029411764705882353,0.6028368794326242,0.49333333333333335,0.0,0.09370976879131092,8.810594412914654,0.0,0.0254375,10.187499999999998,0.2996323529411764,6.141400709219858,good,12.99
2642,28.4174982,76.8852606,5,4,1.17,0.0,1.17,0.35,6.23,6.58,0,0.0,92.25,7.75,0.0,0.4444444444444444,0.946808510638298,0.0,0.0,0.0,19.912082567474897,0.0,0.01464375,2.8125,1.25,2.662898936170213,neutral,5.2
2658,28.4174982,76.918014,17,5,5.63,7.92,13.55,1.27,20.28,21.55,0,0.0,64.89999999999999,35.10000000000001,1.5109153509750226,0.22727272727272727,0.9410672853828307,1.584,0.0,0.9206473683268526,18.233287544300808,0.0,0.04353125,10.625,2.414772727272727,9.998839907192576,good,34.99
2666,28.4174982,76.9343907,68,11,25.14,4.12,29.26,2.68,14.5,17.18,0,0.0,53.56,46.44,0.5047862441206823,0.13924050632911392,0.8440046565774156,0.37454545454545457,0.0,0.40865085762895814,17.553296945171073,0.0,0.03385,13.1875,1.8362341772151898,11.130311408614668,good,23.41
2694,28.4174982,76.9917092,58,14,18.73,10.78,29.51,0.68,16.15,16.83,0,0.0,53.66,46.34,1.4271867373995197,0.19444444444444445,0.9595959595959596,0.7699999999999999,0.0,0.8867328654407749,15.699539079723879,0.0,0.03556875,11.9375,2.321180555555556,11.455176767676766,good,38.57
2718,28.4174982,77.0408393,11,5,4.26,10.38,14.64,20.67,15.83,36.5,0,0.0,48.86,51.14,1.832780789445738,0.3125,0.4336986301369863,2.076,0.0,1.0412588403204284,12.648483112590897,0.0,0.0381,6.6875,2.08984375,2.900359589041096,good,39.09
2728,28.4174982,77.0613102,29,3,18.2,1.28,19.48,6.67,18.1,24.77,0,0.0,55.75,44.25,0.13141683778234087,0.09375,0.7307226483649577,0.4266666666666667,0.0,0.1234706860703247,11.728614681604078,0.0,0.03786875,7.75,0.7265625,5.6631005248284225,good,11.38
2743,28.4174982,77.0920165,12,1,5.9,3.41,9.31,16.48,21.49,37.97,0,0.0,52.72,47.28,0.36627282491944146,0.07692307692307693,0.565973136686858,0.0,0.0,0.3120864666230004,10.905995486957245,0.0,0.03929375,8.5625,0.6586538461538461,4.8461449828812215,neutral,11.39
2835,28.4174982,77.2803487,2,3,0.73,0.0,0.73,0.23,4.81,5.04,1,3.09,91.14,5.769999999999996,0.0,0.6,0.9543650793650793,0.0,1.4085449700547104,0.0,9.035680956158389,0.0,0.01585,2.75,1.65,2.624503968253968,neutral,6.29
2850,28.4174982,77.311055,55,19,18.96,11.69,30.65,11.94,15.93,27.87,0,0.0,41.48,58.52,1.648396066206632,0.25675675675675674,0.5715823466092572,0.6152631578947368,0.0,0.9739541987203099,8.592661509910235,0.0,0.04604375,12.1875,3.129222972972973,6.966159849300323,good,44.67
2868,28.4192948,76.8606955,19,5,2.6,0.4,3.0,0.31,4.09,4.4,0,0.0,92.6,7.400000000000006,0.3446616667628208,0.20833333333333334,0.9295454545454545,0.08,0.0,0.2961424325348512,21.249449371460962,0.0,0.01358125,5.6875,1.1848958333333335,5.286789772727272,good,10.67
2883,28.4192948,76.8914018,1,3,1.09,0.0,1.09,0.0,5.34,5.34,0,0.0,93.57,6.430000000000007,0.0,0.75,1.0,0.0,0.0,0.0,19.40349316937363,0.0,0.01594375,2.4375,1.828125,2.4375,neutral,6.95
2928,28.4192948,76.9835208,21,1,6.28,0.0,6.28,0.0,5.17,5.17,0,0.0,88.55,11.450000000000003,0.0,0.045454545454545456,1.0,0.0,0.0,0.0,16.106751430506367,0.0,0.01555,5.125,0.23295454545454547,5.125,neutral,3.72
2930,28.4192948,76.987615,79,0,29.89,0.0,29.89,0.47,15.15,15.62,0,0.0,54.49,45.51,0.0,0.0,0.9699103713188221,0.0,0.0,0.0,15.858521340521047,0.0,0.033325,13.0,0.0,12.608834827144687,neutral,10.54
2962,28.4192948,77.0531218,15,5,7.3,10.2,17.5,7.66,17.33,24.99,0,0.0,57.510000000000005,42.489999999999995,1.506663857563188,0.25,0.6934773909563825,2.04,0.0,0.9189527286400274,11.886887110916017,0.0,0.03669375,7.5625,1.890625,5.244422769107643,good,34.58
2971,28.4192948,77.0715456,87,13,35.85,3.59,39.44,0.16,11.61,11.77,0,0.0,48.78999999999999,51.21000000000001,0.3465619718607201,0.13,0.9864061172472387,0.27615384615384614,0.0,0.2975546566149713,11.183970744602359,0.0,0.0356625,13.437499999999998,1.7468749999999997,13.254832200509767,good,24.05
3092,28.4192948,77.3192433,100,41,28.05,10.89,38.94,0.06,16.5,16.56,0,0.0,44.5,55.5,1.5080209741669417,0.2907801418439716,0.996376811594203,0.265609756097561,0.0,0.9194939856411846,8.450010808278707,0.0,0.04025,18.25,5.3067375886524815,18.183876811594203,good,51.91
3147,28.4210914,76.9446261,12,2,3.89,0.0,3.89,0.21,14.39,14.6,0,0.0,81.50999999999999,18.49000000000001,0.0,0.14285714285714285,0.9856164383561644,0.0,0.0,0.0,16.81482982054416,0.0,0.03158125,6.125,0.875,6.036900684931507,neutral,4.92
3204,28.4210914,77.0613102,48,7,33.74,3.22,36.96,0.0,14.55,14.55,0,0.0,48.49,51.51,0.26136363636363635,0.12727272727272726,1.0,0.46,0.0,0.23219338683412766,11.362166665138451,0.0,0.0286125,9.5,1.209090909090909,9.5,good,20.36
3228,28.4210914,77.1104403,100,32,26.52,10.01,36.53,3.21,14.06,17.27,0,0.0,46.2,53.8,1.3822716981871919,0.24242424242424243,0.8141285466126231,0.3128125,0.0,0.8680545274792913,10.390246360029483,0.0,0.04269375,15.937499999999998,3.8636363636363633,12.97517371163868,good,44.87
3234,28.4210914,77.1227228,2,1,0.05,0.0,0.05,0.0,0.2,0.2,0,0.0,99.75,0.25,0.0,0.3333333333333333,0.0,0.0,0.0,0.0,10.482327094586129,0.0,0.00508125,2.6875,0.8958333333333333,0.0,neutral,3.76
3314,28.4210914,77.2864899,84,14,28.3,5.58,33.88,1.61,12.48,14.09,0,0.0,52.03,47.97,0.6434607297371763,0.14285714285714285,0.8857345635202272,0.3985714285714286,0.0,0.49680421954836235,8.481440844171724,0.0,0.03345625,15.6875,2.2410714285714284,13.894960965223564,good,28.17
3431,28.422888,77.0387922,9,8,7.07,13.18,20.25,17.58,17.25,34.83,0,0.0,44.92,55.08,2.063190692296774,0.47058823529411764,0.4952627045650302,1.6475,0.0,1.1194570826208254,12.251247639392078,0.0,0.03600625,6.6875,3.1470588235294117,3.3120693367786394,good,47.51
3455,28.422888,77.0879223,51,10,25.75,4.49,30.24,0.23,14.98,15.21,0,0.0,54.55,45.45,0.5136523798836463,0.16393442622950818,0.9848783694937541,0.449,0.0,0.41452552487661176,10.383184336507846,0.0,0.03786875,8.25,1.3524590163934425,8.12524654832347,good,22.37
3458,28.422888,77.0940636,36,11,20.58,15.75,36.33,0.08,16.91,16.99,0,0.0,46.68000000000001,53.31999999999999,1.554174494532293,0.23404255319148937,0.9952913478516776,1.4318181818181819,0.0,0.937729077332999,10.284378920756108,0.0,0.0354875,15.875,3.7154255319148937,15.800250147145382,good,46.89
3461,28.422888,77.1002049,40,4,20.49,5.92,26.41,1.86,18.54,20.4,0,0.0,53.19,46.81,0.5204776342950845,0.09090909090909091,0.9088235294117647,1.48,0.0,0.4190245185861796,10.219937198333326,0.0,0.040875,9.625,0.875,8.747426470588236,good,19.78
3462,28.422888,77.102252,38,2,20.93,4.71,25.64,1.17,21.08,22.25,0,0.0,52.11,47.89,0.2911534078937849,0.05,0.9474157303370786,0.0,0.0,0.2555359335375295,10.20621550368043,0.0,0.04433125,14.375,0.71875,13.619101123595504,neutral,15.68
3463,28.422888,77.104299,28,10,6.59,21.46,28.05,4.02,20.41,24.43,0,0.0,47.52,52.48,2.646681017324649,0.2631578947368421,0.8354482194023741,2.146,0.0,1.2938174435989647,10.19640342607934,0.0,0.04223125,11.5625,3.0427631578947367,9.659870036839951,good,58.28
3621,28.4246846,76.940532,24,1,25.85,0.85,26.700000000000003,0.0,16.66,16.66,0,0.0,56.63999999999999,43.36000000000001,0.03183520599250936,0.04,1.0,0.0,0.0,0.03133897019271964,16.585776787366584,0.0,0.0338375,8.3125,0.3325,8.3125,neutral,11.01
3682,28.4246846,77.0654044,47,8,22.37,5.12,27.49,0.33,14.29,14.62,0,0.0,57.89,42.11,0.5903970901194848,0.14545454545454545,0.9774281805745554,0.64,0.0,0.4639837272652573,10.83665215308017,0.0,0.03785,8.75,1.2727272727272727,8.55249658002736,good,22.38
3688,28.4246846,77.0776869,38,5,23.34,1.96,25.3,0.18,15.5,15.68,0,0.0,59.02,40.98,0.2002579644827457,0.11627906976744186,0.9885204081632654,0.392,0.0,0.18253650409341665,10.429980881513556,0.0,0.03953125,10.125,1.177325581395349,10.008769132653061,good,15.64
3692,28.4246846,77.0858752,39,13,15.41,3.69,19.1,2.97,16.28,19.25,0,0.0,61.650000000000006,38.349999999999994,0.7355570503870449,0.25,0.8457142857142858,0.28384615384615386,0.0,0.551328428373503,10.228411749463886,0.0,0.03614375,9.5,2.375,8.034285714285714,good,25.21
3815,28.4264813,76.8504601,0,5,0.0,0.0,0.0,0.0,5.73,5.73,0,0.0,94.27,5.730000000000004,0.0,1.0,1.0,0.0,0.0,0.0,21.34564469936731,0.0,0.01495625,2.5,2.5,2.5,neutral,8.66
3911,28.4264813,77.0469806,27,10,15.45,7.83,23.28,0.0,10.35,10.35,0,0.0,66.37,33.629999999999995,1.1635459438973383,0.2702702702702703,1.0,0.783,0.0,0.7717485163701215,11.48300104404806,0.0,0.0218875,6.375000000000001,1.7229729729729732,6.375000000000001,good,30.86
3934,28.4264813,77.0940636,71,16,28.29,6.59,34.879999999999995,0.45,13.21,13.66,0,0.0,51.46,48.54,0.7722586044678823,0.1839080459770115,0.9670571010248903,0.411875,0.0,0.5722547808507439,9.88869172643553,0.0,0.028975,12.375000000000002,2.2758620689655173,11.96733162518302,good,30.49
3981,28.4264813,77.1902768,110,2,37.14,0.8,37.94,1.53,13.82,15.35,0,0.0,46.71,53.29,0.033420400647784,0.017857142857142856,0.9003257328990228,0.0,0.0,0.03287407796483059,9.862338249001938,0.0,0.04285,20.062499999999996,0.3582589285714285,18.062785016286643,neutral,14.7
4042,28.4264813,77.3151492,39,2,54.41,0.98,55.38999999999999,0.94,14.27,15.21,0,0.0,29.39999999999999,70.60000000000001,0.0280423045803707,0.04878048780487805,0.9381985535831688,0.0,0.0,0.02765631850177576,7.615157221077192,0.0,0.02485,6.375000000000001,0.3109756097560976,5.9810157790927025,neutral,20.05
4048,28.4282779,76.8402246,8,6,0.88,0.0,0.88,0.22,5.4,5.62,0,0.0,93.5,6.5,0.0,0.42857142857142855,0.9608540925266904,0.0,0.0,0.0,21.923090983410173,0.0,0.01158125,2.9375,1.2589285714285714,2.822508896797153,neutral,5.14
4106,28.4282779,76.9589558,72,8,20.22,3.07,23.29,9.19,10.98,20.17,0,0.0,56.54,43.46,0.4178475635220223,0.1,0.5443728309370351,0.38375,0.0,0.3491399212889872,15.616156379347457,0.0,0.0386875,14.875000000000002,1.4875000000000003,8.097545860188399,good,19.15
4113,28.4282779,76.9732854,0,1,0.0,0.0,0.0,0.0,0.0,0.0,0,0.0,100.0,0.0,0.0,0.0,0.0,0.0,0.0,0.0,15.280681260958184,0.0,0.00453125,2.25,0.0,0.0,neutral,1.0
4173,28.4282779,77.0961107,75,11,34.98,3.01,37.99,0.52,19.97,20.49,0,0.0,41.52,58.48,0.28404151427140506,0.12790697674418605,0.974621766715471,0.2736363636363636,0.0,0.2500125367321776,9.664080532043988,0.0,0.03743125,11.4375,1.462936046511628,11.1472364568082,good,21.8
4174,28.4282779,77.0981578,25,14,9.7,5.94,15.64,0.87,18.74,19.61,0,0.0,64.75,35.25,1.4838190625265089,0.358974358974359,0.955634880163182,0.4242857142857143,0.0,0.9097973202452823,9.641267058579562,0.0,0.035975,8.875,3.185897435897436,8.48125956144824,good,37.62
4280,28.4282779,77.3151492,42,3,37.16,1.34,38.5,8.02,13.86,21.88,0,0.0,39.620000000000005,60.379999999999995,0.06961038961038961,0.06666666666666667,0.6334552102376599,0.4466666666666667,0.0,0.06729446030590484,7.416022506037263,0.0,0.02660625,7.6875,0.5125,4.869686928702011,good,15.89
4316,28.4300745,76.9016373,2,1,0.21,0.0,0.21,0.0,0.93,0.93,0,0.0,98.86,1.1400000000000006,0.0,0.3333333333333333,0.0,0.0,0.0,0.0,17.849261278049788,0.0,0.0063375,2.3125,0.7708333333333333,0.0,neutral,3.43
4325,28.4300745,76.9200611,14,0,16.26,0.0,16.26,0.51,7.33,7.84,0,0.0,75.9,24.099999999999994,0.0,0.0,0.9349489795918368,0.0,0.0,0.0,16.906224396344058,0.0,0.01885,5.1875,0.0,4.850047831632653,neutral,6.19
4346,28.4300745,76.9630499,5,3,2.86,0.0,2.86,4.19,2.63,6.82,0,0.0,90.32,9.680000000000007,0.0,0.375,0.38563049853372433,0.0,0.0,0.0,15.315218605220181,0.0,0.007725,2.375,0.890625,0.9158724340175953,neutral,4.64
4367,28.4300745,77.0060388,26,11,8.19,14.61,22.8,13.71,15.66,29.37,0,0.0,47.83,52.17,2.2972062340147406,0.2972972972972973,0.533197139938713,1.3281818181818181,0.0,1.193075514154754,13.720626355808827,0.0,0.0366625,8.0,2.3783783783783785,4.265577119509704,good,49.42
4383,28.4300745,77.0387922,64,8,21.72,3.15,24.87,4.21,17.4,21.61,0,0.0,53.52,46.48,0.40149834155783204,0.1111111111111111,0.8051827857473391,0.39375,0.0,0.33754190828831476,11.595046577518726,0.0,0.0372375,14.625,1.625,11.775798241554835,good,19.84
4390,28.4300745,77.0531218,31,5,17.99,2.41,20.4,0.34,11.79,12.13,0,0.0,67.47,32.53,0.30538037385970523,0.1388888888888889,0.9719703215169001,0.48200000000000004,0.0,0.2664944725262945,10.832777900051948,0.0,0.03141875,6.25,0.8680555555555556,6.074814509480626,good,14.67
4401,28.4300745,77.0756398,28,8,7.84,2.81,10.65,13.46,16.52,29.98,0,0.0,59.37,40.63,0.836383967516704,0.2222222222222222,0.5510340226817878,0.35125,0.0,0.6077984029674881,9.920245722214538,0.0,0.0354625,8.5,1.8888888888888888,4.683789192795197,good,22.51
4409,28.4300745,77.0920165,4,5,4.12,3.57,7.689999999999999,14.07,16.58,30.65,0,0.0,61.66,38.34,1.200041108917364,0.5555555555555556,0.5409461663947798,0.714,0.0,0.7884760460612205,9.524918111156078,0.0,0.0324125,6.625,3.680555555555556,3.583768352365416,good,32.42
4412,28.4300745,77.0981578,23,6,25.28,5.23,30.51,0.36,22.06,22.42,0,0.0,47.06999999999999,52.93000000000001,0.48123455399414194,0.20689655172413793,0.9839429081177519,0.8716666666666667,0.0,0.3928758981636559,9.442594617816427,0.0,0.05091875,22.5625,4.668103448275862,22.200211864406775,good,32.13
4435,28.4300745,77.1452408,9,7,0.78,0.0,0.78,7.73,9.64,17.37,0,0.0,81.85,18.150000000000006,0.0,0.4375,0.5549798503166379,0.0,0.0,0.0,10.056532522423536,0.0,0.02106875,4.0625,1.77734375,2.2546056419113416,neutral,6.69
4436,28.4300745,77.1472879,5,4,1.22,0.0,1.22,0.04,8.2,8.24,0,0.0,90.54,9.459999999999994,0.0,0.4444444444444444,0.9951456310679611,0.0,0.0,0.0,10.129918365340632,0.0,0.0192125,4.4375,1.972222222222222,4.415958737864077,neutral,7.43
4512,28.4300745,77.3028666,49,3,27.52,1.47,28.99,0.32,11.81,12.13,0,0.0,58.88,41.12,0.1014142807864781,0.057692307692307696,0.9736191261335532,0.49,0.0,0.09659506379312653,7.216923060802999,0.0,0.0233,7.062499999999999,0.4074519230769231,6.876185078318218,good,13.0
4515,28.4300745,77.3090079,23,3,18.84,5.04,23.88,16.6,15.42,32.02,0,0.0,44.1,55.9,0.4221105527638191,0.11538461538461539,0.48157401623985,1.68,0.0,0.3521420729187452,7.191909943487329,0.0,0.035825,6.8125,0.7860576923076924,3.2807229856339784,good,17.25
4541,28.4318711,76.8750251,7,5,0.68,0.0,0.68,8.62,5.96,14.58,0,0.0,84.74,15.260000000000005,0.0,0.4166666666666667,0.40877914951989025,0.0,0.0,0.0,19.274723980216628,0.0,0.0154125,3.3125,1.3802083333333335,1.3540809327846364,neutral,5.45
4572,28.4318711,76.9384849,0,1,0.0,0.0,0.0,0.0,1.38,1.38,0,0.0,98.62,1.3799999999999955,0.0,0.0,0.0,0.0,0.0,0.0,15.926719887811872,0.0,0.0071625,2.25,0.0,0.0,neutral,1.0
4577,28.4318711,76.9487203,21,16,6.89,1.03,7.92,0.27,19.7,19.97,0,0.0,72.11,27.89,0.5315766068797789,0.43243243243243246,0.9864797195793691,0.064375,0.0,0.4262976668557425,15.551687996982398,0.0,0.03725,5.75,2.486486486486487,5.672258387581373,good,18.98
4609,28.4318711,77.0142272,25,4,27.32,5.83,33.15,2.07,19.36,21.43,0,0.0,45.42,54.58,0.40835115514911985,0.13793103448275862,0.9034064395706952,1.4575,0.0,0.34241962660471315,13.006461219428946,0.0,0.0509125,7.375,1.0172413793103448,6.6626224918338774,good,20.72
4626,28.4318711,77.0490277,12,3,1.58,0.4,1.98,0.39,5.94,6.33,0,0.0,91.69,8.310000000000002,0.0,0.2,0.9383886255924171,0.13333333333333333,0.0,0.0,10.868349761037663,0.0,0.0177375,4.375,0.875,4.105450236966825,good,4.31
4843,28.4336678,77.0060388,99,13,34.62,4.31,38.93,0.0,13.73,13.73,0,0.0,47.34,52.66,0.4215181020824113,0.11607142857142858,1.0,0.3315384615384615,0.0,0.35172538652126484,13.450226775975853,0.0,0.03894375,12.4375,1.443638392857143,12.4375,good,24.06
4849,28.4336678,77.0183213,31,9,32.11,8.64,40.75,0.0,11.62,11.62,0,0.0,47.63,52.37,0.7043302758239709,0.225,1.0,0.9600000000000001,0.0,0.5331722334660688,12.582854496607242,0.0,0.03649375,6.125,1.378125,6.125,good,28.61
4857,28.4336678,77.034698,59,17,20.62,5.6,26.22,3.76,15.31,19.07,0,0.0,54.71,45.29,0.8906018309716609,0.2236842105263158,0.8028316727844782,0.32941176470588235,0.0,0.6368952074693046,11.519767809202156,0.0,0.0407875,13.812500000000002,3.089638157894737,11.089112480335606,good,31.96
4863,28.4336678,77.0469806,32,16,13.32,6.21,19.53,4.5,18.05,22.55,0,0.0,57.92,42.08,1.2997001661118588,0.3333333333333333,0.8004434589800443,0.388125,0.0,0.8327787518771055,10.809746491383892,0.0,0.0472375,8.75,2.9166666666666665,7.003880266075388,good,35.33
4869,28.4336678,77.0592631,42,22,17.51,7.81,25.32,0.04,17.42,17.46,0,0.0,57.22,42.78,1.3953009035073172,0.34375,0.997709049255441,0.355,0.0,0.8735088611787081,10.192100990787798,0.0,0.041925,8.0625,2.771484375,8.044029209621993,good,38.14
4881,28.4336678,77.0838282,132,28,33.24,8.78,42.02,0.13,16.69,16.82,0,0.0,41.16,58.84,1.0150659956501684,0.175,0.9922711058263972,0.31357142857142856,0.0,0.7006519470460116,9.305012855289478,0.0,0.0478125,20.062499999999996,3.510937499999999,19.90743906064209,good,40.13
4911,28.4336678,77.1452408,82,4,26.42,1.1,27.520000000000003,0.05,8.54,8.59,0,0.0,63.88999999999999,36.11000000000001,0.09280962588575939,0.046511627906976744,0.9941792782305005,0.275,0.0,0.08875201825620868,9.684514437688003,0.0,0.024625,12.5,0.5813953488372093,12.427240977881256,good,12.94
4953,28.4336678,77.2312185,226,3,31.86,0.0,31.86,0.0,17.14,17.14,0,0.0,51.0,49.0,0.0,0.013100436681222707,1.0,0.0,0.0,0.0,8.22979895801821,0.0,0.0540125,34.375,0.45032751091703055,34.375,neutral,12.55
4995,28.4336678,77.3171962,79,6,40.87,4.85,45.72,0.0,10.86,10.86,0,0.0,43.42,56.58,0.29780558556385345,0.07058823529411765,1.0,0.8083333333333332,0.0,0.26067482706672307,6.839353284181085,0.0,0.024625,10.25,0.7235294117647059,10.25,good,22.2
5079,28.4354644,77.0019446,76,18,39.59,7.45,47.040000000000006,0.0,11.98,11.98,0,0.0,40.97999999999999,59.02000000000001,0.6727691321248875,0.19148936170212766,1.0,0.4138888888888889,0.0,0.5144804161433367,13.620654714114677,0.0,0.042125,12.4375,2.3816489361702127,12.4375,good,33.23
5101,28.4354644,77.0469806,28,22,11.34,11.28,22.62,7.68,14.97,22.65,0,0.0,54.73,45.27,2.255781558988643,0.44,0.6609271523178809,0.5127272727272727,0.0,1.1804323571270405,10.644155485893052,0.0,0.043725,8.1875,3.6025,5.41134105960265,good,52.5
5110,28.4354644,77.0654044,43,5,20.0,2.75,22.75,7.84,20.96,28.8,0,0.0,48.45,51.55,0.3124679945926672,0.10416666666666667,0.7277777777777777,0.55,0.0,0.2719093301140675,9.742779121769646,0.0,0.04948125,9.25,0.9635416666666667,6.731944444444444,good,15.82
5148,28.4354644,77.1431937,82,1,25.9,0.29,26.19,0.15,11.46,11.61,0,0.0,62.2,37.8,0.011072928598701794,0.012048192771084338,0.9870801033591733,0.0,0.0,0.011012072549186932,9.425305638337694,0.0,0.03596875,17.8125,0.21460843373493976,17.582364341085274,neutral,10.18
5177,28.4354644,77.2025593,8,2,2.21,0.0,2.21,0.0,0.91,0.91,0,0.0,96.88,3.1200000000000045,0.0,0.2,0.0,0.0,0.0,0.0,8.765197310438124,0.0,0.0067375,2.8125,0.5625,0.0,neutral,3.43
5317,28.437261,77.0019446,64,11,36.34,7.1,43.440000000000005,0.0,10.72,10.72,0,0.0,45.84,54.16,0.585940003570907,0.14666666666666667,1.0,0.6454545454545454,0.0,0.4611772937272104,13.492525803799694,0.0,0.031925,8.1875,1.2008333333333334,8.1875,good,27.18
5318,28.437261,77.0039917,70,27,30.9,13.53,44.43,0.41,14.12,14.53,0,0.0,41.04,58.96,1.4639548074598103,0.27835051546391754,0.9717825189263593,0.5011111111111111,0.0,0.9017677043747491,13.33883947431535,0.0,0.043875,12.4375,3.461984536082474,12.086545079146592,good,47.37
5334,28.437261,77.0367451,51,29,26.4,16.42,42.82,0.0,8.14,8.14,0,0.0,49.04,50.96,1.8816240910764102,0.3625,1.0,0.5662068965517242,0.0,1.058354055717076,11.083171544909456,0.0,0.034375,13.062499999999998,4.735156249999999,13.062499999999998,good,56.91
5335,28.437261,77.0387922,33,13,8.8,3.82,12.62,0.38,18.61,18.99,0,0.0,68.39,31.61,1.152464009687801,0.2826086956521739,0.979989468141127,0.2938461538461538,0.0,0.7666132369420087,10.957840579400647,0.0,0.046575,8.625,2.4375,8.45240916271722,good,29.48
5336,28.437261,77.0408393,32,6,6.88,2.99,9.87,1.33,14.17,15.5,0,0.0,74.63,25.370000000000005,0.8504550371785449,0.15789473684210525,0.9141935483870968,0.49833333333333335,0.0,0.6154315748880025,10.834755163887746,0.0,0.0370875,8.0,1.263157894736842,7.313548387096774,good,20.55
5339,28.437261,77.0469806,24,22,7.86,10.53,18.39,6.0,16.05,22.05,0,0.0,59.56,40.44,2.5901635343817477,0.4782608695652174,0.7278911564625851,0.4786363636363636,0.0,1.2781977542152683,10.479756253441966,0.0,0.04035625,7.062499999999999,3.3777173913043477,5.140731292517007,good,55.39
5352,28.437261,77.0735927,55,8,28.7,7.94,36.64,0.67,16.15,16.82,0,0.0,46.540000000000006,53.459999999999994,0.6869324375396277,0.12698412698412698,0.9601664684898928,0.9925,0.0,0.5229117538819648,9.239266594711065,0.0,0.03174375,9.875000000000002,1.2539682539682542,9.481643876337694,good,26.66
5402,28.437261,77.1759471,97,8,43.84,2.63,46.470000000000006,0.06,11.32,11.38,0,0.0,42.14999999999999,57.85000000000001,0.17940397576486508,0.0761904761904762,0.9947275922671353,0.32875,0.0,0.16500920558491444,8.975516191568337,0.0,0.0375125,17.8125,1.3571428571428572,17.718585237258345,good,22.64
5513,28.4390576,76.9159669,0,1,0.0,0.0,0.0,0.0,0.0,0.0,0,0.0,100.0,0.0,0.0,0.0,0.0,0.0,0.0,0.0,16.248127534569083,0.0,0.00453125,2.25,0.0,0.0,neutral,1.0
5519,28.4390576,76.9282494,100,5,27.81,0.55,28.36,0.32,18.55,18.87,0,0.0,52.77,47.23,0.05013150124811833,0.047619047619047616,0.9830418653948065,0.11000000000000001,0.0,0.04891539561156983,15.645897892255851,0.0,0.0513125,17.5,0.8333333333333333,17.203232644409113,good,13.35
5544,28.4390576,76.9794266,89,11,27.83,4.66,32.489999999999995,5.2,12.73,17.93,0,0.0,49.58,50.42,0.5141866806205168,0.11,0.7099832682654769,0.42363636363636364,0.0,0.4148784503338369,13.99195380092475,0.0,0.039125,14.0625,1.546875,9.984139709983268,good,23.69
5584,28.4390576,77.0613102,60,4,28.66,1.36,30.02,0.0,17.37,17.37,0,0.0,52.61,47.39,0.10519061322607637,0.0625,1.0,0.34,0.0,0.10001782075027126,9.569728469837077,0.0,0.04614375,9.25,0.578125,9.25,good,13.91
5586,28.4390576,77.0654044,41,11,18.08,6.79,24.87,8.15,16.68,24.83,0,0.0,50.3,49.7,0.978765395251172,0.21153846153846154,0.6717680225533629,0.6172727272727273,0.0,0.6824731124739983,9.383851990678725,0.0,0.04446875,6.0625,1.2824519230769231,4.072593636729763,good,27.29
5635,28.4390576,77.1657117,13,0,5.13,0.0,5.13,0.0,1.15,1.15,0,0.0,93.72,6.280000000000001,0.0,0.0,0.0,0.0,0.0,0.0,9.130866933110857,0.0,0.00698125,4.5625,0.0,0.0,neutral,2.64
5642,28.4390576,77.1800413,7,0,4.38,0.0,4.38,0.0,3.44,3.44,0,0.0,92.18,7.819999999999993,0.0,0.0,1.0,0.0,0.0,0.0,8.674433515928026,0.0,0.01304375,3.875,0.0,3.875,neutral,2.4
5798,28.4408542,77.0121801,46,11,37.64,6.42,44.06,0.58,13.46,14.04,0,0.0,41.9,58.1,0.5223663017392152,0.19298245614035087,0.9586894586894588,0.5836363636363636,0.0,0.4202659017963442,12.470888194602443,0.0,0.03374375,6.5,1.2543859649122806,6.231481481481482,good,26.61
5814,28.4408542,77.0449335,56,16,19.74,9.38,29.12,0.6,16.65,17.25,0,0.0,53.63,46.37,1.316634665210446,0.2222222222222222,0.9652173913043477,0.58625,0.0,0.8401155572349579,10.274302514157164,0.0,0.034525,10.625,2.361111111111111,10.255434782608694,good,36.93
5843,28.4408542,77.104299,5,8,2.05,4.17,6.22,0.0,3.83,3.83,0,0.0,89.95,10.049999999999997,2.1251748000023216,0.6153846153846154,1.0,0.52125,0.0,1.139490217624748,8.200565734711235,0.0,0.01285625,3.6875,2.269230769230769,3.6875,good,41.26
5938,28.4408542,77.2987725,62,3,44.18,1.32,45.5,0.53,13.54,14.07,0,0.0,40.43,59.57,0.058021978021978025,0.046153846153846156,0.9623312011371712,0.44,0.0,0.056401106398021164,6.076199973409731,0.0,0.02758125,8.75,0.40384615384615385,8.420398009950247,good,17.62
5991,28.4426509,76.9200611,60,4,18.44,0.76,19.200000000000003,0.0,19.09,19.09,0,0.0,61.71,38.29,0.09190965375595807,0.0625,1.0,0.19,0.0,0.08792813924429684,15.697800428330938,0.0,0.041425,14.6875,0.91796875,14.6875,good,11.3
6000,28.4426509,76.9384849,89,1,23.13,0.64,23.77,0.0,17.61,17.61,0,0.0,58.620000000000005,41.379999999999995,0.026924694993689526,0.011111111111111112,1.0,0.0,0.0,0.026568603032766147,14.836828210418657,0.0,0.0409,15.125,0.16805555555555557,15.125,neutral,9.5
6040,28.4426509,77.0203684,93,11,41.89,4.61,46.5,0.27,13.0,13.27,0,0.0,40.23,59.77,0.3554124113618179,0.10576923076923077,0.9796533534287868,0.4190909090909091,0.0,0.3041057706514035,11.742102316432833,0.0,0.0323125,14.187500000000002,1.5006009615384617,13.898831951770914,good,25.68
6047,28.4426509,77.034698,11,0,3.91,0.0,3.91,10.94,0.22,11.16,0,0.0,84.93,15.069999999999993,0.0,0.0,0.01971326164874552,0.0,0.0,0.0,10.75819885721957,0.0,0.021,4.3125,0.0,0.08501344086021505,neutral,2.25
6117,28.4426509,77.1779942,8,9,1.36,0.0,1.36,3.43,13.61,17.04,0,0.0,81.6,18.400000000000006,0.0,0.5294117647058824,0.7987089201877934,0.0,0.0,0.0,8.343921296778388,0.0,0.0352375,3.9375,2.0845588235294117,3.1449163732394365,neutral,7.82
6220,28.4444475,76.9016373,0,2,0.0,0.0,0.0,0.0,1.32,1.32,0,0.0,98.68,1.3199999999999932,0.0,0.0,0.0,0.0,0.0,0.0,16.54941250261892,0.0,0.00453125,2.25,0.0,0.0,neutral,1.0
6276,28.4444475,77.0162742,35,24,16.66,11.48,28.14,11.47,17.11,28.58,0,0.0,43.28,56.72,1.8945084953309823,0.4067796610169492,0.5986703988803359,0.47833333333333333,0.0,1.0628153195234538,11.906659545837833,0.0,0.04798125,10.625,4.322033898305085,6.360872988103569,good,51.15
6281,28.4444475,77.0265097,67,16,45.05,3.11,48.16,0.0,16.18,16.18,0,0.0,35.66,64.34,0.26395368430831717,0.1927710843373494,1.0,0.194375,0.0,0.23424465289218382,11.169368211800789,0.0,0.06900625,22.25,4.289156626506024,22.25,good,33.41
6444,28.4462441,76.872978,10,4,1.23,0.0,1.23,0.06,4.05,4.11,0,0.0,94.66,5.340000000000003,0.0,0.2857142857142857,0.9854014598540145,0.0,0.0,0.0,18.234970691205156,0.0,0.0127125,3.3125,0.9464285714285714,3.264142335766423,neutral,4.29
6476,28.4462441,76.9384849,143,5,32.01,1.36,33.37,1.13,17.84,18.97,0,0.0,47.66,52.34,0.10535058438659793,0.033783783783783786,0.9404322614654719,0.272,0.0,0.10016255558803279,14.477358960540544,0.0,0.0513,21.5,0.7263513513513514,20.219293621507646,good,15.43
6508,28.4462441,77.0039917,56,1,32.05,0.0,32.05,0.81,17.84,18.65,0,0.0,49.3,50.7,0.0,0.017543859649122806,0.9565683646112602,0.0,0.0,0.0,12.718183156609399,0.0,0.0417875,8.375,0.1469298245614035,8.011260053619305,neutral,11.68
6512,28.4462441,77.0121801,103,46,37.52,15.47,52.99,0.21,16.31,16.52,0,0.0,30.489999999999995,69.51,1.6216170887988877,0.3087248322147651,0.9872881355932203,0.336304347826087,0.0,0.9637913368428064,12.085518874424919,0.0,0.0544875,15.250000000000002,4.708053691275168,15.05614406779661,good,56.24
6532,28.4462441,77.0531218,61,17,29.52,4.45,33.97,0.53,17.63,18.16,0,0.0,47.87,52.13,0.546251582467421,0.21794871794871795,0.9708149779735682,0.26176470588235295,0.0,0.4358336681467829,9.317366446187384,0.0,0.04036875,9.6875,2.1113782051282053,9.404770099118942,good,26.36
6538,28.4462441,77.0654044,64,8,30.35,3.27,33.620000000000005,0.67,18.16,18.83,0,0.0,47.55,52.45,0.3083181069219619,0.1111111111111111,0.9644184811471058,0.40875,0.0,0.26874242447710933,8.676646570215535,0.0,0.04421875,10.8125,1.2013888888888888,10.427774827403082,good,19.96
6541,28.4462441,77.0715456,94,23,34.41,7.04,41.45,0.0,10.36,10.36,0,0.0,48.190000000000005,51.809999999999995,0.778724632209335,0.19658119658119658,1.0,0.3060869565217391,0.0,0.5758966087372819,8.40241435131357,0.0,0.0314375,13.0,2.5555555555555554,13.0,good,33.54
6596,28.4462441,77.1841355,11,2,4.22,0.0,4.22,0.04,3.33,3.37,0,0.0,92.41,7.590000000000003,0.0,0.15384615384615385,0.9881305637982196,0.0,0.0,0.0,7.80210974300242,0.0,0.01233125,3.6249999999999996,0.5576923076923077,3.5819732937685456,neutral,4.06
6655,28.4462441,77.3049137,18,1,14.17,3.44,17.61,2.93,7.37,10.3,0,0.0,72.09,27.909999999999997,0.19534355479841,0.05263157894736842,0.7155339805825243,0.0,0.0,0.17843363762027567,5.408758176302403,0.0,0.0256,5.0,0.2631578947368421,3.5776699029126213,neutral,10.31
6696,28.4480407,76.9016373,0,5,0.0,0.0,0.0,0.15,7.49,7.64,0,0.0,92.36,7.640000000000001,0.0,1.0,0.9803664921465969,0.0,0.0,0.0,16.2327795812725,0.0,0.01931875,2.625,2.625,2.5734620418848166,neutral,9.04
6740,28.4480407,76.9917092,79,9,48.7,6.6,55.3,0.0,8.36,8.36,0,0.0,36.34,63.66,0.3964688142180215,0.10227272727272728,1.0,0.7333333333333333,0.0,0.33394677476672163,12.841833160109918,0.0,0.0222375,13.625,1.3934659090909092,13.625,good,28.77
6752,28.4480407,77.0162742,49,28,42.01,11.08,53.09,0.04,16.81,16.85,0,0.0,30.06,69.94,1.0138713397252495,0.36363636363636365,0.9976261127596437,0.39571428571428574,0.0,0.7000589092990891,11.649013308531982,0.0,0.04761875,13.437499999999998,4.886363636363636,13.405600890207712,good,47.86
6770,28.4480407,77.0531218,66,10,31.14,5.51,36.65,0.0,14.89,14.89,0,0.0,48.46,51.54,0.5200946307964941,0.13157894736842105,1.0,0.5509999999999999,0.0,0.4187725900232487,9.155304111367128,0.0,0.03435625,11.75,1.5460526315789473,11.75,good,25.1
6776,28.4480407,77.0654044,55,12,24.23,4.57,28.8,0.1,14.97,15.07,0,0.0,56.13,43.87,0.587187830274472,0.1791044776119403,0.9933642999336431,0.38083333333333336,0.0,0.4619637901012791,8.50239187393624,0.0,0.0392,8.25,1.4776119402985073,8.195255474452555,good,23.38
6782,28.4480407,77.0776869,48,14,12.68,5.62,18.3,4.49,19.88,24.37,0,0.0,57.330000000000005,42.669999999999995,1.1998210463016323,0.22580645161290322,0.8157570783750512,0.4014285714285714,0.0,0.7883760144656151,7.977722067841362,0.0,0.04570625,14.8125,3.344758064516129,12.083401723430446,good,34.77
6926,28.4498374,76.8852606,0,1,0.0,0.0,0.0,0.0,0.0,0.0,0,0.0,100.0,0.0,0.0,0.0,0.0,0.0,0.0,0.0,17.11732152512054,0.0,0.00453125,2.25,0.0,0.0,neutral,1.0
7006,28.4498374,77.0490277,32,10,21.21,7.93,29.14,0.05,20.15,20.2,0,0.0,50.66,49.34,0.9414307733628609,0.23809523809523808,0.9975247524752475,0.7929999999999999,0.0,0.6634252132895849,9.240606742838445,0.0,0.0488375,8.0,1.9047619047619047,7.98019801980198,good,30.01
7015,28.4498374,77.0674515,42,16,21.2,9.13,30.33,0.15,16.32,16.47,0,0.0,53.2,46.8,1.2304166086586088,0.27586206896551724,0.9908925318761386,0.570625,0.0,0.8021883880496214,8.230161404641214,0.0,0.04118125,8.4375,2.3275862068965516,8.360655737704919,good,35.95
7024,28.4498374,77.0858752,24,8,8.53,3.8,12.329999999999998,11.65,18.12,29.77,0,0.0,57.900000000000006,42.099999999999994,0.9769436338589447,0.25,0.6086664427275782,0.475,0.0,0.6815520328356237,7.521118469663433,0.0,0.03721875,6.5,1.625,3.956331877729258,good,24.31
7130,28.4498374,77.3028666,41,2,13.71,0.93,14.64,0.3,9.15,9.45,0,0.0,75.91,24.090000000000003,0.10068409328351606,0.046511627906976744,0.9682539682539684,0.0,0.0,0.09593188948781711,5.030321200214995,0.0,0.02075,11.9375,0.5552325581395349,11.558531746031747,neutral,8.86
7132,28.4498374,77.3069608,27,7,27.91,9.14,37.05,11.43,11.18,22.61,0,0.0,40.34,59.66,0.7400809716599192,0.20588235294117646,0.49447147279964615,1.3057142857142858,0.0,0.553931647580433,4.998382434494954,0.0,0.02949375,7.249999999999999,1.4926470588235292,3.584918177797434,good,28.31
7203,28.451634,76.965097,1,4,0.22,0.0,0.22,0.12,0.75,0.87,1,4.34,94.57,1.0900000000000034,0.0,0.8,0.0,0.0,1.6752256529721035,0.0,12.956029909821869,0.0,0.009475,2.6875,2.15,0.0,neutral,7.66
7216,28.451634,76.9917092,91,11,31.02,3.14,34.16,0.0,15.26,15.26,0,0.0,50.58,49.42,0.3295310963777644,0.10784313725490197,1.0,0.28545454545454546,0.0,0.2848263209556236,12.44407929089259,0.0,0.05018125,14.3125,1.5435049019607845,14.3125,good,21.49
7220,28.451634,76.9998975,94,4,33.58,1.18,34.76,0.21,13.74,13.95,0,0.0,51.29,48.71,0.0788226453385238,0.04081632653061224,0.9849462365591398,0.295,0.0,0.0758703032927541,12.392528632329983,0.0,0.036875,15.0,0.6122448979591836,14.774193548387098,good,15.14
7249,28.451634,77.0592631,59,5,38.17,2.1,40.27,0.52,11.68,12.2,0,0.0,47.53,52.47,0.13480062705523785,0.078125,0.957377049180328,0.42000000000000004,0.0,0.12645697652135074,8.482152370894065,0.0,0.029475,6.8125,0.5322265625,6.522131147540984,good,17.47
7250,28.451634,77.0613102,39,4,27.0,1.51,28.51,8.27,19.48,27.75,0,0.0,43.74,56.26,0.1229783031666053,0.09302325581395349,0.701981981981982,0.3775,0.0,0.11598435514811968,8.370514704634095,0.0,0.04589375,7.3125,0.6802325581395349,5.1332432432432435,good,14.0
7303,28.451634,77.1698059,4,0,0.68,0.0,0.68,0.06,8.56,8.62,0,0.0,90.7,9.299999999999997,0.0,0.0,0.9930394431554526,0.0,0.0,0.0,7.690091351059381,0.0,0.023075,4.1875,0.0,4.158352668213458,neutral,1.22
7462,28.4534306,77.0080859,105,8,26.05,3.78,29.83,3.64,12.89,16.53,0,0.0,53.64,46.36,0.4016867752414328,0.07079646017699115,0.779794313369631,0.4725,0.0,0.3376763508427899,11.926657440139433,0.0,0.03803125,17.1875,1.2168141592920354,13.402714761040533,good,20.17
7467,28.4534306,77.0183213,57,23,37.53,6.15,43.68,0.76,21.94,22.7,0,0.0,33.61999999999999,66.38000000000001,0.6455476048405474,0.2875,0.9665198237885464,0.2673913043478261,0.0,0.4980732193021686,11.118987043045781,0.0,0.0592125,15.875,4.5640624999999995,15.343502202643174,good,38.44
7499,28.4534306,77.0838282,71,14,39.67,5.39,45.06,0.03,15.49,15.52,0,0.0,39.42,60.58,0.4673355594835755,0.16470588235294117,0.9980670103092784,0.38499999999999995,0.0,0.38344821157511083,7.204187920321976,0.0,0.039175,7.375,1.214705882352941,7.360744201030928,good,26.0
7502,28.4534306,77.0899694,38,6,13.71,2.37,16.080000000000002,0.1,14.57,14.67,1,5.45,63.8,30.75,0.41377059485550505,0.13636363636363635,0.9931833674164963,0.395,1.864080130807681,0.346260315879138,7.026986759139752,0.0,0.03210625,7.9375,1.0823863636363635,7.883392978868439,good,15.55
7505,28.4534306,77.0961107,10,9,17.25,7.93,25.18,1.0,20.44,21.44,0,0.0,53.38,46.62,1.0461830735685775,0.47368421052631576,0.9533582089552238,0.8811111111111111,0.0,0.715976142298969,6.897625738357196,0.0,0.045225,9.8125,4.6480263157894735,9.354827425373134,good,38.7
7548,28.4534306,77.1841355,64,20,27.25,12.9,40.15,7.03,11.14,18.17,0,0.0,41.68,58.32,1.4112302553884437,0.23809523809523808,0.6130985140341222,0.645,0.0,0.8801370966665643,7.026986759140071,0.0,0.03115625,12.1875,2.901785714285714,7.472138139790864,good,43.51
7550,28.4534306,77.1882297,37,5,22.39,1.55,23.94,0.51,11.43,11.94,0,0.0,64.12,35.879999999999995,0.16736390459974068,0.11904761904761904,0.957286432160804,0.31,0.0,0.15474813383013,6.9352445136263885,0.0,0.03148125,7.125,0.8482142857142857,6.820665829145729,good,13.71
7613,28.4534306,77.3171962,35,3,42.63,2.09,44.72,0.0,17.05,17.05,0,0.0,38.22999999999999,61.77000000000001,0.09347048300536673,0.07894736842105263,1.0,0.6966666666666667,0.0,0.08935656763398263,4.66401492422316,0.0,0.034425,10.562499999999998,0.8338815789473683,10.562499999999998,good,19.21
7616,28.4534306,77.3233375,71,24,29.79,4.86,34.65,1.66,13.99,15.65,1,1.08,48.620000000000005,50.3,0.65134606298139,0.25263157894736843,0.8939297124600639,0.2025,0.7323678937132266,0.5015907510783025,4.803564746469198,0.0,0.03765,17.0625,4.310526315789474,15.25267571884984,good,34.87
7672,28.4552272,76.9507674,0,4,0.0,0.0,0.0,0.0,5.46,5.46,0,0.0,94.54,5.459999999999994,0.0,1.0,1.0,0.0,0.0,0.0,13.066112025935391,0.0,0.00940625,2.75,2.75,2.75,neutral,9.42
7696,28.4552272,76.9998975,67,4,42.08,2.52,44.6,0.0,13.37,13.37,0,0.0,42.03,57.97,0.13119414347794064,0.056338028169014086,1.0,0.63,0.0,0.12327383888186522,11.993197975425975,0.0,0.03301875,14.4375,0.8133802816901409,14.4375,good,19.66
7715,28.4552272,77.0387922,24,15,19.68,15.84,35.52,7.63,19.79,27.42,0,0.0,37.06,62.94,1.7837837837837835,0.38461538461538464,0.7217359591539022,1.056,0.0,1.0238110755854113,9.472839793683042,0.0,0.0485125,8.875,3.4134615384615388,6.4054066374908825,good,49.09
7885,28.4570238,76.8995902,17,2,3.91,0.0,3.91,0.41,2.77,3.18,0,0.0,92.91,7.090000000000003,0.0,0.10526315789473684,0.871069182389937,0.0,0.0,0.0,15.588162672843051,0.0,0.01036875,4.3125,0.4539473684210526,3.7564858490566033,neutral,3.64
8077,28.4570238,77.2926312,0,1,0.0,0.0,0.0,0.0,0.0,0.0,0,0.0,100.0,0.0,0.0,0.0,0.0,0.0,0.0,0.0,4.490283052139224,0.0,0.00453125,2.25,0.0,0.0,neutral,1.0
8185,28.4588205,77.0265097,38,45,21.26,26.93,48.19,8.69,15.68,24.37,0,0.0,27.44,72.56,3.0867300991204685,0.5421686746987951,0.6434140336479277,0.5984444444444444,0.0,1.4077451635271123,10.119107760752597,0.0,0.04234375,12.0625,6.539909638554216,7.761181780878128,good,81.91
8222,28.4588205,77.102252,14,2,18.27,1.62,19.89,0.41,11.56,11.97,0,0.0,68.14,31.86,0.12909196838452855,0.125,0.9657477025898078,0.0,0.0,0.12141374188927682,6.222050519170287,0.0,0.02665,5.6875,0.7109375,5.492690058479532,neutral,11.43
8324,28.4588205,77.311055,36,11,40.64,11.09,51.73,1.63,9.44,11.07,0,0.0,37.2,62.8,0.768552757258798,0.23404255319148937,0.8527551942186088,1.008181818181818,0.0,0.570161560860399,4.000507411675923,0.0,0.0200125,7.5,1.7553191489361701,6.395663956639566,good,34.22
8400,28.4606171,76.9794266,45,2,16.62,0.34,16.96,0.0,7.85,7.85,0,0.0,75.19,24.810000000000002,0.03177401239653261,0.0425531914893617,1.0,0.0,0.0,0.03127966284378034,11.637410007563817,0.0,0.0243375,5.5625,0.23670212765957446,5.5625,neutral,7.61
8412,28.4606171,77.0039917,95,18,28.6,4.88,33.480000000000004,0.17,18.98,19.15,0,0.0,47.37,52.63,0.6191722301554567,0.1592920353982301,0.9911227154046999,0.2711111111111111,0.0,0.4819150496152848,11.387194450352649,0.0,0.06356875,20.3125,3.2356194690265485,20.132180156657967,good,30.73
8430,28.4606171,77.0408393,85,13,32.46,3.49,35.95,0.75,19.51,20.26,0,0.0,43.79,56.21,0.3696152622526019,0.1326530612244898,0.9629812438302073,0.2684615384615385,0.0,0.3145298699272188,8.916697898664296,0.0,0.04820625,16.3125,2.16390306122449,15.708631539980257,good,24.55
8449,28.4606171,77.079734,11,6,2.52,35.44,37.96,4.07,17.11,21.18,0,0.0,40.86,59.14,2.6209867870843384,0.35294117647058826,0.8078375826251181,5.906666666666666,0.0,1.286746581808147,6.615456790840941,0.0,0.03429375,7.75,2.735294117647059,6.260741265344665,good,60.13
8456,28.4606171,77.0940636,23,7,8.33,11.19,19.52,0.09,14.34,14.43,0,0.0,66.05000000000001,33.94999999999999,1.7197745901639345,0.23333333333333334,0.9937629937629938,1.5985714285714285,0.0,1.0005490056106336,6.1547103205627804,0.0,0.02720625,8.1875,1.9104166666666667,8.136434511434512,good,38.43
8506,28.4606171,77.196418,17,0,9.51,0.0,9.51,1.16,11.07,12.23,0,0.0,78.25999999999999,21.74000000000001,0.0,0.0,0.9051512673753066,0.0,0.0,0.0,6.0232406205773374,0.0,0.02470625,4.875,0.0,4.4126124284546195,neutral,4.04
8507,28.4606171,77.1984651,14,0,6.08,0.0,6.08,1.92,7.77,9.69,0,0.0,84.23,15.769999999999996,0.0,0.0,0.8018575851393189,0.0,0.0,0.0,6.006604299173254,0.0,0.01819375,5.3125,0.0,4.259868421052632,neutral,2.94
8602,28.4624137,76.9057315,41,4,6.76,0.79,7.55,0.1,6.75,6.85,0,0.0,85.60000000000001,14.399999999999991,0.242956714564373,0.08888888888888889,0.9854014598540146,0.1975,0.0,0.21749298856291305,14.742261774296455,0.0,0.0181625,6.6875,0.5944444444444444,6.5898722627737225,good,8.81
8657,28.4624137,77.0183213,72,16,21.68,7.98,29.66,6.28,9.8,16.08,0,0.0,54.260000000000005,45.739999999999995,1.0997287077942584,0.18181818181818182,0.609452736318408,0.49875,0.0,0.7418081496194097,10.538196593378148,0.0,0.02785625,11.1875,2.034090909090909,6.81825248756219,good,32.91
8682,28.4624137,77.0694985,5,3,0.76,0.46,1.22,1.8,17.11,18.91,0,0.0,79.87,20.129999999999995,0.0,0.375,0.9048122686409307,0.15333333333333335,0.0,0.0,6.929190382607303,0.0,0.03921875,5.0625,1.8984375,4.5806121099947115,good,7.21
8735,28.4624137,77.1779942,33,0,14.67,0.0,14.67,0.0,7.4,7.4,0,0.0,77.93,22.069999999999993,0.0,0.0,1.0,0.0,0.0,0.0,6.271218713285116,0.0,0.02245625,7.437500000000001,0.0,7.437500000000001,neutral,5.68
8888,28.4642103,77.0039917,86,11,50.27,3.96,54.23,0.0,16.79,16.79,0,0.0,28.980000000000004,71.02,0.2617822515739587,0.1134020618556701,1.0,0.36,0.0,0.23252520689745776,10.98764883993328,0.0,0.06145,17.6875,2.005798969072165,17.6875,good,28.32
8894,28.4642103,77.0162742,52,15,46.59,8.2,54.790000000000006,0.1,12.15,12.25,0,0.0,32.959999999999994,67.04,0.5986493885745573,0.22388059701492538,0.9918367346938776,0.5466666666666666,0.0,0.4691591406246732,10.599039132275756,0.0,0.03599375,8.5625,1.9169776119402986,8.492602040816326,good,33.19
8924,28.4642103,77.0776869,51,8,26.61,3.81,30.42,0.0,17.48,17.48,0,0.0,52.1,47.9,0.3970221648749247,0.13559322033898305,1.0,0.47625,0.0,0.33434294620116123,6.347849695562795,0.0,0.0331875,8.625,1.1694915254237288,8.625,good,20.15
8926,28.4642103,77.0817811,33,6,15.91,5.23,21.14,0.03,16.24,16.27,0,0.0,62.59,37.41,0.6945348269801925,0.15384615384615385,0.9981561155500921,0.8716666666666667,0.0,0.5274082648075472,6.168776634003603,0.0,0.03875,8.5625,1.3173076923076923,8.546711739397663,good,22.02
8933,28.4642103,77.0961107,22,7,12.88,5.68,18.56,11.9,14.52,26.42,0,0.0,55.02,44.98,0.9181034482758621,0.2413793103448276,0.5495836487509462,0.8114285714285714,0.0,0.6513369104999303,5.721061398604046,0.0,0.02701875,7.5,1.810344827586207,4.121877365632097,good,26.0
9030,28.4642103,77.2946783,22,3,25.73,1.18,26.91,0.0,10.97,10.97,0,0.0,62.12,37.88,0.08769973987365291,0.12,1.0,0.3933333333333333,0.0,0.08406513596498004,3.673639020371267,0.0,0.02244375,7.1875,0.8624999999999999,7.1875,good,13.53
9034,28.4642103,77.3028666,21,1,13.29,0.88,14.17,0.0,4.06,4.06,0,0.0,81.77000000000001,18.22999999999999,0.062103034580098804,0.045454545454545456,1.0,0.0,0.0,0.06025093749229567,3.4488181697095603,0.0,0.0126625,5.25,0.23863636363636365,5.25,neutral,7.17
9106,28.466007,76.9630499,4,10,1.03,0.0,1.03,0.0,8.82,8.82,1,0.5700000000000001,89.58000000000001,9.849999999999994,0.0,0.7142857142857143,1.0,0.0,0.45107561936021673,0.0,11.505663013409528,0.0,0.02616875,2.9375,2.0982142857142856,2.9375,neutral,7.76
9139,28.466007,77.0306039,80,18,41.76,5.29,47.05,0.26,15.9,16.16,0,0.0,36.79,63.21,0.4776097034243691,0.1836734693877551,0.9839108910891089,0.29388888888888887,0.0,0.39042571689836414,9.321429110630396,0.0,0.0498375,15.562499999999998,2.8584183673469385,15.312113242574256,good,31.82
9141,28.466007,77.034698,69,18,20.06,6.8,26.86,9.79,9.47,19.26,0,0.0,53.88,46.12,1.075424686947743,0.20689655172413793,0.4916926272066459,0.37777777777777777,0.0,0.7301658011494911,8.998088972229283,0.0,0.03170625,10.875,2.25,5.347157320872275,good,32.32
9214,28.466007,77.1841355,35,3,27.17,1.38,28.55,0.0,5.41,5.41,0,0.0,66.03999999999999,33.96000000000001,0.0966725043782837,0.07894736842105263,1.0,0.45999999999999996,0.0,0.0922805992362951,5.686514843455858,0.0,0.01706875,5.625,0.444078947368421,5.625,good,12.9
9345,28.4678036,76.965097,8,11,3.24,0.0,3.24,0.07,12.98,13.05,0,0.0,83.71000000000001,16.289999999999992,0.0,0.5789473684210527,0.9946360153256705,0.0,0.0,0.0,11.249421038885622,0.0,0.02908125,3.9375,2.2796052631578947,3.9163793103448277,neutral,9.02
9348,28.4678036,76.9712383,4,18,0.33,0.0,0.33,31.06,10.93,41.99,0,0.0,57.67999999999999,42.32000000000001,0.0,0.8181818181818182,0.26030007144558226,0.0,0.0,0.0,11.061145352004532,0.0,0.04183125,5.812499999999999,4.7556818181818175,1.5129941652774466,good,15.67
9362,28.4678036,76.9998975,45,7,30.69,2.86,33.550000000000004,2.41,19.09,21.5,0,0.0,44.95,55.05,0.2557377049180327,0.1346153846153846,0.8879069767441861,0.40857142857142853,0.0,0.2277232125732343,10.595646081823542,0.0,0.03625625,10.125,1.3629807692307692,8.990058139534884,good,19.66
9369,28.4678036,77.0142272,62,25,30.26,11.18,41.44,0.41,14.3,14.71,0,0.0,43.85,56.15,1.268120561023586,0.28735632183908044,0.9721278042148198,0.4472,0.0,0.818951541870507,10.567330134788637,0.0,0.02630625,6.8125,1.9576149425287355,6.62262066621346,good,38.92
9372,28.4678036,77.0203684,81,31,32.47,10.82,43.29,8.97,12.52,21.49,0,0.0,35.22,64.78,1.2497112497112497,0.2767857142857143,0.5825965565379246,0.34903225806451615,0.0,0.8108018745192187,10.048998181278593,0.0,0.0357625,18.4375,5.103236607142858,10.741624011167985,good,48.87
9379,28.4678036,77.034698,71,20,29.03,8.62,37.65,8.22,16.95,25.17,0,0.0,37.18,62.82,1.0056248654542608,0.21978021978021978,0.6734207389749701,0.43099999999999994,0.0,0.6959556657977867,8.879724654782699,0.0,0.0482375,15.250000000000002,3.351648351648352,10.269666269368296,good,38.11
9396,28.4678036,77.0694985,15,11,14.43,18.13,32.56,0.36,7.28,7.64,0,0.0,59.8,40.2,1.9961723015379162,0.4230769230769231,0.9528795811518326,1.6481818181818182,0.0,1.0973355745279805,6.436436869236926,0.0,0.0219125,4.75,2.0096153846153846,4.526178010471205,good,46.97
9400,28.4678036,77.0776869,30,8,20.79,5.96,26.75,2.6,17.11,19.71,0,0.0,53.54,46.46,0.7062711405082684,0.21052631578947367,0.8680872653475392,0.745,0.0,0.5343103699158529,5.998709937534705,0.0,0.0314125,8.4375,1.776315789473684,7.324486301369862,good,25.39
9406,28.4678036,77.0899694,27,11,8.48,6.02,14.5,3.68,19.37,23.05,0,0.0,62.45,37.55,1.4883775347821626,0.2894736842105263,0.8403470715835141,0.5472727272727272,0.0,0.9116309056410272,5.497379653585856,0.0,0.033825,6.9375,2.0082236842105265,5.829907809110629,good,33.72
9540,28.4696002,76.8770722,9,9,3.08,0.0,3.08,2.52,7.5,10.02,0,0.0,86.9,13.099999999999994,0.0,0.5,0.7485029940119761,0.0,0.0,0.0,16.17693969617331,0.0,0.01646875,3.75,1.875,2.8068862275449105,neutral,7.73
9584,28.4696002,76.9671441,6,16,3.19,0.0,3.19,10.69,18.68,29.37,0,0.0,67.44,32.56,0.0,0.7272727272727273,0.6360231528770854,0.0,0.0,0.0,10.994478014128015,0.0,0.03944375,5.5,4.0,3.49812734082397,good,14.27
9621,28.4696002,77.0428864,51,13,27.06,5.61,32.67,0.0,11.52,11.52,0,0.0,55.81,44.19,0.6537882189391845,0.203125,1.0,0.43153846153846154,0.0,0.5030685466496361,8.119545639092122,0.0,0.03105625,6.5,1.3203125,6.5,good,25.11
9645,28.4696002,77.0920165,37,16,15.77,13.53,29.3,0.19,13.46,13.65,0,0.0,57.05,42.95,1.887487107239491,0.3018867924528302,0.9860805860805861,0.845625,0.0,1.0603866108126592,5.244553853936787,0.0,0.02713125,7.3125,2.2075471698113205,7.210714285714286,good,44.94
9646,28.4696002,77.0940636,18,7,6.04,10.61,16.65,26.53,7.84,34.37,0,0.0,48.98,51.02,1.9117117117117117,0.28,0.22810590631364563,1.5157142857142856,0.0,1.0687411253346062,5.187003277395739,0.0,0.01946875,5.1875,1.4525000000000001,1.1832993890020367,good,38.94
9651,28.4696002,77.104299,42,4,20.82,2.48,23.3,4.5,16.61,21.11,0,0.0,55.59,44.41,0.24714084443436302,0.08695652173913043,0.7868308858360966,0.62,0.0,0.22085360693928716,5.01038843369464,0.0,0.03566875,7.375,0.6413043478260869,5.802877783041213,good,14.05
9667,28.4696002,77.1370525,161,7,27.68,1.18,28.86,0.13,12.94,13.07,0,0.0,58.07,41.93,0.12266112266112265,0.041666666666666664,0.990053557765876,0.16857142857142857,0.0,0.11570186945255888,5.726112710679621,0.0,0.03560625,20.6875,0.8619791666666666,20.48173297628156,good,14.66
9689,28.4696002,77.1820884,108,4,36.85,0.98,37.83,0.0,12.23,12.23,0,0.0,49.940000000000005,50.059999999999995,0.06015039738275483,0.03571428571428571,1.0,0.245,0.0,0.058410782382700775,5.380164290639066,0.0,0.0323875,17.375,0.6205357142857143,17.375,good,15.87
9690,28.4696002,77.1841355,45,12,29.03,5.29,34.32,0.0,11.8,11.8,0,0.0,53.88,46.12,0.5703766348766427,0.21052631578947367,1.0,0.44083333333333335,0.0,0.45131548541594113,5.3090237701260214,0.0,0.03095625,14.875000000000002,3.1315789473684212,14.875000000000002,good,29.96
9751,28.4696002,77.3090079,42,4,36.76,1.79,38.55,0.36,15.79,16.15,0,0.0,45.3,54.7,0.10781456004794757,0.08695652173913043,0.9777089783281734,0.4475,0.0,0.10238920974041361,2.7968526314128557,0.0,0.0316875,8.5,0.7391304347826086,8.310526315789474,good,17.16
9775,28.4713968,76.870931,2,2,0.06,0.0,0.06,0.0,1.71,1.71,0,0.0,98.23,1.769999999999996,0.0,0.5,0.0,0.0,0.0,0.0,16.517301201299325,0.0,0.0076,2.25,1.125,0.0,neutral,4.47
9800,28.4713968,76.9221082,143,2,33.68,1.01,34.69,5.07,15.05,20.12,0,0.0,45.190000000000005,54.809999999999995,0.046146212906554275,0.013793103448275862,0.7480119284294234,0.0,0.0,0.04511313876746816,12.954229467842511,0.0,0.05106875,23.5,0.32413793103448274,17.57828031809145,neutral,13.75
9879,28.4713968,77.0838282,69,48,16.56,23.88,40.44,0.52,14.95,15.47,0,0.0,44.09,55.91,3.3155111542401374,0.41025641025641024,0.9663865546218486,0.4975,0.0,1.4622157773666546,5.362038220266902,0.0,0.0433125,13.062499999999998,5.358974358974358,12.623424369747896,good,79.19
9884,28.4713968,77.0940636,20,12,9.18,13.6,22.78,15.46,14.14,29.6,0,0.0,47.62,52.38,2.209217742173786,0.375,0.4777027027027027,1.1333333333333333,0.0,1.1660272134168523,4.994936783299548,0.0,0.0294375,7.1875,2.6953125,3.433488175675676,good,49.09
9911,28.4713968,77.149335,22,0,6.55,0.0,6.55,0.0,6.62,6.62,0,0.0,86.83,13.170000000000002,0.0,0.0,1.0,0.0,0.0,0.0,6.112268369113523,0.0,0.01733125,5.999999999999999,0.0,5.999999999999999,neutral,3.09
9985,28.4713968,77.3008195,89,7,26.89,3.22,30.11,0.0,8.39,8.39,0,0.0,61.5,38.5,0.32082364662902696,0.07291666666666667,1.0,0.46,0.0,0.27825551672595683,2.7175911678914813,0.0,0.029025,20.4375,1.490234375,20.4375,good,19.91
9991,28.4713968,77.3131021,48,10,46.78,6.25,53.03,0.3,16.06,16.36,0,0.0,30.61,69.39,0.40772105631686045,0.1724137931034483,0.9816625916870415,0.625,0.0,0.3419721246974758,2.627725852662405,0.0,0.03113125,11.624999999999998,2.004310344827586,11.411827628361856,good,30.08
10056,28.4731934,76.9589558,107,21,27.97,6.24,34.21,9.22,11.91,21.13,0,0.0,44.66,55.34,0.8134128412831552,0.1640625,0.5636535731187885,0.29714285714285715,0.0,0.5952106175343784,10.914986840297654,0.0,0.04419375,16.9375,2.77880859375,9.54688239469948,good,32.42
10077,28.4731934,77.0019446,112,6,40.9,2.55,43.45,0.0,14.17,14.17,0,0.0,42.38,57.62,0.1647584591771436,0.05084745762711865,1.0,0.425,0.0,0.15251373434316634,9.990775906568357,0.0,0.03768125,16.6875,0.8485169491525424,16.6875,good,19.9
10079,28.4731934,77.0060388,48,4,32.33,2.03,34.36,0.54,15.26,15.8,0,0.0,49.84,50.16,0.13718026870260025,0.07692307692307693,0.9658227848101265,0.5075,0.0,0.12855174987263737,9.990775906568382,0.0,0.028825,8.875,0.6826923076923077,8.571677215189872,good,16.08
10080,28.4731934,77.0080859,37,7,22.24,3.12,25.36,0.0,9.78,9.78,0,0.0,64.86000000000001,35.139999999999986,0.3690851735015773,0.1590909090909091,1.0,0.44571428571428573,0.0,0.31414276022312426,9.996780137008516,0.0,0.02233125,7.3125,1.1633522727272727,7.3125,good,18.1
10089,28.4731934,77.0265097,125,14,30.62,4.2,34.82,0.04,11.99,12.03,0,0.0,53.15,46.85,0.47125044519114817,0.10071942446043165,0.9966749792186201,0.3,0.0,0.38611268218611716,9.22748684415424,0.0,0.0300375,13.125,1.3219424460431655,13.08135910224439,good,23.11
10102,28.4731934,77.0531218,36,4,27.16,2.65,29.81,9.86,12.99,22.85,0,0.0,47.34,52.66,0.20641091752604865,0.1,0.5684901531728664,0.6625,0.0,0.18764976790405535,7.091408429280508,0.0,0.028575,4.5,0.45,2.558205689277899,good,14.94
10115,28.4731934,77.079734,64,14,24.28,9.59,33.870000000000005,0.65,15.74,16.39,0,0.0,49.74,50.26,1.1062025630908086,0.1794871794871795,0.9603416717510677,0.6849999999999999,0.0,0.7448865928902211,5.381144036114445,0.0,0.03379375,9.6875,1.7387820512820513,9.303309945088468,good,33.44
10137,28.4731934,77.1247699,99,12,36.96,4.89,41.85,0.0,13.02,13.02,0,0.0,45.13,54.87,0.43238112835627096,0.10810810810810811,1.0,0.4075,0.0,0.3593381842133179,4.86558567750691,0.0,0.0383875,19.9375,2.1554054054054057,19.9375,good,27.34
10317,28.4749901,77.0060388,29,4,44.62,1.35,45.97,0.04,14.61,14.65,0,0.0,39.38,60.62,0.06818801235801478,0.12121212121212122,0.9972696245733788,0.3375,0.0,0.0659637665782323,9.791032801883917,0.0,0.030775,7.249999999999999,0.8787878787878787,7.230204778156995,good,19.37
10324,28.4749901,77.0203684,97,11,43.92,2.21,46.13,0.39,14.33,14.72,0,0.0,39.15,60.85,0.17174869123333522,0.10185185185185185,0.9735054347826086,0.2009090909090909,0.0,0.1584972408866945,9.659946315592807,0.0,0.03806875,19.0,1.9351851851851851,18.496603260869563,good,24.19
10333,28.4749901,77.0387922,121,34,37.34,9.96,47.3,2.33,17.26,19.59,0,0.0,33.109999999999985,66.89000000000001,1.0800773540966568,0.21935483870967742,0.8810617662072486,0.29294117647058826,0.0,0.732405082491262,8.098166604886577,0.0,0.04484375,17.1875,3.7701612903225805,15.143249106687087,good,43.57
10345,28.4749901,77.0633573,23,13,28.04,7.15,35.19,7.59,11.74,19.33,0,0.0,45.48,54.52,0.773588738070812,0.3611111111111111,0.6073460941541646,0.55,0.0,0.5730050295427074,6.2198430299744265,0.0,0.03575,8.375,3.0243055555555554,5.086523538541129,good,32.9
10378,28.4749901,77.1309112,87,26,32.8,12.73,45.53,2.03,11.41,13.44,1,6.2700000000000005,34.760000000000005,58.96999999999999,1.329446911982011,0.23008849557522124,0.8489583333333334,0.4896153846153846,1.983756291545428,0.8456308625675147,4.915183613993131,0.0,0.03064375,14.4375,3.3219026548672566,12.2568359375,good,45.31
10470,28.4749901,77.3192433,104,14,31.34,1.32,32.66,0.27,15.28,15.55,0,0.0,51.79,48.21,0.15790249804663947,0.11864406779661017,0.982636655948553,0.09428571428571429,0.0,0.1466101770278727,2.414498134221156,0.0,0.04173125,19.625,2.3283898305084745,19.28424437299035,good,20.89
10530,28.4767867,76.9548616,51,10,10.61,2.06,12.67,0.41,15.09,15.5,0,0.0,71.83000000000001,28.169999999999987,0.5624648093443436,0.16393442622950818,0.9735483870967742,0.20600000000000002,0.0,0.4462645803551749,10.723521581623999,0.0,0.03335,11.75,1.9262295081967211,11.439193548387097,good,19.24
10563,28.4767867,77.0224155,71,7,32.8,3.92,36.72,0.44,10.74,11.18,0,0.0,52.1,47.9,0.32026143790849676,0.08974358974358974,0.9606440071556351,0.5599999999999999,0.0,0.2778297760087693,9.391244727528752,0.0,0.03100625,10.6875,0.9591346153846154,10.26688282647585,good,20.38
10593,28.4767867,77.0838282,58,42,38.53,18.35,56.88,0.29,16.37,16.66,0,0.0,26.460000000000008,73.53999999999999,1.7505618538815664,0.42,0.982593037214886,0.43690476190476196,0.0,1.0118052013123193,4.833554385072341,0.0,0.04155625,10.875,4.5675,10.685699279711885,good,58.95
10597,28.4767867,77.0920165,41,10,16.3,8.68,24.98,0.43,15.13,15.56,0,0.0,59.46,40.54,1.2020763190461066,0.19607843137254902,0.9723650385604113,0.868,0.0,0.7894006966672309,4.490176268804852,0.0,0.03394375,5.999999999999999,1.176470588235294,5.834190231362467,good,30.3
10602,28.4767867,77.102252,51,7,30.02,2.66,32.68,0.53,15.53,16.06,0,0.0,51.260000000000005,48.739999999999995,0.24418604651162792,0.1206896551724138,0.9669987546699876,0.38,0.0,0.21848153820839847,4.2379928590789415,0.0,0.0416375,9.625,1.1616379310344829,9.30736301369863,good,18.59
10639,28.4767867,77.1779942,17,0,12.93,0.0,12.93,0.0,6.47,6.47,0,0.0,80.6,19.400000000000006,0.0,0.0,1.0,0.0,0.0,0.0,4.833559238556769,0.0,0.01536875,4.4375,0.0,4.4375,neutral,5.13
10650,28.4767867,77.2005122,18,0,7.91,0.0,7.91,0.1,6.3,6.4,0,0.0,85.69,14.310000000000002,0.0,0.0,0.9843749999999999,0.0,0.0,0.0,4.20005148052839,0.0,0.0165,6.187500000000001,0.0,6.0908203125,neutral,3.53
10705,28.4767867,77.3131021,39,6,35.15,2.55,37.7,0.48,15.95,16.43,0,0.0,45.870000000000005,54.129999999999995,0.1898874018898379,0.13333333333333333,0.970785149117468,0.425,0.0,0.17385868238601834,2.0374291613304143,0.0,0.03011875,10.562499999999998,1.408333333333333,10.253918137553255,good,20.15
10720,28.4785833,76.8566013,0,1,0.0,0.0,0.0,0.0,0.0,0.0,0,0.0,100.0,0.0,0.0,0.0,0.0,0.0,0.0,0.0,17.190866397692364,0.0,0.00453125,2.25,0.0,0.0,neutral,1.0
10778,28.4785833,76.9753325,27,6,13.75,0.53,14.28,0.22,11.74,11.96,0,0.0,73.75999999999999,26.24000000000001,0.10419454542650773,0.18181818181818182,0.9816053511705685,0.08833333333333333,0.0,0.09911615101364608,9.798050725861165,0.0,0.02836875,8.1875,1.4886363636363638,8.03689381270903,good,11.66
10785,28.4785833,76.9896621,119,1,34.23,0.0,34.23,0.0,17.57,17.57,0,0.0,48.2,51.8,0.0,0.008333333333333333,1.0,0.0,0.0,0.0,9.49324474185058,0.0,0.05030625,14.4375,0.1203125,14.4375,neutral,12.3
10800,28.4785833,77.0203684,41,4,27.09,3.27,30.36,0.96,15.46,16.42,0,0.0,53.21999999999999,46.78000000000001,0.25008909322403405,0.08888888888888889,0.9415347137637028,0.8175,0.0,0.22321482335352485,9.484705034497336,0.0,0.0392625,7.0,0.6222222222222222,6.590742996345919,good,16.29
10801,28.4785833,77.0224155,31,7,18.02,10.24,28.26,3.08,15.93,19.01,0,0.0,52.73,47.27,1.0870488322717622,0.18421052631578946,0.8379800105207784,1.4628571428571429,0.0,0.7357510261307488,9.303654010707271,0.0,0.0391375,9.75,1.7960526315789473,8.17030510257759,good,31.55
10804,28.4785833,77.0285568,87,14,25.27,2.97,28.24,0.04,11.79,11.83,0,0.0,59.93,40.07,0.41088757326336056,0.13861386138613863,0.996618765849535,0.21214285714285716,0.0,0.3442189909317052,8.765458281511336,0.0,0.03786875,10.875,1.5074257425742577,10.838229078613693,good,20.69
10818,28.4785833,77.057216,74,3,34.11,1.27,35.38,0.35,12.54,12.89,0,0.0,51.73,48.27,0.071791972866026,0.03896103896103896,0.9728471683475561,0.42333333333333334,0.0,0.06933198865518184,6.401258508157319,0.0,0.03504375,11.5,0.44805194805194803,11.187742435996896,good,14.73
10830,28.4785833,77.0817811,19,9,7.26,40.83,48.09,0.25,10.77,11.02,0,0.0,40.89,59.11,2.820426785490767,0.32142857142857145,0.9773139745916516,4.536666666666666,0.0,1.3403621403282906,4.767319517734393,0.0,0.0273,6.75,2.169642857142857,6.596869328493648,good,64.57
10838,28.4785833,77.0981578,51,16,29.4,7.16,36.56,0.59,14.18,14.77,0,0.0,48.67,51.33,0.8004987402448694,0.23880597014925373,0.960054163845633,0.4475,0.0,0.5880637044369393,4.118808786784643,0.0,0.03509375,7.6875,1.835820895522388,7.380416384563304,good,30.09
10984,28.4803799,76.9098256,5,2,0.71,0.0,0.71,0.0,1.59,1.59,0,0.0,97.7,2.299999999999997,0.0,0.2857142857142857,0.0,0.0,0.0,0.0,13.003475292841454,0.0,0.007975,2.625,0.75,0.0,neutral,3.52
11054,28.4803799,77.0531218,106,10,23.91,2.37,26.28,0.0,11.66,11.66,0,0.0,62.06,37.94,0.31198070533372885,0.08620689655172414,1.0,0.23700000000000002,0.0,0.27153798411324703,6.601602499834558,0.0,0.0318125,16.3125,1.40625,16.3125,good,18.3
11067,28.4803799,77.079734,4,5,9.31,25.82,35.13,4.25,16.11,20.36,0,0.0,44.51,55.49,1.8999069675098275,0.5555555555555556,0.7912573673870333,5.164,0.0,1.0646786563088237,4.7171225374463805,0.0,0.0373375,7.5,4.166666666666667,5.93443025540275,good,52.98
11068,28.4803799,77.0817811,11,5,6.18,12.7,18.88,11.11,17.65,28.76,0,0.0,52.36,47.64,1.738825410972388,0.3125,0.6136995827538246,2.54,0.0,1.0075291463626623,4.60116727654162,0.0,0.042975,7.75,2.421875,4.756171766342141,good,40.07
11073,28.4803799,77.0920165,7,14,3.03,19.34,22.37,17.24,14.94,32.18,0,0.0,45.45,54.55,3.3777051461362873,0.6666666666666666,0.4642635177128651,1.3814285714285715,0.0,1.47652464784594,4.119322448477938,0.0,0.03885625,6.6875,4.458333333333333,3.1047622747047856,good,71.58
11105,28.4803799,77.1575233,47,8,32.91,3.34,36.25,0.0,6.96,6.96,0,0.0,56.790000000000006,43.209999999999994,0.2920703311673744,0.14545454545454545,1.0,0.4175,0.0,0.2562458397668916,5.0103851703929285,0.0,0.0283,12.750000000000002,1.8545454545454547,12.750000000000002,good,22.56
11121,28.4803799,77.1902768,10,2,6.86,0.63,7.49,0.0,1.81,1.81,0,0.0,90.7,9.299999999999997,0.1333146028643963,0.16666666666666666,0.0,0.0,0.0,0.12514661593307935,3.9809915495493655,0.0,0.0087125,4.0,0.6666666666666666,0.0,neutral,7.4
11267,28.4821766,77.0019446,55,9,19.62,5.7,25.32,0.0,18.2,18.2,0,0.0,56.48,43.52,0.7478274147258279,0.140625,1.0,0.6333333333333333,0.0,0.5583735393645431,8.992111870123512,0.0,0.043775,13.875,1.951171875,13.875,good,26.08
11282,28.4821766,77.0326509,96,21,33.0,7.97,40.97,0.13,17.12,17.25,0,0.0,41.78,58.22,0.867504759593343,0.1794871794871795,0.9924637681159421,0.3795238095238095,0.0,0.6246031866659478,8.22893479022797,0.0,0.04701875,16.75,3.0064102564102564,16.62376811594203,good,36.08
11305,28.4821766,77.079734,31,6,23.67,10.22,33.89,0.54,17.32,17.86,0,0.0,48.25,51.75,0.8465968516798087,0.16216216216216217,0.9697648376259799,1.7033333333333334,0.0,0.6133444054268578,4.557890952287587,0.0,0.0364375,9.5625,1.5506756756756757,9.273376259798432,good,29.05
11307,28.4821766,77.0838282,54,8,41.55,2.71,44.26,0.0,15.07,15.07,0,0.0,40.67,59.33,0.19409165734090975,0.12903225806451613,1.0,0.33875,0.0,0.17738577696626842,4.323590390017934,0.0,0.02969375,10.562499999999998,1.3629032258064513,10.562499999999998,good,22.17
11364,28.4821766,77.2005122,19,0,5.55,0.0,5.55,0.0,10.97,10.97,0,0.0,83.48,16.519999999999996,0.0,0.0,1.0,0.0,0.0,0.0,3.6015150230534503,0.0,0.03003125,5.9375,0.0,5.9375,neutral,2.77
11513,28.4839732,77.0183213,34,8,35.82,6.01,41.83,9.83,18.75,28.58,0,0.0,29.58999999999999,70.41000000000001,0.45544463922228773,0.19047619047619047,0.6560531840447866,0.75125,0.0,0.37531144790633825,8.900901588893388,0.0,0.0445875,6.9375,1.3214285714285714,4.551368964310707,good,25.12
11529,28.4839732,77.0510747,38,3,8.49,0.89,9.38,16.23,12.64,28.87,0,0.0,61.75,38.25,0.18976545842217482,0.07317073170731707,0.43782473155524765,0.2966666666666667,0.0,0.17375619393503156,6.550384681927629,0.0,0.02900625,7.6875,0.5625,3.3657776238309665,good,8.51
11539,28.4839732,77.0715456,27,2,9.06,3.82,12.88,0.0,10.08,10.08,0,0.0,77.03999999999999,22.960000000000008,0.47007428204618135,0.06896551724137931,1.0,0.0,0.0,0.3853129315181512,4.9497092635232045,0.0,0.02796875,7.5,0.5172413793103449,7.5,neutral,13.62
11544,28.4839732,77.0817811,51,9,29.45,3.61,33.06,0.03,14.07,14.1,0,0.0,52.84,47.16,0.36273927472907974,0.15,0.997872340425532,0.4011111111111111,0.0,0.3094968466169029,4.277491045758421,0.0,0.03424375,8.1875,1.228125,8.170079787234043,good,20.66
11646,28.4839732,77.2905841,66,10,29.61,3.46,33.07,0.21,14.95,15.16,0,0.0,51.77,48.23,0.36194839432975656,0.13157894736842105,0.9861477572559366,0.346,0.0,0.30891631738376124,2.1630432587269097,0.0,0.03528125,14.75,1.9407894736842104,14.545679419525065,good,22.84
11732,28.4857698,76.9794266,5,12,3.73,0.0,3.73,3.36,15.27,18.63,0,0.0,77.64,22.36,0.0,0.7058823529411765,0.8196457326892109,0.0,0.0,0.0,8.91928887169212,0.0,0.03745,3.6875,2.6029411764705883,3.022443639291465,neutral,10.16
11824,28.4857698,77.1677588,19,0,9.96,0.0,9.96,0.07,12.48,12.55,0,0.0,77.49,22.510000000000005,0.0,0.0,0.9944223107569721,0.0,0.0,0.0,4.435836384898688,0.0,0.0270125,6.9375,0.0,6.898804780876493,neutral,4.18
12015,28.4875664,77.0715456,116,24,32.5,6.56,39.06,0.19,15.76,15.95,0,0.0,44.99,55.01,0.7799205480010801,0.17142857142857143,0.9880877742946709,0.2733333333333333,0.0,0.5765687273533305,4.684544565247164,0.0,0.04803125,19.8125,3.3964285714285714,19.576489028213167,good,35.37
12024,28.4875664,77.0899694,57,19,31.46,10.0,41.46,0.19,11.96,12.15,0,0.0,46.39,53.61,1.042433211502017,0.25,0.9843621399176955,0.5263157894736842,0.0,0.7141418478303669,3.495870771654226,0.0,0.0346,7.6875,1.921875,7.567283950617284,good,35.49
12154,28.4893631,76.8688839,1,3,0.31,0.79,1.1,0.0,2.3,2.3,0,0.0,96.6,3.4000000000000057,0.0,0.75,1.0,0.26333333333333336,0.0,0.0,15.53430207614231,0.0,0.008775,2.3125,1.734375,2.3125,good,6.66
12218,28.4893631,76.9998975,56,10,43.17,8.63,51.8,0.0,10.45,10.45,0,0.0,37.74999999999999,62.25000000000001,0.5763493217922756,0.15151515151515152,1.0,0.8630000000000001,0.0,0.45511161775818315,8.20054565533502,0.0,0.02973125,9.4375,1.4299242424242424,9.4375,good,30.41
12231,28.4893631,77.0265097,118,6,27.93,1.05,28.98,0.0,15.14,15.14,0,0.0,55.88,44.12,0.10171575804556537,0.04838709677419355,1.0,0.17500000000000002,0.0,0.09686874465231798,8.476232953926107,0.0,0.03915625,17.6875,0.8558467741935484,17.6875,good,14.37
12246,28.4893631,77.057216,32,10,14.8,9.88,24.68,9.8,11.97,21.77,0,0.0,53.55,46.45,1.3848940191303283,0.23809523809523808,0.54983922829582,0.9880000000000001,0.0,0.869154686929635,5.7299063964288175,0.0,0.02981875,7.5625,1.800595238095238,4.158159163987139,good,34.81
12382,28.4911597,76.848413,0,1,0.0,0.0,0.0,0.0,0.0,0.0,0,0.0,100.0,0.0,0.0,0.0,0.0,0.0,0.0,0.0,17.17187461566005,0.0,0.00453125,2.25,0.0,0.0,neutral,1.0
12406,28.4911597,76.8975431,1,4,0.1,0.0,0.1,0.0,3.67,3.67,0,0.0,96.23,3.769999999999996,0.0,0.8,1.0,0.0,0.0,0.0,13.115088653281301,0.0,0.00591875,2.375,1.9000000000000001,2.375,neutral,6.85
12457,28.4911597,77.0019446,57,15,32.29,6.46,38.75,3.62,14.88,18.5,0,0.0,42.75,57.25,0.6668387096774193,0.20833333333333334,0.8043243243243243,0.43066666666666664,0.0,0.5109288442450254,7.993514484041206,0.0,0.0383625,11.25,2.34375,9.04864864864865,good,30.38
12458,28.4911597,77.0039917,103,10,47.83,3.21,51.04,0.07,16.54,16.61,0,0.0,32.35000000000001,67.64999999999999,0.21757005281790212,0.08849557522123894,0.99578567128236,0.321,0.0,0.1968571125681365,7.991012283818492,0.0,0.0564375,18.5625,1.6426991150442478,18.484271523178805,good,25.53
12487,28.4911597,77.0633573,43,3,27.19,4.41,31.6,2.77,14.16,16.93,0,0.0,51.47,48.53,0.2791139240506329,0.06521739130434782,0.8363851151801536,1.47,0.0,0.24616759138260852,5.109968243411677,0.0,0.02944375,7.9375,0.5176630434782609,6.638806851742469,good,16.79
12496,28.4911597,77.0817811,7,5,2.85,4.54,7.390000000000001,24.14,19.71,43.85,0,0.0,48.76,51.24,1.5880554469924288,0.4166666666666667,0.4494868871151653,0.908,0.0,0.9509068010584653,3.675219655779616,0.0,0.0569125,6.9375,2.890625,3.1183152793614592,good,35.62
12501,28.4911597,77.0920165,9,10,13.41,10.26,23.67,6.59,14.38,20.97,0,0.0,55.36000000000001,44.63999999999999,1.4995254924891706,0.5263157894736842,0.6857415355269433,1.026,0.0,0.9161009108549535,3.050532042531868,0.0,0.04115,9.5,5.0,6.514544587505961,good,45.97
12504,28.4911597,77.0981578,109,13,29.26,8.52,37.78,0.0,10.38,10.38,0,0.0,51.84,48.16,0.8586200088917624,0.10655737704918032,1.0,0.6553846153846153,0.0,0.6198342816549616,2.783015719894441,0.0,0.03916875,14.4375,1.5384221311475408,14.4375,good,30.43
12540,28.4911597,77.171853,24,0,6.08,0.0,6.08,0.0,4.47,4.47,0,0.0,89.45,10.549999999999997,0.0,0.0,1.0,0.0,0.0,0.0,3.9252795491361763,0.0,0.01359375,6.375000000000001,0.0,6.375000000000001,neutral,2.94
12564,28.4911597,77.2209831,26,1,7.37,0.32,7.69,0.36,8.97,9.33,0,0.0,82.98,17.019999999999996,0.04161248374512354,0.037037037037037035,0.9614147909967846,0.0,0.0,0.04076997756271525,2.3386646355957112,0.0,0.02144375,6.6875,0.24768518518518517,6.429461414790997,neutral,4.83
12599,28.4911597,77.2926312,43,12,15.1,19.38,34.48,0.55,15.48,16.03,0,0.0,49.49,50.51,2.079887521391368,0.21818181818181817,0.9656893325015595,1.615,0.0,1.1248930772898706,1.649557059480196,0.0,0.0349375,12.125,2.6454545454545455,11.708983156581409,good,50.77
12613,28.4911597,77.3212904,172,12,56.24,1.95,58.190000000000005,0.14,8.72,8.86,0,0.0,32.95,67.05,0.12400511170948837,0.06521739130434782,0.9841986455981943,0.1625,0.0,0.11689829924540052,1.2650768126031422,0.0,0.0396875,21.0,1.3695652173913042,20.66817155756208,good,25.6
12615,28.4929563,76.8381775,4,2,0.25,0.0,0.25,0.0,4.09,4.09,0,0.0,95.66,4.340000000000003,0.0,0.3333333333333333,1.0,0.0,0.0,0.0,17.975344229721557,0.0,0.01224375,2.375,0.7916666666666666,2.375,neutral,3.51
12686,28.4929563,76.9835208,2,7,1.04,0.0,1.04,0.0,5.92,5.92,0,0.0,93.04,6.959999999999994,0.0,0.7777777777777778,1.0,0.0,0.0,0.0,8.043814645315535,0.0,0.0149,2.9999999999999996,2.333333333333333,2.9999999999999996,neutral,8.48
12705,28.4929563,77.0224155,81,27,29.51,9.26,38.77,0.27,18.15,18.42,0,0.0,42.81,57.19,1.1482101258254682,0.25,0.9853420195439738,0.34296296296296297,0.0,0.7646349958032618,7.996439061245837,0.0,0.04211875,12.8125,3.203125,12.624694625407164,good,40.11
12706,28.4929563,77.0244626,72,12,38.16,3.84,42.0,0.0,12.79,12.79,0,0.0,45.21000000000001,54.78999999999999,0.33832591708718557,0.14285714285714285,1.0,0.32,0.0,0.29141951731091714,8.043814645315535,0.0,0.039575,12.125,1.732142857142857,12.125,good,24.7
12707,28.4929563,77.0265097,69,4,23.59,0.73,24.32,0.09,18.99,19.08,0,0.0,56.6,43.4,0.06969603245344468,0.0547945205479452,0.9952830188679246,0.1825,0.0,0.06737452629572055,8.09585462106398,0.0,0.04265,10.937500000000002,0.5993150684931507,10.885908018867926,good,11.63
12765,28.4929563,77.1452408,82,26,25.29,23.45,48.74,7.8,9.57,17.37,0,0.0,33.89,66.11,2.2876920789030226,0.24074074074074073,0.5509499136442142,0.9019230769230769,0.0,1.1901858228398343,3.9359254253567673,0.0,0.0411,14.4375,3.475694444444444,7.954339378238342,good,60.92
12766,28.4929563,77.1472879,13,20,9.8,18.57,28.37,11.35,2.0,13.35,0,0.0,58.28,41.72,2.8750558526965664,0.6060606060606061,0.149812734082397,0.9285,0.0,1.3545600763005492,3.8589326209460824,0.0,0.024275,6.125,3.7121212121212124,0.9176029962546817,good,63.8
12778,28.4929563,77.171853,3,0,1.62,0.0,1.62,0.0,0.63,0.63,0,0.0,97.75,2.25,0.0,0.0,0.0,0.0,0.0,0.0,3.7324449508081177,0.0,0.00574375,2.875,0.0,0.0,neutral,1.52
12844,28.4929563,77.3069608,72,20,40.8,7.1,47.9,0.16,12.11,12.27,0,0.0,39.830000000000005,60.169999999999995,0.6510533131885011,0.21739130434782608,0.9869600651996739,0.355,0.0,0.5014134558693898,0.2827205058705902,0.0,0.0408375,16.125,3.5054347826086953,15.914731051344742,good,36.63
12845,28.4929563,77.3090079,71,27,34.27,13.79,48.06,0.49,20.06,20.55,0,0.0,31.389999999999983,68.61000000000001,1.379388771851318,0.2755102040816326,0.9761557177615571,0.5107407407407407,0.0,0.8668436361499858,0.19977280520986107,0.0,0.053675,22.375,6.16454081632653,21.84148418491484,good,55.56
12851,28.4929563,77.3212904,102,5,48.13,1.48,49.61,0.0,10.11,10.11,0,0.0,40.28,59.72,0.07711639792516248,0.04672897196261682,1.0,0.296,0.0,0.07428746840238577,1.216826733197722,0.0,0.03810625,19.8125,0.9258177570093458,19.8125,good,20.81
12922,28.4947529,76.9794266,3,1,0.68,0.0,0.68,0.0,2.29,2.29,0,0.0,97.03,2.969999999999999,0.0,0.25,1.0,0.0,0.0,0.0,7.961759679295553,0.0,0.00916875,2.4375,0.609375,2.4375,neutral,3.08
12934,28.4947529,77.0039917,67,10,39.07,3.32,42.39,0.0,11.23,11.23,0,0.0,46.38,53.62,0.270943924837835,0.12987012987012986,1.0,0.33199999999999996,0.0,0.23975987230236856,7.591466673399124,0.0,0.037175,13.1875,1.7126623376623376,13.1875,good,23.77
13012,28.4947529,77.1636646,63,11,28.93,3.11,32.04,0.5,11.45,11.95,0,0.0,56.010000000000005,43.989999999999995,0.3479785698265542,0.14864864864864866,0.9581589958158996,0.2827272727272727,0.0,0.29860611460896286,3.4020674233698673,0.0,0.03168125,12.0625,1.7930743243243243,11.557792887029288,good,21.85
13019,28.4947529,77.1779942,63,3,26.61,1.25,27.86,0.4,11.94,12.34,0,0.0,59.8,40.2,0.08973438621679827,0.045454545454545456,0.9675850891410048,0.4166666666666667,0.0,0.08593398417576953,3.2543906734671717,0.0,0.032475,13.625,0.6193181818181819,13.183346839546191,good,13.11
13044,28.4947529,77.2291714,68,16,43.01,3.17,46.18,0.27,14.96,15.23,1,0.62,37.970000000000006,61.41,0.2805815765864784,0.19047619047619047,0.9822718319107026,0.198125,0.4824261492442927,0.24731433145095807,1.7193074817437999,0.0,0.04568125,23.625,4.5,23.206172028890347,good,33.66
13048,28.4947529,77.2373598,98,17,50.58,3.47,54.05,0.0,17.53,17.53,0,0.0,28.42,71.58,0.26770841359860914,0.14782608695652175,1.0,0.20411764705882354,0.0,0.23721087184089779,1.4126669708622779,0.0,0.05480625,32.0,4.730434782608696,32.0,good,36.69
13080,28.4947529,77.3028666,17,12,16.26,10.46,26.72,16.35,10.83,27.18,0,0.0,46.1,53.9,1.4486002788830774,0.41379310344827586,0.3984547461368653,0.8716666666666667,0.0,0.8955165465525817,0.6001577007126444,0.0,0.0355,5.625,2.3275862068965516,2.2413079470198674,good,38.01
13083,28.4947529,77.3090079,62,27,54.14,7.83,61.97,0.04,14.76,14.8,0,0.0,23.230000000000004,76.77,0.6074163149864619,0.30337078651685395,0.9972972972972972,0.29,0.0,0.474628116668115,0.0,0.0,0.045275,24.25,7.356741573033708,24.184459459459458,good,52.27
13084,28.4947529,77.311055,58,10,32.41,7.19,39.6,0.07,11.47,11.54,0,0.0,48.86000000000001,51.13999999999999,0.6281139731818729,0.14705882352941177,0.9939341421143849,0.7190000000000001,0.0,0.48742227322686965,0.2000525669235895,0.0,0.03363125,16.5625,2.4356617647058822,16.4620342287695,good,30.36
13218,28.4965495,77.0981578,52,9,23.27,3.95,27.22,0.0,10.79,10.79,0,0.0,61.99,38.01,0.4820578976783645,0.14754098360655737,1.0,0.4388888888888889,0.0,0.3934315933701449,2.234133486704718,0.0,0.030275,7.249999999999999,1.0696721311475408,7.249999999999999,good,20.07
13245,28.4965495,77.1534292,12,4,4.01,2.04,6.05,7.47,5.55,13.02,0,0.0,80.93,19.069999999999993,0.7829311262099536,0.25,0.42626728110599077,0.51,0.0,0.5782587100978792,3.2950200890989323,0.0,0.0241875,4.8125,1.203125,2.0514112903225805,good,18.16
13249,28.4965495,77.1616175,84,18,41.55,8.03,49.58,0.31,12.31,12.62,0,0.0,37.8,62.2,0.6879963278126661,0.17647058823529413,0.9754358161648179,0.44611111111111107,0.0,0.523542220704969,3.1964093613242963,0.0,0.04443125,14.875000000000002,2.6250000000000004,14.509607765451667,good,35.01
13257,28.4965495,77.1779942,34,2,10.66,0.33,10.99,0.0,9.46,9.46,0,0.0,79.55,20.450000000000003,0.04759214060400196,0.05555555555555555,1.0,0.0,0.0,0.04649433133614686,3.1229560644689776,0.0,0.0266625,8.6875,0.48263888888888884,8.6875,neutral,6.69
13292,28.4965495,77.2496423,141,12,48.62,1.46,50.08,0.06,20.24,20.3,0,0.0,29.620000000000005,70.38,0.10788023139948072,0.0784313725490196,0.9970443349753694,0.12166666666666666,0.0,0.10244848807767006,1.3984318754528176,0.0,0.0718125,27.125,2.127450980392157,27.044827586206893,good,25.1
13331,28.4983462,76.8422717,0,4,0.0,0.0,0.0,13.2,2.69,15.89,0,0.0,84.11,15.89,0.0,1.0,0.16928886091881687,0.0,0.0,0.0,17.35862370618558,0.0,0.0193625,2.375,2.375,0.40206104468219006,neutral,8.28
13530,28.4983462,77.2496423,176,23,47.9,3.17,51.07,0.0,19.95,19.95,0,0.0,28.980000000000004,71.02,0.28459626252763,0.11557788944723618,1.0,0.13782608695652174,0.0,0.2504444763928496,1.198647950750531,0.0,0.07155,28.9375,3.344535175879397,28.9375,good,31.75
13544,28.4983462,77.2783016,17,2,5.87,0.0,5.87,0.0,1.15,1.15,0,0.0,92.98,7.019999999999996,0.0,0.10526315789473684,0.0,0.0,0.0,0.0,3.027202225058263,0.0,0.00750625,4.3125,0.4539473684210526,0.0,neutral,4.26
13546,28.4983462,77.2823957,46,10,13.3,2.11,15.41,0.17,8.68,8.85,0,0.0,75.74000000000001,24.25999999999999,0.47367947536175836,0.17857142857142858,0.9807909604519774,0.211,0.0,0.38776231785622306,2.6311439429035413,0.0,0.02301875,10.625,1.8973214285714286,10.42090395480226,good,18.71
13656,28.5001428,77.0203684,15,1,4.6,0.95,5.55,0.4,10.36,10.76,0,0.0,83.69,16.310000000000002,0.17117117117117117,0.0625,0.9628252788104089,0.0,0.0,0.1580042491432483,7.172831213372814,0.0,0.02595,5.375,0.3359375,5.1751858736059475,neutral,6.32
13728,28.5001428,77.1677588,57,15,23.13,18.03,41.16,0.06,7.23,7.29,0,0.0,51.55,48.45,1.752186588921283,0.20833333333333334,0.9917695473251029,1.2020000000000002,0.0,1.012395718979561,2.8604984269557656,0.0,0.02744375,11.6875,2.4348958333333335,11.59130658436214,good,47.42
13743,28.5001428,77.1984651,139,6,29.22,2.26,31.48,0.0,12.01,12.01,0,0.0,56.510000000000005,43.489999999999995,0.2015445401477187,0.041379310344827586,1.0,0.37666666666666665,0.0,0.1836078459589953,1.6475145412215024,0.0,0.04723125,23.8125,0.9853448275862069,23.8125,good,17.04
13835,28.5019394,76.8995902,122,2,33.16,0.0,33.16,0.52,16.87,17.39,0,0.0,49.45,50.55,0.0,0.016129032258064516,0.9700977573317999,0.0,0.0,0.0,12.253784712933381,0.0,0.03878125,15.562499999999998,0.251008064516129,15.097146348476135,neutral,12.36
13891,28.5019394,77.0142272,57,2,22.98,0.49,23.47,0.32,18.57,18.89,0,0.0,57.63999999999999,42.36000000000001,0.033090397330778294,0.03389830508474576,0.9830598200105876,0.0,0.0,0.032554695825493425,6.865567944261271,0.0,0.042525,14.8125,0.5021186440677966,14.561573583906828,neutral,10.52
13929,28.5019394,77.0920165,2,15,1.84,0.83,2.67,25.89,15.79,41.68,0,0.0,55.65,44.35,1.243445692883895,0.8823529411764706,0.3788387715930902,0.05533333333333333,0.0,0.8080129397151998,2.1251522828805878,0.0,0.047325,4.6875,4.136029411764706,1.7758067418426104,good,32.85
13967,28.5019394,77.1698059,35,10,16.12,6.74,22.86,6.96,13.8,20.76,0,0.0,56.38,43.62,1.0199724019954237,0.2222222222222222,0.6647398843930635,0.674,0.0,0.7030838489412792,2.717522978336167,0.0,0.040075,11.5625,2.569444444444444,7.686054913294797,good,31.2
13979,28.5019394,77.1943709,75,5,38.19,1.83,40.02,0.0,11.36,11.36,0,0.0,48.620000000000005,51.379999999999995,0.11820293294152212,0.0625,1.0,0.366,0.0,0.11172287252015185,1.6111438973097418,0.0,0.0421125,13.5,0.84375,13.5,good,18.1
13980,28.5019394,77.196418,59,10,29.64,3.23,32.87,0.21,11.83,12.04,0,0.0,55.09,44.91,0.33994414749615065,0.14492753623188406,0.9825581395348838,0.323,0.0,0.2926279321211222,1.5217453773037313,0.0,0.032775,13.062499999999998,1.8931159420289854,12.834665697674417,good,22.3
13982,28.5019394,77.2005122,41,8,38.88,2.52,41.400000000000006,0.39,13.13,13.52,0,0.0,45.07999999999999,54.92000000000001,0.19295195660953202,0.16326530612244897,0.9711538461538463,0.315,0.0,0.17643087123155995,1.4126650415152469,0.0,0.03493125,8.5625,1.3979591836734693,8.315504807692308,good,21.34
14247,28.503736,77.2557836,109,8,53.57,1.41,54.98,0.11,14.17,14.28,0,0.0,30.74000000000001,69.25999999999999,0.08129491182309313,0.06837606837606838,0.992296918767507,0.17625,0.0,0.07815931534753026,0.8481187668771495,0.0,0.0507,26.25,1.7948717948717952,26.047794117647058,good,25.25
14260,28.503736,77.2823957,13,2,3.39,0.0,3.39,2.12,1.65,3.77,0,0.0,92.84,7.159999999999997,0.0,0.13333333333333333,0.4376657824933687,0.0,0.0,0.0,2.785799526598505,0.0,0.00765625,5.3125,0.7083333333333334,2.325099469496021,neutral,4.25
14269,28.503736,77.3008195,49,19,20.77,17.8,38.57,20.83,4.52,25.35,0,0.0,36.08,63.92,1.994563652812939,0.27941176470588236,0.17830374753451675,0.9368421052631579,0.0,1.0967985290711622,1.2798568378212942,0.0,0.02305,6.187500000000001,1.7288602941176474,1.1032544378698226,good,48.01
14280,28.503736,77.3233375,54,25,38.43,8.18,46.61,0.53,14.52,15.05,0,0.0,38.34,61.66,0.8249216239947249,0.31645569620253167,0.9647840531561461,0.3272,0.0,0.6015370403559444,1.7200545680188035,0.0,0.0375875,16.6875,5.2808544303797476,16.09983388704319,good,44.22
14358,28.5055327,76.9958034,1,1,0.03,0.0,0.03,0.0,0.0,0.0,0,0.0,99.97,0.030000000000001137,0.0,0.0,0.0,0.0,0.0,0.0,6.442657060115629,0.0,0.00453125,2.4375,0.0,0.0,neutral,1.01
14374,28.5055327,77.0285568,75,5,36.09,1.37,37.46,10.37,13.18,23.55,0,0.0,38.99,61.01,0.0945381373728773,0.0625,0.5596602972399151,0.274,0.0,0.09033248193551124,6.828371057002347,0.0,0.0277875,11.25,0.703125,6.296178343949045,good,16.51
14382,28.5055327,77.0449335,83,18,36.99,5.33,42.32,0.0,16.55,16.55,0,0.0,41.13,58.87,0.5350059935409809,0.1782178217821782,1.0,0.2961111111111111,0.0,0.4285342856184958,6.280632453394276,0.0,0.04481875,13.9375,2.483910891089109,13.9375,good,30.01
14438,28.5055327,77.1595704,36,0,8.88,0.0,8.88,0.76,12.3,13.06,0,0.0,78.06,21.939999999999998,0.0,0.0,0.9418070444104135,0.0,0.0,0.0,2.206606697078014,0.0,0.0248,8.6875,0.0,8.181948698315468,neutral,3.84
14448,28.5055327,77.1800413,111,17,32.84,5.49,38.330000000000005,0.04,10.72,10.76,0,0.0,50.91,49.09,0.5972577160949202,0.1328125,0.996282527881041,0.32294117647058823,0.0,0.4682882313510168,2.416371570552002,0.0,0.03816875,20.875,2.7724609375,20.79739776951673,good,30.53
14450,28.5055327,77.1841355,47,37,43.82,10.27,54.09,0.66,13.4,14.06,0,0.0,31.84999999999999,68.15,0.9964173703654209,0.44047619047619047,0.9530583214793741,0.27756756756756756,0.0,0.6913542594196951,2.058757279019109,0.0,0.0375125,19.1875,8.451636904761905,18.28680654338549,good,58.85
14482,28.5055327,77.2496423,91,28,46.95,8.73,55.68000000000001,1.84,12.22,14.06,0,0.0,30.25999999999999,69.74000000000001,0.7616769771455405,0.23529411764705882,0.8691322901849218,0.3117857142857143,0.0,0.5662661833212825,0.3995456104193685,0.0,0.03846875,21.25,5.0,18.469061166429587,good,45.32
14500,28.5055327,77.2864899,218,7,26.24,1.5,27.74,0.0,6.35,6.35,0,0.0,65.91,34.09,0.16222062004325885,0.03111111111111111,1.0,0.21428571428571427,0.0,0.15033250275174204,2.50575148193318,0.0,0.02501875,31.375,0.976111111111111,31.375,good,15.24
14589,28.5073293,76.9814737,0,1,0.0,0.0,0.0,0.0,0.0,0.0,0,0.0,100.0,0.0,0.0,0.0,0.0,0.0,0.0,0.0,6.572097829954619,0.0,0.00453125,2.25,0.0,0.0,neutral,1.0
14591,28.5073293,76.9855679,3,24,0.21,0.15,0.36,16.56,14.81,31.37,1,0.73,67.53999999999999,31.730000000000004,0.0,0.8888888888888888,0.4721071087025821,0.0062499999999999995,0.5481214085096876,0.0,6.449252944078982,0.0,0.04294375,5.1875,4.611111111111111,2.4490556263946446,good,15.24
14615,28.5073293,77.034698,74,4,35.23,1.54,36.77,0.77,14.32,15.09,0,0.0,48.14000000000001,51.85999999999999,0.0972469204820924,0.05128205128205128,0.9489728296885355,0.385,0.0,0.09280424300408825,6.881234806684265,0.0,0.02940625,11.1875,0.5737179487179487,10.61663353214049,good,15.93
14639,28.5073293,77.0838282,31,8,27.66,6.3,33.96,6.42,13.59,20.01,0,0.0,46.03,53.97,0.5880602917870014,0.20512820512820512,0.6791604197901049,0.7875,0.0,0.46251332922448907,2.529769334860505,0.0,0.03820625,7.375,1.5128205128205128,5.008808095952023,good,25.14
14641,28.5073293,77.0879223,35,9,23.49,16.43,39.92,1.04,11.13,12.17,0,0.0,47.91,52.09,1.367216397770525,0.20454545454545456,0.9145439605587511,1.8255555555555556,0.0,0.861714749154273,2.153927101499473,0.0,0.0303,7.75,1.585227272727273,7.087715694330321,good,38.75
14695,28.5073293,77.1984651,74,26,34.22,13.33,47.55,0.04,12.89,12.93,0,0.0,39.52,60.48,1.3329684627516096,0.26,0.9969064191802012,0.5126923076923077,0.0,0.8471414750532017,0.8936440066109751,0.0,0.03698125,14.875000000000002,3.8675000000000006,14.828982985305494,good,47.67
14708,28.5073293,77.2250773,45,1,21.41,0.82,22.23,0.32,8.54,8.86,0,0.0,68.91,31.090000000000003,0.03688708951866846,0.021739130434782608,0.963882618510158,0.0,0.0,0.03622304146655231,0.5653931280978599,0.0,0.0199,9.0625,0.19701086956521738,8.735186230248306,neutral,9.24
14715,28.5073293,77.2394069,100,9,58.76,3.36,62.12,0.0,12.88,12.88,0,0.0,25.0,75.0,0.17967930455282577,0.08256880733944955,1.0,0.3733333333333333,0.0,0.16524262573714724,0.0,0.0,0.04101875,16.1875,1.3365825688073396,16.1875,good,27.58
14744,28.5073293,77.2987725,26,6,23.8,6.97,30.77,4.99,7.09,12.08,0,0.0,57.15,42.85,0.6359201757147059,0.1875,0.5869205298013245,1.1616666666666666,0.0,0.49220544463974564,1.7193017969792896,0.0,0.01995625,6.6875,1.25390625,3.9250310430463573,good,24.04
14752,28.5073293,77.3151492,55,13,16.7,1.36,18.06,20.68,17.05,37.73,1,13.669999999999998,30.540000000000013,55.78999999999999,0.28671111262449295,0.19117647058823528,0.45189504373177847,0.10461538461538462,2.68580459215489,0.2520894377025557,1.5217614966743658,0.0,0.04296875,14.499999999999998,2.7720588235294112,6.552478134110787,good,19.48
14954,28.5091259,77.241454,64,13,42.31,3.07,45.38,0.06,13.04,13.1,0,0.0,41.52,58.48,0.2575711681515391,0.16883116883116883,0.9954198473282443,0.23615384615384613,0.0,0.2291822163418455,0.2827012260936303,0.0,0.03764375,13.375,2.258116883116883,13.313740458015268,good,26.2
14955,28.5091259,77.2435011,76,21,24.18,6.81,30.99,1.16,14.62,15.78,0,0.0,53.23,46.77,0.9799525434953209,0.21649484536082475,0.926489226869455,0.3242857142857143,0.0,0.6830728764875523,0.4471603871358479,0.0,0.033475,13.9375,3.017396907216495,12.91294359949303,good,34.58
14958,28.5091259,77.2496423,84,32,51.75,12.3,64.05,0.88,9.65,10.53,0,0.0,25.42,74.58,0.968712688026682,0.27586206896551724,0.9164292497625832,0.384375,0.0,0.6773798712987812,0.0,0.0,0.03506875,20.0,5.517241379310345,18.328584995251664,good,52.63
15075,28.5109225,77.0019446,23,2,7.84,2.68,10.52,0.0,14.69,14.69,0,0.0,74.78999999999999,25.210000000000008,0.40377371691375463,0.08,1.0,0.0,0.0,0.3391641223249441,5.796939361190095,0.0,0.03661875,7.75,0.62,7.75,neutral,12.21
15084,28.5109225,77.0203684,63,10,20.73,4.33,25.06,0.98,16.59,17.57,0,0.0,57.370000000000005,42.629999999999995,0.5977389827892856,0.136986301369863,0.944223107569721,0.433,0.0,0.4685894940710525,6.0103062444034805,0.0,0.03593125,12.4375,1.7037671232876712,11.743774900398405,good,23.03
15089,28.5109225,77.0306039,31,2,15.11,0.56,15.67,0.35,9.78,10.13,1,0.8099999999999999,73.39,25.799999999999997,0.0566419272752934,0.06060606060606061,0.9654491609081933,0.0,0.5933268452777344,0.05509588627377473,6.350008321411505,0.000275,0.02991875,9.1875,0.5568181818181819,8.870064165844026,neutral,8.54
15095,28.5109225,77.0428864,38,8,14.12,8.86,22.98,8.76,18.03,26.79,0,0.0,50.23,49.77,1.222172998815443,0.17391304347826086,0.6730123180291154,1.1075,0.0,0.7984855454393943,6.41301209069325,0.0,0.0407,7.3125,1.2717391304347825,4.921402575587907,good,30.25
15118,28.5109225,77.0899694,51,5,31.93,3.52,35.45,2.83,16.22,19.05,0,0.0,45.49999999999999,54.50000000000001,0.25667328639036585,0.08928571428571429,0.8514435695538057,0.704,0.0,0.22846798046257677,1.8439658271652124,0.0,0.04034375,11.25,1.0044642857142858,9.578740157480315,good,19.18
15148,28.5109225,77.1513821,13,0,5.42,0.0,5.42,0.0,6.61,6.61,0,0.0,87.97,12.030000000000001,0.0,0.0,1.0,0.0,0.0,0.0,1.8852908191346998,0.0,0.017325,4.75,0.0,4.75,neutral,2.73
15186,28.5109225,77.2291714,71,31,52.68,16.53,69.21000000000001,0.0,10.8,10.8,0,0.0,19.989999999999995,80.01,1.1941915908105765,0.30392156862745096,1.0,0.533225806451613,0.0,0.7858136829313157,0.0,0.0,0.0443125,16.0625,4.881740196078431,16.0625,good,55.65
15189,28.5109225,77.2353127,104,18,40.94,3.75,44.69,0.0,12.37,12.37,0,0.0,42.940000000000005,57.059999999999995,0.3564495004567788,0.14754098360655737,1.0,0.20833333333333334,0.0,0.3048706245999024,0.5654000416690649,0.0,0.03845625,20.5,3.0245901639344264,20.5,good,29.79
15319,28.5127191,77.0142272,21,0,6.11,0.0,6.11,0.19,5.51,5.7,0,0.0,88.19,11.810000000000002,0.0,0.0,0.9666666666666666,0.0,0.0,0.0,5.682373686242555,0.0,0.01440625,5.5625,0.0,5.377083333333332,neutral,2.95
15332,28.5127191,77.0408393,52,4,32.0,2.52,34.52,1.42,16.04,17.46,0,0.0,48.02,51.98,0.16950344145759422,0.07142857142857142,0.9186712485681557,0.63,0.0,0.15657924971206733,6.603538093838219,0.0,0.03188125,10.937500000000002,0.7812500000000001,10.047966781214205,good,16.91
15345,28.5127191,77.0674515,80,24,32.44,6.17,38.61,2.45,15.78,18.23,0,0.0,43.16,56.84,0.7421028927974631,0.23076923076923078,0.8656061437191442,0.25708333333333333,0.0,0.5550929425857961,4.00529240121804,0.0,0.04344375,18.8125,4.341346153846154,16.284215578716402,good,37.56
15353,28.5127191,77.0838282,26,7,11.92,23.75,35.67,0.73,16.93,17.66,0,0.0,46.67,53.33,1.9974768713204374,0.21212121212121213,0.9586636466591166,3.392857142857143,0.0,1.097770891899918,2.4084824202507873,0.0,0.0458,7.5,1.590909090909091,7.189977349943375,good,46.7
15363,28.5127191,77.104299,12,0,6.8,0.0,6.8,0.0,5.47,5.47,0,0.0,87.73,12.269999999999996,0.0,0.0,1.0,0.0,0.0,0.0,0.4471470667435911,0.0,0.01698125,4.25,0.0,4.25,neutral,3.17
15368,28.5127191,77.1145345,44,0,9.71,0.0,9.71,0.06,5.12,5.18,0,0.0,85.11,14.89,0.0,0.0,0.9884169884169884,0.0,0.0,0.0,0.6324350580632141,0.0,0.01615625,8.1875,0.0,8.092664092664092,neutral,4.1
15405,28.5127191,77.1902768,0,0,0.0,0.0,0.0,0.0,0.14,0.14,0,0.0,99.86,0.14000000000000057,0.0,0.0,0.0,0.0,0.0,0.0,1.216606801050319,0.0,0.004525,2.3125,0.0,0.0,neutral,1.0
15420,28.5127191,77.2209831,28,1,8.22,0.0,8.22,0.06,5.42,5.48,0,0.0,86.3,13.700000000000003,0.0,0.034482758620689655,0.9890510948905109,0.0,0.0,0.0,0.8246349968204582,0.0,0.01390625,5.999999999999999,0.2068965517241379,5.9343065693430646,neutral,4.26
15427,28.5127191,77.2353127,73,30,36.29,6.46,42.75,2.57,19.51,22.08,0,0.0,35.17,64.83,0.7486341091251277,0.2912621359223301,0.8836050724637683,0.21533333333333332,0.0,0.5588349741082751,0.632441243965,0.0,0.0489875,21.75,6.334951456310679,19.21841032608696,good,45.09
15561,28.5145158,77.0224155,45,8,21.49,2.77,24.26,0.51,15.63,16.14,0,0.0,59.6,40.4,0.36194114814489714,0.1509433962264151,0.9684014869888476,0.34625,0.0,0.30891099691481677,5.6862527269714125,0.0,0.03123125,9.125,1.3773584905660377,8.836663568773234,good,18.3
15603,28.5145158,77.1083932,75,16,59.55,4.47,64.02,0.0,9.55,9.55,0,0.0,26.430000000000007,73.57,0.2853945470226338,0.17582417582417584,1.0,0.279375,0.0,0.25106571170443986,0.0,0.0,0.03981875,20.25,3.5604395604395607,20.25,good,36.55
15649,28.5145158,77.2025593,54,33,47.73,14.57,62.3,0.04,11.47,11.51,0,0.0,26.19,73.81,1.1897966869505208,0.3793103448275862,0.9965247610773241,0.4415151515151515,0.0,0.783808702509893,0.0,0.0,0.03645,11.1875,4.24353448275862,11.148620764552565,good,51.43
15658,28.5145158,77.2209831,87,0,11.35,0.0,11.35,0.0,13.15,13.15,0,0.0,75.5,24.5,0.0,0.0,1.0,0.0,0.0,0.0,0.8942865202123216,0.0,0.02924375,16.5625,0.0,16.5625,neutral,4.62
15791,28.5163124,77.0060388,3,2,3.69,0.0,3.69,0.05,6.07,6.12,0,0.0,90.19,9.810000000000002,0.0,0.4,0.9918300653594772,0.0,0.0,0.0,5.198007449139303,0.0,0.01818125,3.4375,1.375,3.4094158496732025,neutral,6.39
15803,28.5163124,77.0306039,25,6,6.27,9.9,16.17,4.44,23.42,27.86,0,0.0,55.970000000000006,44.029999999999994,1.7187887277903697,0.1935483870967742,0.8406317300789663,1.6500000000000001,0.0,1.000186460457906,5.808359291617537,0.0,0.0584875,10.0625,1.9475806451612903,8.458856783919598,good,37.46
15804,28.5163124,77.0326509,61,15,19.73,5.64,25.37,1.79,15.72,17.51,0,0.0,57.12,42.88,0.8892392589672841,0.19736842105263158,0.897772701313535,0.376,0.0,0.6361742395603494,5.9005615503832844,0.0,0.0367375,12.4375,2.4547697368421053,11.166047972587092,good,29.73
15874,28.5163124,77.1759471,75,22,22.99,8.04,31.03,0.1,13.36,13.46,0,0.0,55.51,44.49,1.1720734169093903,0.2268041237113402,0.9925705794947993,0.3654545454545454,0.0,0.7756822030240907,1.7198215972844129,0.0,0.03691875,15.375,3.4871134020618557,15.26077265973254,good,38.86
15897,28.5163124,77.2230302,24,0,7.94,0.0,7.94,8.37,16.96,25.33,0,0.0,66.73,33.269999999999996,0.0,0.0,0.6695617844453219,0.0,0.0,0.0,0.8480829272803678,0.0,0.02969375,5.75,0.0,3.849980260560601,neutral,3.54
16040,28.518109,77.0285568,15,1,6.25,0.59,6.84,1.97,25.71,27.68,0,0.0,65.47999999999999,34.52000000000001,0.08625730994152046,0.0625,0.9288294797687862,0.0,0.0,0.0827381270952087,5.540927290963391,0.0,0.056875,7.625000000000001,0.47656250000000006,7.082324783236995,neutral,5.92
16104,28.518109,77.1595704,16,6,7.28,2.2,9.48,13.79,17.52,31.31,0,0.0,59.21,40.79,0.6514958679880516,0.2727272727272727,0.5595656339827532,0.3666666666666667,0.0,0.5016814638704346,0.8237506520106864,0.0,0.03908125,11.125,3.0340909090909087,6.225167678058129,good,22.92
16108,28.518109,77.1677588,59,28,19.47,10.18,29.65,1.0,16.43,17.43,0,0.0,52.92,47.08,1.6679341156964143,0.3218390804597701,0.942627653471027,0.36357142857142855,0.0,0.9813044334817576,0.9992846579130988,0.0,0.0394375,15.375,4.948275862068965,14.49290017211704,good,50.21
16136,28.518109,77.2250773,32,3,10.33,1.55,11.88,0.48,13.41,13.89,1,0.66,73.57,25.77000000000001,0.2609427609427609,0.08571428571428572,0.9654427645788337,0.5166666666666667,0.5068176023684519,0.23185966415457454,0.8936335320440285,0.0,0.032925,7.8125,0.6696428571428571,7.542521598272138,good,10.69
16157,28.518109,77.2680661,118,5,39.38,1.01,40.39,0.1,11.86,11.96,0,0.0,47.65,52.35,0.0646400625335075,0.04065040650406504,0.991638795986622,0.202,0.0,0.06263677258473625,2.0587036542571955,0.0,0.0370125,19.125,0.7774390243902439,18.965091973244146,good,17.23
16165,28.518109,77.2844428,81,7,17.71,9.07,26.78,4.03,11.66,15.69,0,0.0,57.53,42.47,1.0160567587752054,0.07954545454545454,0.7431485022307203,1.2957142857142858,0.0,0.7011435039671692,2.26143537068551,0.0,0.03203125,14.875000000000002,1.1832386363636365,11.054333970681965,good,28.15
16247,28.5199056,76.965097,81,0,41.9,0.0,41.9,0.41,14.48,14.89,0,0.0,43.21,56.79,0.0,0.0,0.9724647414372062,0.0,0.0,0.0,6.117431719484481,0.0,0.03395625,15.8125,0.0,15.377098723975823,neutral,14.38
16284,28.5199056,77.0408393,60,2,36.85,0.55,37.4,1.13,14.2,15.33,0,0.0,47.27,52.73,0.02330827206942877,0.03225806451612903,0.9262883235485975,0.0,0.0,0.023040782796680776,5.995290826523811,0.0,0.03310625,9.0625,0.2923387096774194,8.394487932159164,neutral,14.18
16291,28.5199056,77.0551689,1,0,0.02,0.0,0.02,0.0,7.7,7.7,0,0.0,92.28,7.719999999999999,0.0,0.0,1.0,0.0,0.0,0.0,5.2346516136019465,0.0,0.01878125,3.1875000000000004,0.0,3.1875000000000004,neutral,1.01
16344,28.5199056,77.1636646,40,24,17.25,12.45,29.7,8.97,10.59,19.56,0,0.0,50.74,49.26,1.94666698864294,0.375,0.5414110429447853,0.5187499999999999,0.0,1.0806746972494023,0.6318194334108571,0.0,0.02611875,8.5,3.1875,4.601993865030675,good,48.94
16347,28.5199056,77.1698059,58,25,15.69,8.68,24.37,0.44,10.94,11.38,0,0.0,64.25,35.75,1.6741820580001916,0.30120481927710846,0.9613356766256589,0.3472,0.0,0.9836435608797541,0.9995971026900209,0.0,0.026925,12.375000000000002,3.7274096385542177,11.89652899824253,good,44.87
16359,28.5199056,77.1943709,2,0,0.06,0.0,0.06,0.0,3.25,3.25,0,0.0,96.69,3.3100000000000023,0.0,0.0,1.0,0.0,0.0,0.0,0.9996231661128268,0.0,0.01155,2.8125,0.0,2.8125,neutral,1.02
16404,28.5199056,77.2864899,85,11,49.31,5.88,55.190000000000005,0.0,8.38,8.38,0,0.0,36.42999999999999,63.57000000000001,0.38194563334372883,0.11458333333333333,1.0,0.5345454545454545,0.0,0.32349238545715164,1.9787486109413133,0.0,0.035025,19.875,2.27734375,19.875,good,31.23
16405,28.5199056,77.288537,29,0,4.79,0.0,4.79,0.0,0.06,0.06,0,0.0,95.15,4.849999999999994,0.0,0.0,0.0,0.0,0.0,0.0,1.8426846346999124,0.0,0.0047375,7.5,0.0,0.0,neutral,2.53
16510,28.5217023,77.0162742,13,3,1.48,0.0,1.48,0.0,6.57,6.57,0,0.0,91.95,8.049999999999997,0.0,0.1875,1.0,0.0,0.0,0.0,4.748883745461486,0.0,0.01864375,5.6875,1.06640625,5.6875,neutral,4.74
16542,28.5217023,77.0817811,35,22,16.53,12.98,29.51,8.74,11.7,20.44,0,0.0,50.05,49.95,1.9896927885333795,0.38596491228070173,0.5724070450097847,0.59,0.0,1.0951706358139248,2.7201144773084227,0.0,0.0306125,12.6875,4.896929824561403,7.2624143835616435,good,54.75
16557,28.5217023,77.1124874,20,3,6.31,0.0,6.31,0.0,7.46,7.46,0,0.0,86.23,13.769999999999996,0.0,0.13043478260869565,1.0,0.0,0.0,0.0,0.8936318042040188,0.0011875,0.01815,5.6875,0.7418478260869565,5.6875,neutral,5.29
16587,28.5217023,77.1739001,112,26,45.46,7.0,52.46,0.1,9.1,9.2,0,0.0,38.34,61.66,0.634468404787348,0.18840579710144928,0.9891304347826088,0.2692307692307692,0.0,0.49131761679483743,1.2647563897195147,0.0,0.032075,17.8125,3.3559782608695654,17.61888586956522,good,37.38
16588,28.5217023,77.1759471,179,14,34.05,2.84,36.89,0.03,7.1,7.13,0,0.0,55.98,44.02,0.30077444541957693,0.07253886010362694,0.9957924263674613,0.20285714285714285,0.0,0.262959814338285,1.4558747437498756,0.0,0.02368125,23.1875,1.6819948186528495,23.08993688639551,good,22.36
16632,28.5217023,77.266019,27,2,4.73,0.0,4.73,0.0,3.37,3.37,0,0.0,91.9,8.099999999999994,0.0,0.06896551724137931,1.0,0.0,0.0,0.0,2.1250701884687175,0.0,0.012525,5.999999999999999,0.4137931034482758,5.999999999999999,neutral,3.78
16764,28.5234989,77.0490277,13,2,2.44,0.23,2.67,1.86,4.57,6.43,0,0.0,90.9,9.099999999999994,0.13653235024938798,0.13333333333333333,0.7107309486780716,0.0,0.0,0.127981828709031,5.885533987412774,0.0,0.013,4.4375,0.5916666666666667,3.1538685847589427,neutral,5.68
16780,28.5234989,77.0817811,39,29,37.15,21.16,58.31,2.49,8.65,11.14,0,0.0,30.55,69.45,1.7806517750484696,0.4264705882352941,0.7764811490125673,0.7296551724137931,0.0,1.0226853516793821,2.7853356314770155,0.0,0.0308875,13.875,5.917279411764706,10.77367594254937,good,63.99
16855,28.5234989,77.2353127,95,32,36.7,4.68,41.38,4.47,18.74,23.21,0,0.0,35.41,64.59,0.5705114663750015,0.25196850393700787,0.807410598879793,0.14625,0.0,0.45140134106828855,1.521725224213386,0.0,0.055575,21.75,5.480314960629921,17.5611805256355,good,39.41
16888,28.5234989,77.3028666,61,17,35.63,5.59,41.22,0.0,15.23,15.23,0,0.0,43.55,56.45,0.5654992905886105,0.21794871794871795,1.0,0.3288235294117647,0.0,0.4482048086309856,1.0186988617006887,0.0,0.045475,19.6875,4.290865384615385,19.6875,good,35.64
16961,28.5252955,76.965097,0,1,0.0,0.0,0.0,0.0,0.0,0.0,0,0.0,100.0,0.0,0.0,0.0,0.0,0.0,0.0,0.0,5.659887000355482,0.0,0.00453125,2.25,0.0,0.0,neutral,1.0
17019,28.5252955,77.0838282,75,34,29.82,12.58,42.4,8.59,10.1,18.69,0,0.0,38.91,61.09,1.5218485932350867,0.3119266055045872,0.5403959336543606,0.37,0.0,0.9249922013373739,2.6827120270458806,0.0,0.03594375,16.4375,5.127293577981652,8.882758159443553,good,52.67
17057,28.5252955,77.1616175,5,1,1.8,68.46,70.25999999999999,0.3,1.74,2.04,0,0.0,27.700000000000003,72.3,0.9743808710503843,0.16666666666666666,0.8529411764705882,0.0,0.0,0.6802548661945508,0.0,0.0,0.00796875,3.3125,0.5520833333333333,2.8253676470588234,neutral,39.48
17092,28.5252955,77.2332656,55,20,24.53,5.81,30.34,0.13,10.85,10.98,0,0.0,58.67999999999999,41.32000000000001,0.8411128617780026,0.26666666666666666,0.9881602914389799,0.2905,0.0,0.6103702049769977,1.6475046134735318,0.0,0.03001875,10.25,2.7333333333333334,10.128642987249544,good,31.46
17095,28.5252955,77.2394069,68,20,37.95,1.44,39.39,0.06,15.45,15.51,0,0.0,45.1,54.9,0.16057215254636747,0.22727272727272727,0.9961315280464216,0.072,0.0,0.14891311847166194,1.88529600171238,0.0,0.0629375,20.1875,4.588068181818182,20.109405222437136,good,30.0
17258,28.5270921,77.0858752,21,9,18.95,11.98,30.93,8.08,13.34,21.42,0,0.0,47.64999999999999,52.35000000000001,1.2866698537585064,0.3,0.622782446311858,1.3311111111111111,0.0,0.8270965468406545,2.606854620069338,0.0,0.0315625,7.8125,2.34375,4.86548786181139,good,37.02
17290,28.5270921,77.1513821,36,15,7.91,9.35,17.259999999999998,8.27,16.1,24.37,0,0.0,58.37,41.63,2.166859791425261,0.29411764705882354,0.6606483381206402,0.6233333333333333,0.0,1.1527404948446403,1.01971519876249,0.0,0.0409625,11.624999999999998,3.419117647058823,7.680036930652441,good,48.92
17299,28.5270921,77.1698059,3,0,7.54,0.0,7.54,7.47,6.73,14.2,1,2.71,75.55,21.74000000000001,0.0,0.0,0.473943661971831,0.0,1.3110318766193438,0.0,0.8245386726164143,0.0,0.02040625,2.9999999999999996,0.0,1.421830985915493,neutral,3.41
17313,28.5270921,77.1984651,0,0,0.0,0.0,0.0,0.0,0.05,0.05,0,0.0,99.95,0.04999999999999716,0.0,0.0,0.0,0.0,0.0,0.0,1.454505304852358,0.0,0.00451875,2.3125,0.0,0.0,neutral,1.0
17317,28.5270921,77.2066535,25,14,12.58,15.56,28.14,12.26,17.04,29.3,0,0.0,42.56,57.44,2.160313349952685,0.358974358974359,0.5815699658703071,1.1114285714285714,0.0,1.1506711840600883,1.454505304852358,0.0,0.0338875,12.25,4.397435897435898,7.124232081911262,good,55.29
17371,28.5270921,77.3171962,75,10,15.87,0.0,15.87,0.0,17.43,17.43,1,1.0,65.7,33.3,0.0,0.11764705882352941,1.0,0.0,0.6931471805599453,0.0,1.7084523687300486,0.0,0.051375,18.9375,2.2279411764705883,18.9375,neutral,12.89
17432,28.5288887,76.9548616,104,4,32.63,0.0,32.63,0.73,16.6,17.33,0,0.0,50.040000000000006,49.959999999999994,0.0,0.037037037037037035,0.9578765147143683,0.0,0.0,0.0,6.118585203761419,0.0,0.0414875,18.375,0.6805555555555555,17.600980957876516,neutral,13.5
17467,28.5288887,77.0265097,36,10,1.65,0.0,1.65,0.29,13.52,13.81,1,0.06,84.48,15.459999999999994,0.0,0.21739130434782608,0.9790007241129616,0.0,0.058268908123975775,0.0,4.3869618120516565,0.0,0.032275,11.6875,2.5407608695652173,11.442070963070238,neutral,9.31
17585,28.5288887,77.2680661,24,3,15.21,0.64,15.85,0.0,7.56,7.56,0,0.0,76.59,23.409999999999997,0.08075709779179811,0.1111111111111111,1.0,0.21333333333333335,0.0,0.07766181201273893,2.8406488091275035,0.0,0.0216625,7.249999999999999,0.8055555555555554,7.249999999999999,good,9.72
17611,28.5288887,77.3212904,81,4,15.83,1.51,17.34,0.75,17.35,18.1,0,0.0,64.56,35.44,0.20219789061591217,0.047058823529411764,0.9585635359116023,0.3775,0.0,0.18415145701808483,2.0393585829046157,0.0,0.05064375,18.5625,0.8735294117647059,17.793335635359117,good,12.19
17734,28.5306854,77.0858752,39,26,31.07,16.55,47.620000000000005,7.93,10.61,18.54,0,0.0,33.84,66.16,1.6525281008148969,0.4,0.5722761596548004,0.6365384615384616,0.0,0.975513185536556,2.8412441740390086,0.0,0.03045625,11.0,4.4,6.295037756202804,good,54.04
17745,28.5306854,77.1083932,24,0,21.3,0.0,21.3,0.21,10.29,10.5,0,0.0,68.2,31.799999999999997,0.0,0.0,0.9799999999999999,0.0,0.0,0.0,1.7979774858714785,0.0,0.0243375,6.0625,0.0,5.941249999999999,neutral,7.8
17766,28.5306854,77.1513821,35,22,14.58,11.07,25.65,0.08,13.93,14.01,0,0.0,60.34,39.66,1.9522741073509216,0.38596491228070173,0.9942897930049964,0.5031818181818182,0.0,1.0825757572211592,1.1657923130398316,0.0,0.0321,9.0,3.4736842105263155,8.948608137044967,good,48.6
17790,28.5306854,77.2005122,37,9,22.96,7.78,30.74,11.67,12.22,23.89,0,0.0,45.37,54.63,0.8407482296103995,0.1956521739130435,0.5115110925073253,0.8644444444444445,0.0,0.6101721354899939,1.809066871064916,0.0,0.032225,6.25,1.2228260869565217,3.1969443281707832,good,26.95
17817,28.5306854,77.2557836,81,26,24.74,5.43,30.17,0.26,10.93,11.19,0,0.0,58.64,41.36,0.8557851884901435,0.24299065420560748,0.9767649687220733,0.20884615384615385,0.0,0.6183078887056865,2.4712544369561753,0.0,0.02376875,7.9375,1.9287383177570094,7.753071939231456,good,29.15
17842,28.5306854,77.3069608,111,7,41.78,0.76,42.54,0.0,11.96,11.96,0,0.0,45.5,54.5,0.0535966149506347,0.059322033898305086,1.0,0.10857142857142857,0.0,0.05220965860068981,0.6323345327794266,0.0,0.04845,21.0,1.2457627118644068,21.0,good,19.19
17934,28.532482,77.0080859,7,14,2.06,7.16,9.22,6.16,18.63,24.79,0,0.0,65.99000000000001,34.00999999999999,3.033984453856507,0.6666666666666666,0.7515127067365873,0.5114285714285715,0.0,1.3947545857458403,3.41964567652691,0.0,0.037225,4.6875,3.125,3.522715812827753,good,58.23
17946,28.532482,77.0326509,34,2,12.11,0.0,12.11,0.32,8.48,8.8,0,0.0,79.09,20.909999999999997,0.0,0.05555555555555555,0.9636363636363636,0.0,0.0,0.0,4.4011569947178755,0.0,0.0218625,7.1875,0.3993055555555555,6.926136363636363,neutral,6.09
17955,28.532482,77.0510747,61,16,38.39,8.97,47.36,6.62,8.53,15.15,0,0.0,37.49,62.51,0.7741668430324228,0.2077922077922078,0.5630363036303629,0.560625,0.0,0.5733309285250425,5.71696008657437,0.0,0.02396875,9.0,1.8701298701298703,5.0673267326732665,good,33.26
18000,28.532482,77.1431937,6,2,3.79,3.55,7.34,7.22,3.49,10.71,0,0.0,81.95,18.049999999999997,0.7665690568882976,0.25,0.3258636788048553,0.0,0.0,0.569039279545639,1.9692981315499676,0.0,0.018725,4.4375,1.109375,1.4460200746965453,neutral,18.04
18019,28.532482,77.1820884,0,0,0.0,0.0,0.0,0.0,0.84,0.84,0,0.0,99.16,0.8400000000000034,0.0,0.0,0.0,0.0,0.0,0.0,2.153610629316661,0.0,0.004525,2.3125,0.0,0.0,neutral,1.0
18022,28.532482,77.1882297,3,0,0.16,0.0,0.16,0.0,0.03,0.03,0,0.0,99.81,0.18999999999999773,0.0,0.0,0.0,0.0,0.0,0.0,2.439455015187663,0.0,0.00465625,2.4375,0.0,0.0,neutral,1.05
18042,28.532482,77.2291714,57,4,14.94,1.06,16.0,7.99,18.15,26.14,0,0.0,57.86,42.14,0.15382773628628776,0.06557377049180328,0.6943381790359602,0.265,0.0,0.14308488162806382,2.3973070209934875,0.0,0.0414125,15.0625,0.9877049180327869,10.45846882172915,good,11.4
18077,28.532482,77.3008195,55,19,61.06,10.11,71.17,0.0,6.32,6.32,0,0.0,22.510000000000005,77.49,0.6139481950163164,0.25675675675675674,1.0,0.5321052631578947,0.0,0.47868347206888434,0.0,0.0,0.02596875,14.4375,3.7069256756756754,14.4375,good,44.13
18133,28.5342786,76.9282494,113,1,31.08,0.0,31.08,1.82,13.44,15.26,1,4.41,49.25,46.34,0.0,0.008771929824561403,0.8807339449541284,0.0,1.6882490928583902,0.0,8.05910975001732,0.0,0.03915,17.875,0.15679824561403508,15.743119266055045,neutral,11.4
18197,28.5342786,77.0592631,61,13,23.69,2.4,26.09,4.37,11.27,15.64,0,0.0,58.27,41.73,0.3502357919869011,0.17567567567567569,0.7205882352941176,0.1846153846153846,0.0,0.3002792379299663,5.2790136886333485,0.0,0.0267125,11.0,1.9324324324324325,7.926470588235294,good,20.41
18276,28.5342786,77.2209831,96,33,47.27,12.44,59.71,0.41,9.06,9.47,0,0.0,30.82,69.18,1.0599235931193136,0.2558139534883721,0.9567053854276663,0.37696969696969695,0.0,0.7226688913948321,2.717500037193576,0.0,0.0353375,18.75,4.796511627906977,17.93822597676874,good,50.38
18431,28.5360752,77.0510747,68,8,28.18,3.57,31.75,0.0,16.04,16.04,0,0.0,52.21,47.79,0.3564293623668993,0.10526315789473684,1.0,0.44625,0.0,0.30485577831232513,5.488960610363271,0.0,0.052675,17.375,1.8289473684210524,17.375,good,21.99
18451,28.5360752,77.0920165,50,12,16.61,1.97,18.58,8.11,12.74,20.85,0,0.0,60.57,39.43,0.3923501746360577,0.1935483870967742,0.611031175059952,0.16416666666666666,0.0,0.33099309251430076,2.8821622685385004,0.0,0.02919375,11.0625,2.1411290322580645,6.7595323741007185,good,19.27
18456,28.5360752,77.102252,15,2,2.61,7.12,9.73,8.2,9.39,17.59,0,0.0,72.68,27.319999999999993,1.159808119746622,0.11764705882352941,0.533826037521319,0.0,0.0,0.770019384299511,2.471233830716299,0.0,0.02798125,5.812499999999999,0.6838235294117646,3.102863843092666,neutral,23.29
18515,28.5360752,77.2230302,37,13,16.45,14.29,30.74,2.96,12.38,15.34,0,0.0,53.92,46.08,1.7699122262915798,0.26,0.8070404172099088,1.0992307692307692,0.0,1.018815632437838,2.8604835108403326,0.0,0.034625,11.4375,2.97375,9.230524771838333,good,46.01
18526,28.5360752,77.2455482,36,5,36.58,1.94,38.52,0.74,18.23,18.97,0,0.0,42.510000000000005,57.489999999999995,0.13018762334888478,0.12195121951219512,0.9609910384818134,0.388,0.0,0.12238365730325097,2.4304318787501775,0.0,0.0378,8.625,1.0518292682926829,8.288547706905641,good,18.44
18556,28.5360752,77.3069608,26,0,8.99,0.0,8.99,0.0,4.36,4.36,0,0.0,86.65,13.349999999999994,0.0,0.0,1.0,0.0,0.0,0.0,0.7208023817031604,0.0,0.01669375,6.5,0.0,6.5,neutral,3.87
18670,28.5378719,77.0531218,41,13,43.39,3.12,46.51,0.04,12.68,12.72,0,0.0,40.77,59.23,0.2554063073923828,0.24074074074074073,0.9968553459119496,0.24000000000000002,0.0,0.22745927109799496,5.554266112723132,0.0,0.04433125,14.875000000000002,3.5810185185185186,14.828223270440251,good,30.58
18671,28.5378719,77.0551689,77,20,28.32,6.08,34.4,0.69,16.14,16.83,0,0.0,48.77,51.23,0.7763165677469437,0.20618556701030927,0.9590017825311944,0.304,0.0,0.5745418762910225,5.727898374437249,0.0,0.0453625,15.562499999999998,3.2087628865979374,14.92446524064171,good,33.25
18680,28.5378719,77.0735927,18,0,5.92,0.0,5.92,0.04,8.93,8.97,0,0.0,85.11,14.89,0.0,0.0,0.995540691192865,0.0,0.0,0.0,4.278302798283582,0.0,0.019875,5.812499999999999,0.0,5.786580267558527,neutral,2.89
18708,28.5378719,77.1309112,20,8,12.03,6.88,18.91,0.47,20.89,21.36,0,0.0,59.73,40.27,1.1533095721799633,0.2857142857142857,0.977996254681648,0.86,0.0,0.767005994474171,3.3096735592953332,0.0,0.0404,10.4375,2.9821428571428568,10.207835908239701,good,33.17
18741,28.5378719,77.1984651,83,38,20.94,12.55,33.49,11.25,8.26,19.51,0,0.0,47.0,53.0,1.980644904351186,0.3140495867768595,0.4233726294208098,0.33026315789473687,0.0,1.0921396879599643,2.6277009593262006,0.0,0.0295,14.75,4.632231404958678,6.244746283956944,good,55.07
18748,28.5378719,77.2127947,35,32,23.47,12.72,36.19,4.68,16.83,21.51,0,0.0,42.3,57.7,1.7729951146239165,0.47761194029850745,0.7824267782426777,0.3975,0.0,1.019928004866462,2.782936131074823,0.0,0.05110625,11.375,5.432835820895522,8.900104602510458,good,55.33
18750,28.5378719,77.2168889,38,13,32.89,4.68,37.57,2.91,18.89,21.8,0,0.0,40.63,59.37,0.47427258544662193,0.2549019607843137,0.8665137614678899,0.36,0.0,0.3881647057381371,2.9503657299520767,0.0,0.04810625,11.5,2.9313725490196076,9.964908256880735,good,28.97
18787,28.5378719,77.2926312,17,2,16.19,1.8,17.990000000000002,5.13,11.04,16.17,0,0.0,65.84,34.16,0.1585843524901657,0.10526315789473684,0.6827458256029684,0.0,0.0,0.1471988740567899,0.9995128944965843,0.0,0.0270625,8.0625,0.8486842105263157,5.504638218923932,neutral,11.68
18852,28.5396685,76.9384849,4,2,0.39,0.0,0.39,0.0,1.48,1.48,0,0.0,98.13,1.8700000000000045,0.0,0.3333333333333333,0.0,0.0,0.0,0.0,6.905206752638231,0.0,0.00741875,2.5625,0.8541666666666666,0.0,neutral,3.74
18869,28.5396685,76.9732854,0,1,0.0,0.0,0.0,0.0,1.03,1.03,0,0.0,98.97,1.0300000000000011,0.0,0.0,0.0,0.0,0.0,0.0,3.967338555828313,0.0,0.00679375,2.4375,0.0,0.0,neutral,1.0
18943,28.5396685,77.1247699,103,12,19.97,2.98,22.95,0.0,12.64,12.64,0,0.0,64.41,35.59,0.480492826146425,0.10434782608695652,1.0,0.24833333333333332,0.0,0.39237502298642163,3.22213113709405,0.0,0.033475,18.8125,1.9630434782608694,18.8125,good,21.42
18958,28.5396685,77.1554763,7,2,3.93,2.55,6.48,11.49,11.95,23.44,0,0.0,70.08,29.92,0.6237120951911956,0.2222222222222222,0.5098122866894197,0.0,0.0,0.4847149447370919,1.7070964025810003,0.0,0.04718125,6.9375,1.5416666666666665,3.536822738907849,neutral,16.98
18974,28.5396685,77.1882297,8,3,8.0,1.81,9.81,7.03,8.81,15.84,0,0.0,74.35,25.650000000000006,0.3690112130479103,0.2727272727272727,0.5561868686868687,0.6033333333333334,0.0,0.3140887369578745,3.0517083547440462,0.00049375,0.024975,8.0625,2.1988636363636362,4.484256628787879,good,16.31
18980,28.5396685,77.2005122,14,4,4.95,12.18,17.13,0.81,12.06,12.87,0,0.0,70.0,30.0,1.6509681375206113,0.2222222222222222,0.9370629370629372,3.045,0.0,0.9749249081930188,2.8039937833308137,0.0,0.02626875,3.8125000000000004,0.8472222222222223,3.5725524475524484,good,33.4
19031,28.5396685,77.3049137,55,4,13.77,0.41,14.18,1.76,12.88,14.64,1,19.36,51.82000000000001,28.819999999999993,0.06713614378729327,0.06779661016949153,0.8797814207650273,0.1025,3.013572191682322,0.06497855910724866,0.8936012888576917,0.0,0.0472875,14.375,0.9745762711864406,12.646857923497267,good,9.5
19110,28.5414651,76.9794266,11,4,2.1,0.0,2.1,0.0,5.59,5.59,0,0.0,92.31,7.689999999999998,0.0,0.26666666666666666,1.0,0.0,0.0,0.0,3.391722262560834,0.0,0.01449375,4.0625,1.0833333333333333,4.0625,neutral,4.99
19225,28.5414651,77.2148418,53,7,26.44,3.19,29.630000000000003,0.0,10.8,10.8,0,0.0,59.57,40.43,0.32298346270671613,0.11666666666666667,1.0,0.4557142857142857,0.0,0.279889385210943,3.2279389456219834,0.0,0.02379375,8.75,1.0208333333333333,8.75,good,18.35
19246,28.5414651,77.2578307,45,31,29.08,9.71,38.79,0.03,18.23,18.26,0,0.0,42.95,57.05,1.251611240010312,0.40789473684210525,0.9983570646221248,0.3132258064516129,0.0,0.8116460666055392,1.9678399867161662,0.0,0.05263125,11.6875,4.767269736842105,11.668298192771084,good,46.44
19247,28.5414651,77.2598778,53,22,27.34,7.76,35.1,0.67,20.07,20.74,0,0.0,44.16,55.84,1.0000809338747128,0.29333333333333333,0.9676952748312441,0.3527272727272727,0.0,0.6931876466785373,2.057233396642381,0.0,0.052975,13.125,3.85,12.701000482160078,good,38.74
19249,28.5414651,77.2639719,31,22,19.91,7.31,27.22,2.74,14.88,17.62,0,0.0,55.16,44.84,1.2148140300799692,0.41509433962264153,0.8444948921679909,0.3322727272727273,0.0,0.7951684406404746,2.2785277408264752,0.0,0.035475,10.125,4.202830188679245,8.550510783200908,good,40.47
19410,28.5432617,77.1063461,0,0,0.0,0.0,0.0,0.0,0.0,0.0,0,0.0,100.0,0.0,0.0,0.0,0.0,0.0,0.0,0.0,3.2026484121219916,0.0,0.004525,2.25,0.0,0.0,neutral,1.0
19708,28.5450583,77.2291714,48,11,34.32,4.85,39.17,4.05,15.31,19.36,0,0.0,41.47,58.53,0.44388736605814666,0.1864406779661017,0.790805785123967,0.44090909090909086,0.0,0.36733903608359764,2.4399551396081396,0.0,0.0340875,10.562499999999998,1.969279661016949,8.352886105371901,good,26.08
19744,28.5450583,77.3028666,87,39,33.92,10.96,44.88,0.34,12.53,12.87,0,0.0,42.25,57.75,1.2996508894822971,0.30952380952380953,0.9735819735819736,0.28102564102564104,0.0,0.832757324232654,1.4126458307546157,0.0,0.03921875,21.9375,6.790178571428572,21.357954545454547,good,55.28
19745,28.5450583,77.3049137,16,18,6.15,13.25,19.4,7.9,15.78,23.68,0,0.0,56.92,43.08,2.9012906986148197,0.5294117647058824,0.6663851351351351,0.7361111111111112,0.0,1.3613074467470452,1.4544865556213984,0.0,0.03879375,7.125,3.7720588235294117,4.747994087837838,good,61.51
19957,28.546855,77.2516894,13,13,3.76,18.1,21.86,17.66,10.92,28.58,0,0.0,49.56,50.44,3.152475941868373,0.5,0.3820853743876837,1.3923076923076925,0.0,1.4237047688385291,1.2152095754187773,0.0,0.02396875,5.375,2.6875,2.0537088873338,good,62.67
20035,28.5486516,76.9241553,0,2,0.0,0.0,0.0,0.0,2.24,2.24,0,0.0,97.76,2.239999999999995,0.0,0.0,1.0,0.0,0.0,0.0,7.959583716752226,0.0,0.009875,2.3125,0.0,2.3125,neutral,1.0
20047,28.5486516,76.9487203,0,1,0.0,0.0,0.0,0.0,0.0,0.0,0,0.0,100.0,0.0,0.0,0.0,0.0,0.0,0.0,0.0,5.6298737465236615,0.0,0.00453125,2.25,0.0,0.0,neutral,1.0
20086,28.5486516,77.0285568,17,4,4.16,1.04,5.2,2.17,7.21,9.38,0,0.0,85.41999999999999,14.580000000000013,0.46438561897747244,0.19047619047619047,0.7686567164179103,0.26,0.0,0.38143578179607884,2.8828049387743633,0.0,0.01704375,4.6875,0.8928571428571428,3.6030783582089545,good,12.24
20110,28.5486516,77.0776869,0,0,0.0,0.0,0.0,0.0,0.0,0.0,0,0.0,100.0,0.0,0.0,0.0,0.0,0.0,0.0,0.0,4.594830117284689,0.0,0.004525,2.25,0.0,0.0,neutral,1.0
20131,28.5486516,77.1206758,1,0,13.54,0.0,13.54,9.7,17.46,27.16,0,0.0,59.3,40.7,0.0,0.0,0.6428571428571429,0.0,0.0,0.0,3.9808667933308426,0.0,0.03165625,3.5625,0.0,2.2901785714285716,neutral,5.32
20171,28.5486516,77.2025593,44,7,23.94,5.15,29.090000000000003,9.18,12.75,21.93,0,0.0,48.98,51.02,0.5311103471983499,0.13725490196078433,0.5813953488372093,0.7357142857142858,0.0,0.4259931893221113,3.7957277769528184,0.0,0.02835625,7.125,0.9779411764705883,4.142441860465117,good,21.11
20174,28.5486516,77.2087006,34,2,22.58,5.77,28.35,0.86,19.71,20.57,0,0.0,51.08,48.92,0.32258319679580494,0.05555555555555555,0.9581915410792416,0.0,0.0,0.2795867915019335,3.8428488292339247,0.0,0.03893125,8.75,0.4861111111111111,8.384175984443365,neutral,16.29
20199,28.5486516,77.2598778,23,2,11.32,5.51,16.83,9.77,7.24,17.01,0,0.0,66.16,33.84,0.5189033499093031,0.08,0.4256319811875367,0.0,0.0,0.41798859414317724,1.4132124976385871,0.0,0.0156375,5.6875,0.455,2.420781893004115,neutral,15.41
20220,28.5486516,77.3028666,82,37,30.63,11.48,42.11,1.7,12.91,14.61,0,0.0,43.28,56.72,1.4306864843109086,0.31092436974789917,0.8836413415468858,0.31027027027027027,0.0,0.8881737212874131,1.809063102296306,0.0,0.03693125,18.3125,5.693802521008403,16.181682067077347,good,52.97
20229,28.5486516,77.3212904,20,7,4.6,0.0,4.6,1.38,10.55,11.93,0,0.0,83.47,16.53,0.0,0.25925925925925924,0.8843252305113161,0.0,0.0,0.0,2.6891096673233976,0.0,0.02500625,4.3125,1.1180555555555556,3.8136525565800503,neutral,5.89
20264,28.5504482,76.9057315,13,2,4.27,0.0,4.27,0.18,1.97,2.15,0,0.0,93.58,6.420000000000002,0.0,0.13333333333333333,0.9162790697674419,0.0,0.0,0.0,9.698172935518173,0.0,0.008025,2.6875,0.35833333333333334,2.4625,neutral,3.46
20360,28.5504482,77.102252,13,0,2.49,0.0,2.49,0.11,11.43,11.54,0,0.0,85.97,14.030000000000001,0.0,0.0,0.990467937608319,0.0,0.0,0.0,4.040290188807905,0.0,0.02615625,5.25,0.0,5.199956672443674,neutral,1.79
20370,28.5504482,77.1227228,3,2,11.33,9.3,20.630000000000003,2.02,23.03,25.05,0,0.0,54.31999999999999,45.68000000000001,0.7145007880129303,0.4,0.9193612774451098,0.0,0.0,0.5391219525374896,4.233630275447534,0.0,0.0382375,5.625,2.25,5.171407185628742,neutral,25.01
20381,28.5504482,77.1452408,3,0,0.66,0.0,0.66,0.0,6.62,6.62,0,0.0,92.72,7.280000000000001,0.0,0.0,1.0,0.0,0.0,0.0,3.2220498821410417,0.0,0.01758125,3.375,0.0,3.375,neutral,1.21
20427,28.5504482,77.2394069,30,11,49.31,4.59,53.900000000000006,0.6,16.27,16.87,0,0.0,29.22999999999999,70.77000000000001,0.305287159152321,0.2682926829268293,0.9644339063426199,0.41727272727272724,0.0,0.26642306189568365,1.2798226352222508,0.0,0.03744375,10.875,2.9176829268292686,10.488218731475992,good,31.65
20436,28.5504482,77.2578307,22,8,5.86,4.95,10.81,0.26,6.68,6.94,0,0.0,82.25,17.75,1.4515382754060542,0.26666666666666666,0.9625360230547549,0.61875,0.0,0.8967156950429707,1.1305667436637405,0.0,0.0174625,7.062499999999999,1.883333333333333,6.797910662824206,good,31.61
20441,28.5504482,77.2680661,19,10,21.77,12.81,34.58,0.54,14.32,14.86,0,0.0,50.56,49.44,1.281530336458756,0.3448275862068966,0.9636608344549126,1.2810000000000001,0.0,0.8248464180134465,1.96890540419619,0.0,0.02914375,6.4375,2.219827586206897,6.2035666218035,good,37.73
20444,28.5504482,77.2742074,15,6,3.29,1.29,4.58,11.66,4.04,15.7,0,0.0,79.72,20.28,0.7907178710598929,0.2857142857142857,0.2573248407643312,0.215,0.0,0.5826165847403543,1.96780828581459,0.0,0.02713125,5.125,1.4642857142857142,1.3187898089171974,good,18.6
20526,28.5522448,76.9548616,0,1,0.0,0.0,0.0,0.0,0.0,0.0,0,0.0,100.0,0.0,0.0,0.0,0.0,0.0,0.0,0.0,4.945819274151312,0.0,0.00453125,2.25,0.0,0.0,neutral,1.0
20583,28.5522448,77.0715456,0,0,0.0,0.0,0.0,0.0,0.79,0.79,0,0.0,99.21,0.7900000000000063,0.0,0.0,0.0,0.0,0.0,0.0,4.2379334286107735,0.0,0.0059,2.75,0.0,0.0,neutral,1.0
20613,28.5522448,77.1329583,22,7,8.04,4.61,12.65,25.94,13.06,39.0,0,0.0,48.35,51.65,1.093280632411067,0.2413793103448276,0.33487179487179486,0.6585714285714286,0.0,0.7387325158952782,4.100881652540163,0.0,0.02739375,8.9375,2.157327586206897,2.9929166666666664,good,27.76
20646,28.5522448,77.2005122,33,4,23.98,2.45,26.43,0.0,12.29,12.29,0,0.0,61.28,38.72,0.21523737542467036,0.10810810810810811,1.0,0.6125,0.0,0.19493942843003137,4.200036966027178,0.0,0.027575,7.8125,0.8445945945945946,7.8125,good,15.2
20665,28.5522448,77.2394069,45,6,40.06,2.33,42.39,0.73,10.76,11.49,0,0.0,46.12,53.88,0.1543084918234069,0.11764705882352941,0.9364664926022628,0.38833333333333336,0.0,0.14350145629832506,1.1655729350354962,0.0,0.02630625,7.5625,0.8897058823529411,7.082027850304613,good,19.53
20668,28.5522448,77.2455482,29,6,28.93,6.96,35.89,7.31,14.92,22.23,0,0.0,41.88,58.12,0.5444187867796301,0.17142857142857143,0.6711650922177238,1.16,0.0,0.4346476497859328,0.7204786639410383,0.0,0.0382125,8.0,1.3714285714285714,5.36932073774179,good,24.68
20802,28.5540415,77.0326509,55,6,33.61,0.88,34.49,0.43,12.31,12.74,0,0.0,52.77,47.23,0.07162865559323547,0.09836065573770492,0.9662480376766092,0.14666666666666667,0.0,0.06917959927258643,2.971914722137977,0.0,0.03238125,11.999999999999998,1.1803278688524588,11.594976452119308,good,16.68
20850,28.5540415,77.1309112,7,0,1.35,0.0,1.35,24.75,15.42,40.17,0,0.0,58.48,41.52,0.0,0.0,0.3838685586258402,0.0,0.0,0.0,4.383375312672098,0.0,0.0386375,5.999999999999999,0.0,2.3032113517550408,neutral,1.43
20851,28.5540415,77.1329583,13,1,23.91,2.47,26.38,10.32,16.94,27.26,0,0.0,46.36,53.64,0.09363153904473087,0.07142857142857142,0.6214233308877476,0.0,0.0,0.08950384566494005,4.249042883920251,0.0,0.0354875,6.25,0.4464285714285714,3.8838958180484227,neutral,12.17
20917,28.5540415,77.2680661,14,3,13.72,5.18,18.9,8.32,19.38,27.7,0,0.0,53.4,46.6,0.5481481481481482,0.17647058823529413,0.699638989169675,1.7266666666666666,0.0,0.4370594735263816,1.8432444578726577,0.0,0.04791875,6.875,1.2132352941176472,4.810018050541516,good,18.83
20925,28.5540415,77.2844428,56,14,17.54,4.97,22.51,0.32,14.29,14.61,0,0.0,62.88,37.12,0.8626053425221828,0.2,0.9780971937029431,0.355,0.0,0.6219762294155894,1.3984207559600383,0.0,0.0343625,14.187500000000002,2.8375000000000004,13.876753935660508,good,29.59
20926,28.5540415,77.2864899,66,14,25.12,6.09,31.21,0.1,12.88,12.98,0,0.0,55.81,44.19,0.7623506481017583,0.175,0.9922958397534669,0.435,0.0,0.5666485134480941,1.4126400367348204,0.0,0.037925,18.9375,3.3140625,18.79160246533128,good,32.35
21104,28.5558381,77.1636646,15,4,14.57,9.08,23.65,0.26,16.75,17.01,0,0.0,59.34,40.66,0.8914633023922728,0.21052631578947367,0.9847148736037624,2.27,0.0,0.6373507635769512,3.402064016944435,0.0,0.0389875,12.125,2.552631578947368,11.939667842445619,good,29.51
21160,28.5558381,77.2783016,39,8,25.96,4.53,30.49,0.05,16.16,16.21,0,0.0,53.3,46.7,0.4709662268459716,0.1702127659574468,0.9969154842689697,0.56625,0.0,0.3859194820396005,1.2635788150536809,0.0,0.04795,14.0625,2.3936170212765955,14.019123997532386,good,25.01
21194,28.5576347,76.8606955,9,3,1.53,0.0,1.53,6.88,3.79,10.67,0,0.0,87.80000000000001,12.199999999999989,0.0,0.25,0.35520149953139646,0.0,0.0,0.0,14.007718374235486,0.0,0.01004375,3.5625,0.890625,1.2654053420806,neutral,4.22
21264,28.5576347,77.0039917,41,15,19.67,6.51,26.18,8.8,14.37,23.17,0,0.0,50.65,49.35,0.9946524064171123,0.26785714285714285,0.6201985325852395,0.434,0.0,0.6904698027892289,0.5993295351213014,0.0,0.037375,12.3125,3.297991071428571,7.636194432455762,good,34.12
21291,28.5576347,77.0592631,18,5,19.97,5.28,25.25,1.07,19.74,20.81,0,0.0,53.94,46.06,0.5405386932201072,0.21739130434782608,0.948582412301778,1.056,0.0,0.43213215605178157,4.020907871393695,0.0,0.05156875,9.9375,2.1603260869565215,9.426537722248918,good,23.65
21345,28.5576347,77.1698059,45,22,22.24,15.37,37.61,10.34,12.07,22.41,0,0.0,39.98,60.02,1.8486345988991304,0.3283582089552239,0.5385988398036591,0.6986363636363636,0.0,1.046839791375617,3.6838378788770285,0.0,0.04664375,14.5625,4.781716417910448,7.843345604640786,good,54.9
21369,28.5576347,77.218936,40,4,26.59,3.56,30.15,4.3,15.2,19.5,0,0.0,50.35,49.65,0.27416464403976815,0.09090909090909091,0.7794871794871795,0.89,0.0,0.24229078274014873,2.9989794035481547,0.0,0.04110625,10.6875,0.9715909090909092,8.330769230769231,good,17.64
21384,28.5576347,77.2496423,53,32,47.91,14.52,62.42999999999999,0.49,12.89,13.38,0,0.0,24.19,75.81,1.173227656784955,0.3764705882352941,0.9633781763826607,0.45375,0.0,0.7762134619095565,0.0,0.0,0.0373375,17.1875,6.470588235294118,16.55806240657698,good,58.05
21385,28.5576347,77.2516894,90,39,43.04,15.74,58.78,0.0,8.43,8.43,0,0.0,32.790000000000006,67.21,1.4250960907371057,0.3023255813953488,1.0,0.4035897435897436,0.0,0.8858711486506243,0.19993326300197975,0.0,0.0386125,21.8125,6.594476744186046,21.8125,good,60.97
21389,28.5576347,77.2598778,27,7,30.27,8.77,39.04,0.04,10.54,10.58,0,0.0,50.38,49.62,0.6739241803278688,0.20588235294117646,0.996219281663516,1.252857142857143,0.0,0.5151706785253392,0.9996663147170338,0.000325,0.0347375,8.4375,1.7371323529411764,8.405600189035917,good,28.72
21395,28.5576347,77.2721603,25,11,20.19,4.45,24.64,12.79,14.64,27.43,0,0.0,47.92999999999999,52.07000000000001,0.6474465555279685,0.3055555555555556,0.5337222019686475,0.40454545454545454,0.0,0.49922654712811393,1.413145247107777,0.0010375,0.04285,8.5,2.5972222222222223,4.536638716733504,good,26.37
21407,28.5576347,77.2967254,21,14,11.14,5.4,16.54,10.18,9.38,19.56,1,29.1,34.80000000000001,36.09999999999999,1.2755265547935914,0.4,0.4795501022494888,0.38571428571428573,3.40452517175483,0.8222114782784036,1.5609829901818415,0.0,0.0282625,8.0,3.2,3.8364008179959104,good,34.88
21439,28.5594313,76.8750251,1,2,0.07,0.0,0.07,0.0,2.78,2.78,0,0.0,97.15,2.8499999999999943,0.0,0.6666666666666666,1.0,0.0,0.0,0.0,12.60163255452801,0.0,0.0096875,2.4375,1.625,2.4375,neutral,6.0
21465,28.5594313,76.9282494,0,2,0.0,0.0,0.0,0.29,3.52,3.81,0,0.0,96.19,3.8100000000000023,0.0,0.0,0.9238845144356955,0.0,0.0,0.0,7.408022058799939,0.0,0.00453125,2.3125,0.0,2.136482939632546,neutral,1.0
21500,28.5594313,76.9998975,77,9,38.55,2.04,40.59,3.16,15.89,19.05,0,0.0,40.36000000000001,59.63999999999999,0.16695573573713274,0.10465116279069768,0.8341207349081364,0.22666666666666668,0.0,0.15439842262544778,0.5652679924729063,0.0,0.040725,16.6875,1.7463662790697676,13.919389763779527,good,21.77
21501,28.5594313,77.0019446,58,6,35.82,3.18,39.0,2.09,14.02,16.11,0,0.0,44.89,55.11,0.22890740133700466,0.09375,0.8702669149596524,0.53,0.0,0.20612548302362046,0.4467842445125045,0.0,0.04480625,13.0,1.21875,11.31346989447548,good,20.56
21519,28.5594313,77.0387922,0,35,0.0,0.0,0.0,15.69,11.56,27.25,0,0.0,72.75,27.25,0.0,1.0,0.4242201834862386,0.0,0.0,0.0,3.422135379691089,0.0,0.02418125,4.1875,4.1875,1.7764220183486241,good,13.83
21525,28.5594313,77.0510747,63,13,12.81,2.95,15.760000000000002,5.29,14.81,20.1,0,0.0,64.13999999999999,35.860000000000014,0.7126711307150972,0.17105263157894737,0.7368159203980099,0.22692307692307695,0.0,0.5380542165061214,4.276365349484981,0.0,0.0363,13.5,2.3092105263157894,9.947014925373134,good,23.61
21560,28.5594313,77.1227228,0,0,0.0,0.0,0.0,0.0,0.0,0.0,0,0.0,100.0,0.0,0.0,0.0,0.0,0.0,0.0,0.0,4.3827099545898065,0.0,0.004525,2.25,0.0,0.0,neutral,1.0
21615,28.5594313,77.2353127,8,0,7.7,0.0,7.7,8.95,8.94,17.89,0,0.0,74.41,25.590000000000003,0.0,0.0,0.499720514253773,0.0,0.0,0.0,1.4136974852003623,0.0,0.02060625,3.9375,0.0,1.9676495248742312,neutral,3.46
21644,28.5594313,77.2946783,30,21,44.02,8.31,52.330000000000005,0.0,7.8,7.8,0,0.0,39.87,60.13,0.7081574001696147,0.4117647058823529,1.0,0.39571428571428574,0.0,0.5354152457864485,1.2797636317643881,0.0,0.036425,10.937500000000002,4.5036764705882355,10.937500000000002,good,41.94
21658,28.5594313,77.3233375,2,5,0.73,0.0,0.73,0.24,3.26,3.5,0,0.0,95.77,4.230000000000004,0.0,0.7142857142857143,0.9314285714285714,0.0,0.0,0.0,3.2026541854295165,0.0,0.00643125,2.5,1.7857142857142858,2.3285714285714283,neutral,6.7
21677,28.5612279,76.8750251,1,1,0.02,0.0,0.02,0.0,0.0,0.0,0,0.0,99.98,0.01999999999999602,0.0,0.0,0.0,0.0,0.0,0.0,12.59677352836093,0.0,0.00453125,2.25,0.0,0.0,neutral,1.01
21741,28.5612279,77.0060388,64,0,49.14,0.0,49.14,0.24,15.34,15.58,0,0.0,35.28,64.72,0.0,0.0,0.9845956354300385,0.0,0.0,0.0,0.28263671924324857,0.0,0.0395625,16.875,0.0,16.6150513478819,neutral,16.69
21758,28.5612279,77.0408393,51,11,15.79,3.02,18.81,0.79,18.59,19.38,0,0.0,61.81,38.19,0.5755761165432159,0.1774193548387097,0.9592363261093911,0.27454545454545454,0.0,0.45462099367477976,3.6041670392354908,0.0,0.0360375,8.75,1.5524193548387097,8.393317853457173,good,20.24
21760,28.5612279,77.0449335,67,20,23.89,14.73,38.620000000000005,1.75,18.09,19.84,0,0.0,41.53999999999999,58.46000000000001,1.6752676239650737,0.22988505747126436,0.9117943548387096,0.7365,0.0,0.9840494216857519,4.003463083234409,0.0,0.043775,17.0625,3.9224137931034484,15.557491179435482,good,50.04
21839,28.5612279,77.2066535,42,36,24.6,19.19,43.790000000000006,11.29,10.27,21.56,0,0.0,34.650000000000006,65.35,2.2829278393792998,0.46153846153846156,0.47634508348794063,0.5330555555555556,0.0,1.188735658192389,4.217465864965861,0.0,0.03318125,11.125,5.134615384615385,5.299339053803339,good,64.36
21862,28.5612279,77.2537365,30,16,30.25,9.19,39.44,6.05,22.42,28.47,0,0.0,32.09,67.91,0.952428588009397,0.34782608695652173,0.7874956094134177,0.574375,0.0,0.6690740274197609,0.5652649606108412,0.0,0.0479625,10.562499999999998,3.6739130434782603,8.317922374429223,good,38.88
21863,28.5612279,77.2557836,33,12,28.69,8.44,37.13,10.37,19.71,30.08,0,0.0,32.790000000000006,67.21,0.8411449291977057,0.26666666666666666,0.6552526595744681,0.7033333333333333,0.0,0.6103876222364749,0.7206831493536078,0.0,0.0444,10.125,2.7,6.63443317819149,good,33.52
21870,28.5612279,77.2701132,36,19,10.02,14.24,24.26,7.97,14.22,22.19,0,0.0,53.55,46.45,2.5368613384664487,0.34545454545454546,0.6408292023433979,0.7494736842105263,0.0,1.2632397063071414,1.2797503033484046,0.00058125,0.03755625,12.8125,4.426136363636363,8.210624155024785,good,59.69
21905,28.5630246,76.8545543,1,2,0.76,0.0,0.76,0.31,4.86,5.17,0,0.0,94.07,5.930000000000007,0.0,0.6666666666666666,0.9400386847195359,0.0,0.0,0.0,14.59429203406451,0.0,0.00964375,2.5,1.6666666666666665,2.3500967117988396,neutral,6.35
21915,28.5630246,76.8750251,0,2,0.0,0.0,0.0,0.0,0.86,0.86,0,0.0,99.14,0.8599999999999994,0.0,0.0,0.0,0.0,0.0,0.0,12.595081647328048,0.0,0.00664375,2.375,0.0,0.0,neutral,1.0
21921,28.5630246,76.8873077,0,1,0.0,0.0,0.0,0.0,0.0,0.0,0,0.0,100.0,0.0,0.0,0.0,0.0,0.0,0.0,0.0,11.395543650860445,0.0,0.00453125,2.25,0.0,0.0,neutral,1.0
21977,28.5630246,77.0019446,83,11,43.72,2.67,46.39,5.76,15.68,21.44,0,0.0,32.17,67.83,0.2063343366442226,0.11702127659574468,0.7313432835820894,0.2427272727272727,0.0,0.18758628761601465,0.1999230256831468,0.0,0.04648125,22.125,2.589095744680851,16.180970149253728,good,26.78
21978,28.5630246,77.0039917,107,1,63.06,0.0,63.06,0.12,14.21,14.33,0,0.0,22.61,77.39,0.0,0.009259259259259259,0.9916259595254711,0.0,0.0,0.0,0.0,0.0,0.050025,24.375,0.22569444444444442,24.170882763433358,neutral,21.82
22004,28.5630246,77.057216,18,0,17.24,0.0,17.24,10.1,25.67,35.77,0,0.0,46.99,53.01,0.0,0.0,0.7176404808498742,0.0,0.0,0.0,3.6021691888120464,0.0,0.06150625,10.8125,0.0,7.759487699189265,neutral,6.5
22017,28.5630246,77.0838282,0,0,0.0,0.0,0.0,0.0,0.0,0.0,0,0.0,100.0,0.0,0.0,0.0,0.0,0.0,0.0,0.0,2.908904194548971,0.0,0.004525,2.25,0.0,0.0,neutral,1.0
22020,28.5630246,77.0899694,3,0,1.55,0.0,1.55,0.0,0.0,0.0,0,0.0,98.45,1.5499999999999972,0.0,0.0,0.0,0.0,0.0,0.0,2.8039872152985663,0.0,0.004525,2.25,0.0,0.0,neutral,1.49
22069,28.5630246,77.1902768,54,16,34.78,9.25,44.03,0.22,19.04,19.26,0,0.0,36.71,63.29,0.8587106809349452,0.22857142857142856,0.988577362409138,0.578125,0.0,0.6198830650701411,5.043523656799916,0.0,0.04276875,14.124999999999998,3.228571428571428,13.963655244029072,good,37.6
22079,28.5630246,77.2107476,16,8,17.2,8.02,25.22,1.8,17.37,19.17,0,0.0,55.61,44.39,1.0080411780954537,0.3333333333333333,0.9061032863849765,1.0025,0.0,0.697159708638865,3.8456044113479253,0.0,0.04081875,7.5625,2.520833333333333,6.852406103286385,good,31.63
22086,28.5630246,77.2250773,9,5,6.93,14.2,21.13,0.08,6.23,6.31,0,0.0,72.56,27.439999999999998,1.7371730956100528,0.35714285714285715,0.9873217115689383,2.84,0.0,1.0069256708830783,2.472845326864432,0.0,0.01701875,5.9375,2.1205357142857144,5.862222662440572,good,39.84
22091,28.5630246,77.2353127,32,10,11.15,12.07,23.22,0.22,18.82,19.04,0,0.0,57.74,42.26,1.7982489077068122,0.23809523809523808,0.9884453781512605,1.207,0.0,1.0289938314384859,1.5224192711253328,0.0,0.0365375,8.5625,2.0386904761904763,8.463563550420169,good,41.16
22092,28.5630246,77.2373598,33,9,25.83,6.14,31.97,0.23,21.26,21.49,0,0.0,46.540000000000006,53.459999999999994,0.6379930717112419,0.21428571428571427,0.9892973476035367,0.6822222222222222,0.0,0.4934717556974158,1.3409466526233749,0.00015,0.04830625,12.9375,2.7723214285714284,12.799034434620756,good,29.1
22097,28.5630246,77.2475952,32,18,13.47,13.79,27.26,0.46,12.83,13.29,0,0.0,59.45,40.55,2.1488965667786877,0.36,0.9653875094055682,0.7661111111111111,0.0,1.1470520952087406,0.6317967668498926,0.0,0.0262625,8.0625,2.9025,7.783436794582394,good,50.27
22105,28.5630246,77.2639719,30,2,33.07,1.17,34.24,3.44,14.2,17.64,0,0.0,48.12,51.88,0.05415905741366099,0.0625,0.8049886621315192,0.0,0.0,0.05274334709575634,1.5224192711230484,0.0,0.043975,10.625,0.6640625,8.553004535147391,neutral,14.76
22229,28.5648212,77.0306039,0,1,0.0,0.0,0.0,0.0,0.0,0.0,0,0.0,100.0,0.0,0.0,0.0,0.0,0.0,0.0,0.0,2.60663396243044,0.0,0.00453125,2.25,0.0,0.0,neutral,1.0
22274,28.5648212,77.1227228,63,13,22.77,13.57,36.34,0.13,14.04,14.17,0,0.0,49.49,50.51,1.4217338000088522,0.17105263157894737,0.9908256880733944,1.0438461538461539,0.0,0.8844837299281223,3.9664214678026237,0.0,0.0350375,15.625,2.6726973684210527,15.481651376146788,good,41.74
22285,28.5648212,77.1452408,10,0,4.71,0.0,4.71,1.09,7.76,8.85,0,0.0,86.44,13.560000000000002,0.0,0.0,0.8768361581920904,0.0,0.0,0.0,4.677114528211258,0.0,0.02398125,3.6249999999999996,0.0,3.1785310734463272,neutral,2.5
22298,28.5648212,77.171853,58,2,20.02,1.14,21.16,0.3,17.83,18.13,0,0.0,60.71,39.29,0.0853902292449016,0.03333333333333333,0.9834528405956977,0.0,0.0,0.08193958062111546,4.507338480445041,0.0,0.0384125,10.0625,0.33541666666666664,9.895994208494209,neutral,10.04
22309,28.5648212,77.1943709,35,11,43.18,9.75,52.93,1.09,11.67,12.76,0,0.0,34.31,65.69,0.6603700053283822,0.2391304347826087,0.914576802507837,0.8863636363636364,0.0,0.5070404723072358,5.436176492995752,0.0,0.02546875,9.0625,2.1671195652173916,8.288352272727273,good,34.27
22312,28.5648212,77.2005122,2,3,2.72,3.81,6.53,10.01,7.58,17.59,0,0.0,75.88,24.120000000000005,1.1669218989280246,0.6,0.43092666287663445,1.27,0.0,0.773307680800907,4.864292088140549,0.0,0.0153375,3.0625,1.8375,1.319712905059693,good,25.91
22318,28.5648212,77.2127947,17,9,10.26,13.6,23.86,2.14,19.79,21.93,0,0.0,54.21,45.79,1.8934711689215475,0.34615384615384615,0.9024167806657546,1.511111111111111,0.0,1.0624568778976313,3.6863114351921595,0.0,0.0467375,9.0625,3.137019230769231,8.178152074783402,good,46.13
22333,28.5648212,77.2435011,20,19,10.79,26.74,37.53,16.97,19.66,36.63,0,0.0,25.840000000000003,74.16,3.0793593726961914,0.48717948717948717,0.5367185367185366,1.4073684210526316,0.0,1.4059399595916582,0.9991436638174727,0.0,0.03716875,8.6875,4.232371794871795,4.6627422877422875,good,71.33
22351,28.5648212,77.2803487,33,11,34.53,7.35,41.88,0.0,12.85,12.85,0,0.0,45.27,54.73,0.6291660549259908,0.25,1.0,0.6681818181818181,0.0,0.488068261150306,0.2826171232469986,0.0,0.03528125,10.375,2.59375,10.375,good,31.59
22352,28.5648212,77.2823957,42,11,29.34,4.14,33.48,0.0,12.4,12.4,0,0.0,54.12,45.88,0.44330181460530427,0.20754716981132076,1.0,0.37636363636363634,0.0,0.36693341565193877,0.1997728052095074,0.0,0.03719375,14.9375,3.1002358490566038,14.9375,good,27.72
22395,28.5666178,76.8832135,0,2,0.13,0.0,0.13,0.0,4.13,4.13,0,0.0,95.74,4.260000000000005,0.0,0.0,1.0,0.0,0.0,0.0,11.801953383341576,0.0,0.01229375,2.5625,0.0,2.5625,neutral,1.04
22424,28.5666178,76.9425791,0,3,0.0,0.0,0.0,0.0,3.5,3.5,0,0.0,96.5,3.5,0.0,1.0,1.0,0.0,0.0,0.0,6.010843016897332,0.0,0.0113,2.375,2.375,2.375,neutral,8.28
22434,28.5666178,76.9630499,78,3,37.76,1.78,39.54,0.27,12.48,12.75,0,0.0,47.71,52.29,0.0900354071825999,0.037037037037037035,0.9788235294117648,0.5933333333333334,0.0,0.08621017936723126,4.018285827112425,0.0,0.03525625,14.499999999999998,0.537037037037037,14.192941176470587,good,16.6
22498,28.5666178,77.0940636,0,0,0.0,0.0,0.0,0.0,0.0,0.0,0,0.0,100.0,0.0,0.0,0.0,0.0,0.0,0.0,0.0,2.405626581576127,0.0,0.004525,2.25,0.0,0.0,neutral,1.0
22562,28.5666178,77.2250773,37,10,18.99,6.01,25.0,10.29,16.93,27.22,0,0.0,47.78000000000001,52.21999999999999,0.8316473611204063,0.2127659574468085,0.6219691403379868,0.601,0.0,0.6052157592522611,2.598715678567578,0.0,0.0429125,9.0,1.9148936170212767,5.597722263041881,good,27.1
22569,28.5666178,77.2394069,29,8,28.06,5.22,33.28,0.03,23.18,23.21,0,0.0,43.510000000000005,56.489999999999995,0.49720578448103575,0.21621621621621623,0.9987074536837569,0.6525,0.0,0.40360056057329147,1.4131452471086559,0.0,0.046025,11.312500000000002,2.4459459459459465,11.297878069797502,good,26.45
22577,28.5666178,77.2557836,24,0,4.08,0.0,4.08,0.21,26.54,26.75,0,0.0,69.17,30.83,0.0,0.0,0.9921495327102804,0.0,0.0,0.0,1.1651097121854532,0.0,0.0662375,10.6875,0.0,10.603598130841121,neutral,2.3
22590,28.5666178,77.2823957,52,26,36.44,31.24,67.67999999999999,0.0,11.02,11.02,0,0.0,21.30000000000001,78.69999999999999,2.1947796330908207,0.3333333333333333,1.0,1.2015384615384614,0.0,1.1615181130222527,0.0,0.0,0.04611875,17.125,5.708333333333333,17.125,good,72.44
22591,28.5666178,77.2844428,59,51,33.64,26.82,60.46,0.16,14.32,14.48,0,0.0,25.06,74.94,2.528709779036455,0.4636363636363636,0.988950276243094,0.5258823529411765,0.0,1.260932302443793,0.0,0.0,0.05115625,18.25,8.461363636363636,18.048342541436465,good,83.49
22606,28.5666178,77.3151492,9,9,12.27,13.01,25.28,7.87,13.24,21.11,0,0.0,53.61000000000001,46.38999999999999,1.7095840393387889,0.5,0.6271909047844624,1.4455555555555555,0.0,0.9967951320917605,2.4304127907675186,0.0,0.0415,5.625,2.8125,3.527948839412601,good,42.88
22659,28.5684144,76.9364378,1,2,0.04,0.0,0.04,0.0,2.27,2.27,0,0.0,97.69,2.3100000000000023,0.0,0.6666666666666666,1.0,0.0,0.0,0.0,6.624417960546933,0.0,0.00886875,2.25,1.5,2.25,neutral,5.61
22756,28.5684144,77.1350054,18,0,15.65,0.0,15.65,25.21,12.73,37.94,0,0.0,46.41,53.59,0.0,0.0,0.3355297838692673,0.0,0.0,0.0,4.600965245003238,0.0,0.0363375,8.3125,0.0,2.7890913284132846,neutral,6.0
22780,28.5684144,77.1841355,15,4,10.57,12.43,23.0,6.95,11.58,18.53,0,0.0,58.47,41.53,1.2548507051934743,0.21052631578947367,0.624932541824069,3.1075,0.0,0.8130837646402918,5.275029352596021,0.0,0.0285875,6.625,1.394736842105263,4.140178089584457,good,31.11
22790,28.5684144,77.2046064,15,8,12.57,28.12,40.69,3.58,14.38,17.96,0,0.0,41.35,58.65,2.190668248723466,0.34782608695652173,0.8006681514476615,3.515,0.0,1.160230377216841,4.558683966555661,0.00031875,0.02975625,7.6875,2.6739130434782608,6.155136414253898,good,54.47
22792,28.5684144,77.2087006,15,5,9.79,12.76,22.55,27.1,8.17,35.27,0,0.0,42.18,57.82,1.4627104882129467,0.25,0.23164162177487949,2.552,0.0,0.901262567858,4.174231529707326,0.00200625,0.04181875,9.1875,2.296875,2.1282074000567053,good,36.79
22800,28.5684144,77.2250773,40,25,17.25,17.27,34.52,25.26,15.72,40.98,0,0.0,24.5,75.5,2.351581515999323,0.38461538461538464,0.38360175695461207,0.6908,0.0,1.209432328763664,2.6818333798349023,0.0,0.03574375,10.875,4.1826923076923075,4.1716691068814065,good,59.49
22821,28.5684144,77.2680661,42,11,31.21,10.7,41.91,7.37,15.74,23.11,0,0.0,34.980000000000004,65.02,0.9152731748441033,0.20754716981132076,0.6810904370402423,0.9727272727272727,0.0,0.6498602625081986,1.1994767202148091,0.0,0.04455,12.9375,2.6851415094339623,8.811607529208136,good,36.1
22824,28.5684144,77.2742074,35,3,49.44,2.94,52.38,0.42,14.36,14.78,0,0.0,32.84,67.16,0.1122565864833906,0.07894736842105263,0.9715832205683356,0.98,0.0,0.10639091245172269,0.5997383603043657,0.0,0.0418375,11.624999999999998,0.9177631578947366,11.294654939106898,good,22.19
22827,28.5684144,77.2803487,63,34,61.56,11.48,73.04,0.0,10.0,10.0,0,0.0,16.959999999999994,83.04,0.806190704196717,0.35051546391752575,1.0,0.3376470588235294,0.0,0.5912200442133655,0.0,0.0,0.053575,16.625,5.827319587628866,16.625,good,54.05
22850,28.5702111,76.8402246,0,3,0.0,0.0,0.0,0.0,4.05,4.05,0,0.0,95.95,4.049999999999997,0.0,1.0,1.0,0.0,0.0,0.0,16.01315800538107,0.0,0.01195625,2.375,2.375,2.375,neutral,8.28
23046,28.5702111,77.241454,24,27,7.25,42.16,49.41,2.75,18.71,21.46,0,0.0,29.129999999999995,70.87,4.101964855574753,0.5294117647058824,0.8718546132339235,1.5614814814814812,0.0,1.6296257313334395,1.610929119622818,0.0,0.04675625,9.125,4.830882352941177,7.9556733457595525,good,92.03
23052,28.5702111,77.2537365,35,16,21.52,8.03,29.55,5.99,13.4,19.39,0,0.0,51.06,48.94,1.1107386333414626,0.3137254901960784,0.6910778751933987,0.501875,0.0,0.7470379494251566,1.4544709844957049,0.0,0.0489125,11.312500000000002,3.549019607843138,7.817818463125324,good,37.68
23062,28.5702111,77.2742074,28,7,31.43,4.1,35.53,0.13,15.34,15.47,0,0.0,49.0,51.0,0.3461863214185195,0.2,0.9915966386554621,0.5857142857142856,0.0,0.2972756476592698,0.6321341437864382,0.0013625,0.04809375,13.6875,2.7375000000000003,13.572478991596638,good,25.83
23099,28.5720077,76.8627426,9,2,0.95,0.0,0.95,0.0,4.08,4.08,0,0.0,94.97,5.030000000000001,0.0,0.18181818181818182,1.0,0.0,0.0,0.0,13.83013988676075,0.0,0.01266875,3.3125,0.6022727272727273,3.3125,neutral,3.15
23114,28.5720077,76.8934489,0,1,0.0,0.0,0.0,0.0,0.0,0.0,0,0.0,100.0,0.0,0.0,0.0,0.0,0.0,0.0,0.0,10.841437360853288,0.0,0.00453125,2.25,0.0,0.0,neutral,1.0
23124,28.5720077,76.9139198,4,2,0.14,0.0,0.14,0.0,3.05,3.05,0,0.0,96.81,3.1899999999999977,0.0,0.3333333333333333,1.0,0.0,0.0,0.0,8.852721974882739,0.0,0.00505625,2.4375,0.8125,2.4375,neutral,3.53
23174,28.5720077,77.0162742,126,17,37.17,5.37,42.54,0.19,19.89,20.08,0,0.0,37.38,62.62,0.526386865485313,0.11888111888111888,0.9905378486055778,0.3158823529411765,0.0,0.42290341677792415,1.56092827786162,0.0,0.05810625,23.999999999999996,2.853146853146853,23.772908366533866,good,31.08
23186,28.5720077,77.0408393,6,14,6.74,5.63,12.37,8.79,11.0,19.79,0,0.0,67.84,32.16,1.7781563503052515,0.7,0.5558362809499747,0.40214285714285714,0.0,1.0217875243557637,3.7345055280049504,0.0,0.02321875,4.0625,2.84375,2.2580848913592724,good,39.87
23203,28.5720077,77.0756398,60,25,36.19,12.12,48.31,0.21,14.49,14.7,0,0.0,36.99,63.01,1.1792450710799012,0.29411764705882354,0.9857142857142858,0.48479999999999995,0.0,0.778978519156343,2.0077255272446695,0.0,0.05416875,18.9375,5.569852941176471,18.666964285714286,good,50.87
23216,28.5720077,77.102252,0,0,0.0,0.0,0.0,0.0,0.0,0.0,0,0.0,100.0,0.0,0.0,0.0,0.0,0.0,0.0,0.0,2.0570924350742774,0.0,0.004525,2.25,0.0,0.0,neutral,1.0
23233,28.5720077,77.1370525,18,2,7.76,1.1,8.86,22.49,13.47,35.96,0,0.0,55.18,44.82,0.19677864004438733,0.1,0.3745828698553949,0.0,0.0,0.17963348052231168,4.561897114281415,0.0,0.04075,7.1875,0.71875,2.692314377085651,neutral,8.93
23254,28.5720077,77.1800413,18,4,9.12,3.45,12.57,11.49,16.57,28.06,0,0.0,59.37,40.63,0.6372833673318535,0.18181818181818182,0.590520313613685,0.8625,0.0,0.493038385016373,5.497058267875768,0.0,0.0527875,5.999999999999999,1.0909090909090908,3.5431218816821093,good,17.75
23284,28.5720077,77.241454,49,29,18.4,18.35,36.75,0.72,19.13,19.85,0,0.0,43.4,56.6,2.4501072769909205,0.3717948717948718,0.9637279596977328,0.6327586206896553,0.0,1.2384053253398126,1.787100501248808,0.0,0.04510625,12.875,4.7868589743589745,12.40799748110831,good,63.51
23300,28.5720077,77.2742074,38,17,41.43,11.89,53.32,1.01,8.28,9.29,0,0.0,37.39,62.61,0.9298651212893678,0.3090909090909091,0.8912809472551131,0.6994117647058824,0.0,0.6574501151324034,0.7206381880289289,0.0,0.0358625,15.125,4.675,13.480624327233585,good,46.05
23317,28.5720077,77.3090079,4,12,0.67,0.0,0.67,22.88,3.99,26.87,0,0.0,72.46,27.540000000000006,0.0,0.75,0.14849274283587643,0.0,0.0,0.0,2.0570876909044293,0.0,0.0243125,3.6249999999999996,2.7187499999999996,0.538286192780052,neutral,9.54
23356,28.5738043,76.9016373,0,1,0.0,0.0,0.0,0.0,0.0,0.0,0,0.0,100.0,0.0,0.0,0.0,0.0,0.0,0.0,0.0,10.067193482921656,0.0,0.00453125,2.25,0.0,0.0,neutral,1.0
23378,28.5738043,76.9466732,22,4,19.25,1.0,20.25,0.0,9.42,9.42,0,0.0,70.33,29.67,0.11466311579690677,0.15384615384615385,1.0,0.25,0.0,0.10855222096037208,5.724428707411477,0.0,0.02411875,7.75,1.1923076923076923,7.75,good,12.81
23397,28.5738043,76.9855679,7,4,0.72,0.0,0.72,0.73,2.87,3.6,0,0.0,95.68,4.319999999999993,0.0,0.36363636363636365,0.7972222222222223,0.0,0.0,0.0,2.1619196676769454,0.0,0.0100875,2.9999999999999996,1.0909090909090908,2.3916666666666666,neutral,4.57
23465,28.5738043,77.1247699,31,0,14.41,0.0,14.41,0.04,6.76,6.8,0,0.0,78.78999999999999,21.210000000000008,0.0,0.0,0.9941176470588236,0.0,0.0,0.0,3.4383019798528256,0.0,0.01844375,5.625,0.0,5.591911764705882,neutral,5.6
23507,28.5738043,77.2107476,25,9,5.37,12.79,18.16,12.67,12.48,25.15,0,0.0,56.69,43.31,2.339617859780251,0.2647058823529412,0.4962226640159046,1.421111111111111,0.0,1.2058563872034693,4.202466237493448,0.0,0.03278125,7.437500000000001,1.9687500000000002,3.690656063618291,good,47.31
23513,28.5738043,77.2230302,55,28,29.91,10.44,40.35,0.16,12.35,12.51,0,0.0,47.14,52.86,1.2569348597058696,0.3373493975903614,0.9872102318145484,0.37285714285714283,0.0,0.814007635968243,3.160233064109281,0.0,0.03375625,15.4375,5.207831325301204,15.240057953637091,good,48.36
23516,28.5738043,77.2291714,27,25,18.65,19.44,38.09,10.8,20.72,31.52,0,0.0,30.39,69.61,2.3989642457511895,0.4807692307692308,0.6573604060913706,0.7776000000000001,0.0,1.2234707516092829,2.688754519230368,0.0,0.04795,10.375,4.987980769230769,6.82011421319797,good,63.8
23658,28.5756009,77.0326509,129,12,33.25,3.88,37.13,0.0,21.97,21.97,0,0.0,40.9,59.1,0.3866874792994192,0.0851063829787234,1.0,0.3233333333333333,0.0,0.32691779460258474,3.1286580850860255,0.0,0.0601,28.0625,2.3882978723404253,28.0625,good,25.87
23666,28.5756009,77.0490277,30,13,25.57,3.71,29.28,0.07,14.42,14.49,0,0.0,56.23,43.77,0.48242099593011306,0.3023255813953488,0.9951690821256038,0.2853846153846154,0.0,0.393676559360186,3.2226033767907922,0.0,0.03031875,8.6875,2.6264534883720927,8.645531400966183,good,25.5
23720,28.5756009,77.1595704,8,4,9.8,2.83,12.63,24.14,9.8,33.94,0,0.0,53.43000000000001,46.56999999999999,0.5202736744680312,0.3333333333333333,0.2887448438420743,0.7075,0.0,0.41889036764343635,5.5972776712711685,0.0,0.02310625,5.4375,1.8125,1.570050088391279,good,18.25
23721,28.5756009,77.1616175,32,2,32.2,1.35,33.550000000000004,4.77,14.72,19.49,0,0.0,46.96,53.04,0.06377643445524771,0.058823529411764705,0.7552591072344793,0.0,0.0,0.06182525084838617,5.593705262825711,0.0,0.03413125,10.25,0.6029411764705882,7.741405849153413,neutral,14.5
23722,28.5756009,77.1636646,42,4,31.31,1.73,33.04,0.0,10.31,10.31,0,0.0,56.650000000000006,43.349999999999994,0.12157795412091817,0.08695652173913043,1.0,0.4325,0.0,0.11473658136403317,5.5972776712711685,0.0,0.02523125,8.1875,0.7119565217391304,8.1875,good,15.52
23725,28.5756009,77.1698059,35,2,18.35,1.59,19.94,13.3,16.64,29.94,0,0.0,50.11999999999999,49.88000000000001,0.12638366981678223,0.05405405405405406,0.5557782231128925,0.0,0.0,0.1190122086396862,5.6505927793709025,0.0,0.04654375,9.4375,0.5101351351351352,5.245156980627923,neutral,10.79
23770,28.5756009,77.2619249,33,13,16.35,9.82,26.17,15.24,7.92,23.16,0,0.0,50.67,49.33,1.4286673800002168,0.2826086956521739,0.34196891191709844,0.7553846153846154,0.0,0.8873427036322805,1.9686247002955541,0.0,0.030325,9.1875,2.5964673913043477,3.141839378238342,good,38.37
23822,28.5773975,76.8811664,124,2,51.84,0.0,51.84,0.0,11.8,11.8,0,0.0,36.36,63.64,0.0,0.015873015873015872,1.0,0.0,0.0,0.0,12.100499822315015,0.0,0.04529375,21.1875,0.3363095238095238,21.1875,neutral,18.58
23869,28.5773975,76.9773796,5,5,0.42,0.0,0.42,0.11,6.27,6.38,0,0.0,93.2,6.799999999999997,0.0,0.5,0.9827586206896551,0.0,0.0,0.0,3.050900862878878,0.0,0.01403125,3.375,1.6875,3.3168103448275863,neutral,6.3
23901,28.5773975,77.0428864,11,21,7.84,12.17,20.01,0.34,15.23,15.57,0,0.0,64.41999999999999,35.58000000000001,2.7122080359228335,0.65625,0.9781631342324985,0.5795238095238096,0.0,1.311626857513785,3.574022041713228,0.0,0.02996875,8.0,5.25,7.825305073859988,good,63.44
23921,28.5773975,77.0838282,112,19,39.11,5.43,44.54,0.15,21.36,21.51,0,0.0,33.94999999999999,66.05000000000001,0.5268987327175209,0.1450381679389313,0.9930264993026499,0.28578947368421054,0.0,0.4232387062361422,1.4408453049087113,0.0,0.05761875,29.437500000000004,4.2695610687022905,29.23221757322176,good,36.07
23956,28.5773975,77.1554763,21,0,12.63,0.0,12.63,0.0,8.56,8.56,0,0.0,78.81,21.189999999999998,0.0,0.0,1.0,0.0,0.0,0.0,5.824446679551077,0.0,0.0246375,5.6875,0.0,5.6875,neutral,5.03
23966,28.5773975,77.1759471,25,3,12.69,1.77,14.46,18.61,16.41,35.02,0,0.0,50.52,49.48,0.24481327800829875,0.10714285714285714,0.4685893774985722,0.59,0.0,0.21898554116554605,5.960141498134619,0.0,0.04285625,10.0,1.0714285714285714,4.685893774985722,good,12.51
24009,28.5773975,77.2639719,64,21,26.66,8.26,34.92,7.28,10.32,17.6,0,0.0,47.48,52.52,1.0548369178105406,0.24705882352941178,0.5863636363636363,0.3933333333333333,0.0,0.7201964860694634,1.885550583838332,0.0,0.0396375,15.875,3.922058823529412,9.308522727272726,good,39.71
24092,28.5791942,76.9466732,71,2,33.7,0.0,33.7,0.04,12.97,13.01,0,0.0,53.29,46.71,0.0,0.0273972602739726,0.9969254419677172,0.0,0.0,0.0,5.87906837674183,0.0,0.03853125,14.6875,0.4023972602739726,14.642342428900845,neutral,12.99
24100,28.5791942,76.9630499,0,1,0.0,0.0,0.0,0.0,0.21,0.21,0,0.0,99.79,0.20999999999999375,0.0,0.0,0.0,0.0,0.0,0.0,4.383810734730227,0.0,0.0051,2.25,0.0,0.0,neutral,1.0
24124,28.5791942,77.0121801,23,0,5.96,0.0,5.96,0.33,8.48,8.81,0,0.0,85.23,14.769999999999996,0.0,0.0,0.9625425652667423,0.0,0.0,0.0,1.9677734202305828,0.0,0.02150625,7.125,0.0,6.858115777525539,neutral,2.9
24147,28.5791942,77.0592631,8,3,7.76,7.72,15.48,10.58,23.13,33.71,0,0.0,50.81,49.19,0.9974160206718345,0.2727272727272727,0.68614654405221,2.5733333333333333,0.0,0.6918543555576401,2.1616895230167144,0.0,0.0575,8.875,2.4204545454545454,6.0895505784633635,good,28.06
24177,28.5791942,77.1206758,34,0,19.04,0.0,19.04,0.0,9.42,9.42,0,0.0,71.53999999999999,28.460000000000008,0.0,0.0,1.0,0.0,0.0,0.0,2.776444491367058,0.0,0.0230375,6.75,0.0,6.75,neutral,7.08
24180,28.5791942,77.126817,3,0,1.79,0.0,1.79,0.0,7.8,7.8,0,0.0,90.41,9.590000000000003,0.0,0.0,1.0,0.0,0.0,0.0,3.308277232677779,0.0,0.022575,3.5,0.0,3.5,neutral,1.57
24237,28.5791942,77.2435011,26,13,14.66,10.03,24.69,0.74,14.74,15.48,0,0.0,59.83,40.17,1.5466897475997476,0.3333333333333333,0.9521963824289406,0.7715384615384615,0.0,0.9347943776628671,2.471185005575112,0.0,0.03248125,9.875000000000002,3.291666666666667,9.402939276485789,good,41.76
24271,28.5791942,77.3131021,39,13,14.88,10.37,25.25,3.68,16.92,20.6,0,0.0,54.15,45.85,1.5636542788806873,0.25,0.8213592233009709,0.7976923076923076,0.0,0.9414336933371509,1.1650414266106082,0.0,0.0415625,9.625,2.40625,7.9055825242718445,good,39.48
24274,28.5791942,77.3192433,17,10,33.62,23.45,57.06999999999999,3.05,9.48,12.53,0,0.0,30.40000000000001,69.6,1.4214766332056181,0.37037037037037035,0.7565841979249801,2.3449999999999998,0.0,0.8843775330956609,0.9988751455410235,0.0,0.02286875,5.5,2.0370370370370368,4.161213088587391,good,46.41
24342,28.5809908,76.9712383,0,6,0.0,0.0,0.0,0.43,7.11,7.54,0,0.0,92.46,7.540000000000006,0.0,1.0,0.9429708222811671,0.0,0.0,0.0,3.771107742054317,0.0,0.01811875,2.9999999999999996,2.9999999999999996,2.828912466843501,neutral,10.19
24386,28.5809908,77.0613102,21,4,4.78,12.77,17.55,10.62,15.58,26.2,0,0.0,56.25,43.75,1.6895169100690377,0.16,0.5946564885496184,3.1925,0.0,0.9893615901510812,1.8853801288107674,0.0,0.0350625,7.6875,1.23,4.571421755725192,good,35.27
24398,28.5809908,77.0858752,144,29,50.19,7.94,58.13,0.08,13.12,13.2,0,0.0,28.67,71.33,0.6702341532621992,0.1676300578034682,0.9939393939393939,0.2737931034482759,0.0,0.5129638281341963,0.9990696106778066,0.0,0.0463625,29.875,5.007947976878612,29.69393939393939,good,44.78
24425,28.5809908,77.1411466,88,17,27.36,6.9,34.26,0.0,11.09,11.09,1,12.09,42.56,45.349999999999994,0.839827276998014,0.1619047619047619,1.0,0.40588235294117647,2.5718485799218085,0.6096716960179862,4.557741934961086,0.0,0.039775,16.4375,2.661309523809524,16.4375,good,32.47
24439,28.5809908,77.1698059,30,11,11.79,9.97,21.76,0.33,13.39,13.72,0,0.0,64.52000000000001,35.47999999999999,1.642558645780787,0.2682926829268293,0.9759475218658892,0.9063636363636364,0.0,0.9717476318105149,5.824676563282663,0.0,0.0296,7.9375,2.1295731707317076,7.746583454810495,good,38.68
24443,28.5809908,77.1779942,34,4,14.94,4.28,19.22,1.24,27.51,28.75,0,0.0,52.03,47.97,0.5170578692048862,0.10526315789473684,0.9568695652173913,1.07,0.0,0.416772846774531,6.170919246214655,0.0,0.06328125,15.125,1.5921052631578947,14.472652173913044,good,19.63
24476,28.5809908,77.2455482,32,17,31.01,10.98,41.99,0.38,17.6,17.98,0,0.0,40.03,59.97,1.0903971544614572,0.3469387755102041,0.9788654060066742,0.6458823529411765,0.0,0.7373540739821687,2.627674555623514,0.0,0.04585,10.0625,3.4910714285714284,9.849833147942158,good,41.17
24512,28.5809908,77.3192433,26,18,19.92,20.58,40.5,1.13,11.56,12.69,0,0.0,46.81,53.19,2.1585764994239254,0.4090909090909091,0.9109535066981876,1.1433333333333333,0.0,1.1501214512386904,0.7991023403315161,0.00011875,0.02981875,7.062499999999999,2.8892045454545454,6.43360914105595,good,54.59
24577,28.5827874,76.965097,0,2,0.0,0.0,0.0,0.0,1.28,1.28,0,0.0,98.72,1.2800000000000011,0.0,0.0,0.0,0.0,0.0,0.0,4.388067504070767,0.0,0.0068,2.25,0.0,0.0,neutral,1.0
24624,28.5827874,77.0613102,14,7,19.14,3.84,22.98,9.32,16.55,25.87,0,0.0,51.14999999999999,48.85000000000001,0.5013054830287207,0.3333333333333333,0.6397371472748358,0.5485714285714286,0.0,0.40633505161670447,1.7875758837686735,0.0,0.04395,7.875,2.625,5.037930034789332,good,23.77
24631,28.5827874,77.0756398,55,11,14.63,4.91,19.54,0.52,20.19,20.71,0,0.0,59.75,40.25,0.9008273223408843,0.16666666666666666,0.9748913568324481,0.44636363636363635,0.0,0.6422892242100307,0.8237208401534717,0.0,0.0411375,13.625,2.270833333333333,13.282894736842106,good,27.47
24638,28.5827874,77.0899694,68,31,28.17,12.43,40.6,0.39,12.86,13.25,0,0.0,46.15,53.85,1.5307881773399015,0.31313131313131315,0.970566037735849,0.40096774193548385,0.0,0.9285307867686571,0.6317816446500235,0.0,0.04579375,17.0,5.3232323232323235,16.499622641509433,good,52.83
24655,28.5827874,77.1247699,11,0,3.72,0.0,3.72,6.36,9.71,16.07,0,0.0,80.21000000000001,19.789999999999992,0.0,0.0,0.6042314872433105,0.0,0.0,0.0,2.971194535968734,0.0,0.0217375,4.8125,0.0,2.907864032358432,neutral,2.19
24679,28.5827874,77.1739001,33,2,10.3,0.9,11.2,11.58,16.36,27.94,0,0.0,60.86,39.14,0.12736305809366433,0.05714285714285714,0.5855404438081603,0.0,0.0,0.11988132878207253,5.807624577602004,0.0,0.06223125,9.125,0.5214285714285715,5.343056549749463,neutral,8.05
24705,28.5827874,77.2271244,25,9,25.92,4.54,30.46,4.47,16.05,20.52,0,0.0,49.02,50.98,0.4951265118446692,0.2647058823529412,0.7821637426900585,0.5044444444444445,0.0,0.4022108265697707,3.5577961221990835,0.0008375,0.038175,12.6875,3.358455882352941,9.923702485380117,good,28.31
24712,28.5827874,77.241454,35,5,26.7,3.35,30.05,3.46,16.5,19.96,0,0.0,49.99,50.01,0.2881738561536064,0.125,0.8266533066132264,0.67,0.0,0.2532256000587001,2.9089154551721434,0.0,0.03876875,10.0625,1.2578125,8.318198897795591,good,18.69
24752,28.5827874,77.3233375,32,13,19.31,22.16,41.47,1.28,16.36,17.64,1,0.49,40.4,59.11,2.0345065124860504,0.28888888888888886,0.927437641723356,1.7046153846153846,0.3987761199573678,1.1100488124394514,0.6317816446496305,0.0,0.0454375,9.625,2.7805555555555554,8.9265873015873,good,52.74
24790,28.584584,76.9139198,2,2,0.09,0.0,0.09,0.0,3.25,3.25,0,0.0,96.66,3.3400000000000034,0.0,0.5,1.0,0.0,0.0,0.0,9.116507736781534,0.0,0.01249375,2.25,1.125,2.25,neutral,4.48
24827,28.584584,76.9896621,0,1,0.0,0.0,0.0,0.0,0.0,0.0,0,0.0,100.0,0.0,0.0,0.0,0.0,0.0,0.0,0.0,2.775804501402356,0.0,0.00453125,2.25,0.0,0.0,neutral,1.0
24854,28.584584,77.0449335,31,13,26.93,8.28,35.21,5.57,17.37,22.94,0,0.0,41.85,58.15,0.8953393568485362,0.29545454545454547,0.7571926765475152,0.6369230769230769,0.0,0.6393979026326108,2.7756695055792586,0.0,0.0556875,10.3125,3.046875,7.808549476896251,good,34.77
24985,28.584584,77.3131021,16,24,21.8,28.92,50.72,7.03,12.32,19.35,0,0.0,29.93,70.07,2.6478769914882694,0.6,0.6366925064599482,1.205,0.0,1.2941453522050492,0.7205533436581589,0.0,0.03021875,6.187500000000001,3.7125000000000004,3.9395348837209303,good,67.59
24987,28.584584,77.3171962,19,14,26.01,22.69,48.7,0.67,11.31,11.98,0,0.0,39.31999999999999,60.68000000000001,1.8202740783235583,0.42424242424242425,0.9440734557595993,1.6207142857142858,0.0,1.036834071122172,0.4467628595494072,0.0,0.029825,6.0625,2.5719696969696972,5.723445325542571,good,51.25
25024,28.5863807,76.9057315,0,2,0.0,0.0,0.0,0.0,1.49,1.49,0,0.0,98.51,1.4899999999999949,0.0,0.0,0.0,0.0,0.0,0.0,9.940438996948409,0.0,0.0077375,2.25,0.0,0.0,neutral,1.0
25086,28.5863807,77.0326509,16,5,11.1,9.63,20.73,6.96,16.63,23.59,0,0.0,55.68,44.32,1.2008291790614922,0.23809523809523808,0.704959728698601,1.9260000000000002,0.0,0.788834188928873,3.4026132624070926,0.0,0.03960625,10.125,2.4107142857142856,7.137717253073335,good,32.7
25092,28.5863807,77.0449335,17,10,9.59,10.87,20.46,11.27,21.34,32.61,0,0.0,46.93,53.07,1.8379287240756315,0.37037037037037035,0.6544004906470408,1.087,0.0,1.043074463579491,2.6050594157530487,0.0,0.05754375,6.4375,2.384259259259259,4.212703158540325,good,41.92
25101,28.5863807,77.0633573,13,4,10.45,10.33,20.78,3.44,21.99,25.43,0,0.0,53.790000000000006,46.209999999999994,1.1542597314815424,0.23529411764705882,0.864726700747149,2.5825,0.0,0.7674471524683936,1.455047975295655,0.0,0.052475,10.0,2.3529411764705883,8.64726700747149,good,31.85
25222,28.5863807,77.311055,14,8,14.07,12.57,26.64,11.77,15.96,27.73,0,0.0,45.63,54.37,1.4957191166715416,0.36363636363636365,0.57554994590696,1.57125,0.0,0.9145769107900258,0.8240789977224431,0.0,0.03701875,7.1875,2.6136363636363638,4.136765236206275,good,39.56
25245,28.5881773,76.870931,0,1,0.0,0.0,0.0,0.0,0.0,0.0,0,0.0,100.0,0.0,0.0,0.0,0.0,0.0,0.0,0.0,13.290970918324122,0.0,0.00453125,2.25,0.0,0.0,neutral,1.0
25298,28.5881773,76.9794266,88,4,42.68,1.52,44.2,0.0,13.96,13.96,0,0.0,41.84,58.16,0.0798491109554025,0.043478260869565216,1.0,0.38,0.0,0.07682131929715576,3.684634182765927,0.0,0.044725,17.3125,0.7527173913043478,17.3125,good,18.59
25323,28.5881773,77.0306039,11,7,5.88,4.14,10.02,14.77,22.84,37.61,0,0.0,52.37,47.63,1.2395209580838322,0.3888888888888889,0.6072852964637064,0.5914285714285714,0.0,0.8062619849977768,3.3909540618731,0.0,0.0549625,6.6875,2.6006944444444446,4.061220420101037,good,30.43
25353,28.5881773,77.0920165,100,43,53.13,14.93,68.06,0.04,11.28,11.32,0,0.0,20.620000000000005,79.38,1.19760966891353,0.3006993006993007,0.9964664310954062,0.3472093023255814,0.0,0.7873702555496823,0.0,0.0,0.039575,25.1875,7.573863636363636,25.098498233215544,good,63.58
25357,28.5881773,77.1002049,46,0,16.61,0.0,16.61,0.0,10.82,10.82,0,0.0,72.57,27.430000000000007,0.0,0.0,1.0,0.0,0.0,0.0,0.5651828563630059,0.0,0.033475,10.562499999999998,0.0,10.562499999999998,neutral,6.3
25373,28.5881773,77.1329583,16,0,6.74,0.0,6.74,0.0,7.55,7.55,0,0.0,85.71000000000001,14.289999999999992,0.0,0.0,1.0,0.0,0.0,0.0,3.619791203894077,0.0,0.01866875,5.1875,0.0,5.1875,neutral,3.15
25402,28.5881773,77.1923239,8,0,1.93,0.0,1.93,0.0,0.0,0.0,1,0.02,98.05,1.9300000000000068,0.0,0.0,0.0,0.0,0.019802627296179712,0.0,6.3592877650458295,0.00108125,0.010075,7.75,0.0,0.0,neutral,1.62
25434,28.5881773,77.2578307,54,13,7.69,3.38,11.07,4.86,15.97,20.83,0,0.0,68.1,31.900000000000006,1.1624986121548961,0.19402985074626866,0.7666826692270764,0.26,0.0,0.7712643180456087,3.1086950726954745,0.0,0.03515625,12.750000000000002,2.473880597014926,9.775204032645226,good,29.25
25457,28.5881773,77.3049137,36,16,25.63,12.91,38.54,1.93,15.89,17.82,0,0.0,43.64,56.36,1.369204599910272,0.3076923076923077,0.8916947250280584,0.806875,0.0,0.8625542869645725,1.3991168345864575,0.0,0.04614375,12.625,3.884615384615385,11.257645903479236,good,45.38
25462,28.5881773,77.3151492,28,10,34.38,14.5,48.88,7.59,11.41,19.0,0,0.0,32.120000000000005,67.88,1.0262225546284944,0.2631578947368421,0.6005263157894737,1.45,0.0,0.7061732490671913,0.3997406930843713,0.0,0.0282,7.875,2.0723684210526314,4.729144736842105,good,38.08
25464,28.5881773,77.3192433,81,32,36.71,25.6,62.31,0.0,6.01,6.01,0,0.0,31.680000000000007,68.32,2.072484183206169,0.2831858407079646,1.0,0.8,0.0,1.1224864145867617,0.0,0.0,0.02865625,13.75,3.893805309734513,13.75,good,63.37
25465,28.5881773,77.3212904,53,28,32.83,28.64,61.47,0.0,8.68,8.68,0,0.0,29.84999999999999,70.15,2.263422412566352,0.345679012345679,1.0,1.022857142857143,0.0,1.1827764645088066,0.0,0.0,0.03240625,9.8125,3.391975308641975,9.8125,good,64.38
25491,28.5899739,76.8873077,0,2,0.0,0.0,0.0,0.0,3.82,3.82,0,0.0,96.18,3.819999999999993,0.0,0.0,1.0,0.0,0.0,0.0,11.781549942711077,0.0,0.0091,2.4375,0.0,2.4375,neutral,1.0
25545,28.5899739,76.9978504,77,7,38.18,7.58,45.76,0.0,11.96,11.96,0,0.0,42.28,57.72,0.4969405594405595,0.08333333333333333,1.0,1.082857142857143,0.0,0.4034233981966372,3.056042345735667,0.0,0.03524375,15.250000000000002,1.2708333333333335,15.250000000000002,good,26.83
25579,28.5899739,77.0674515,19,8,18.3,3.94,22.24,6.05,22.61,28.66,0,0.0,49.1,50.9,0.561578440003719,0.2962962962962963,0.7889043963712491,0.4925,0.0,0.44569713023130497,0.999349300753326,0.0,0.05614375,11.1875,3.3148148148148144,8.82586793440335,good,26.53
25580,28.5899739,77.0694985,14,7,12.55,11.71,24.26,12.98,21.35,34.33,0,0.0,41.41,58.59,1.4480626545754327,0.3333333333333333,0.6219050393242063,1.672857142857143,0.0,0.8952969585118647,0.7994872516165978,0.0,0.0507625,8.0625,2.6875,5.014109379551413,good,38.32
25584,28.5899739,77.0776869,94,24,57.11,6.2,63.31,0.6,9.35,9.95,0,0.0,26.739999999999995,73.26,0.4547766289149153,0.2033898305084746,0.9396984924623116,0.25833333333333336,0.0,0.37485236919200243,0.0,0.0,0.03916875,21.562500000000004,4.3855932203389845,20.262248743718597,good,41.35
25615,28.5899739,77.1411466,6,0,3.18,0.0,3.18,0.0,0.3,0.3,0,0.0,96.52,3.480000000000004,0.0,0.0,0.0,0.0,0.0,0.0,4.401648767006679,0.0,0.00513125,3.1875000000000004,0.0,0.0,neutral,2.02
25628,28.5899739,77.1677588,7,3,4.98,6.19,11.170000000000002,3.85,9.31,13.16,0,0.0,75.67,24.33,1.1083258728737688,0.3,0.7074468085106383,2.0633333333333335,0.0,0.7458942073813173,4.828028723086033,0.0,0.03525625,5.4375,1.6312499999999999,3.846742021276596,good,25.9
25697,28.5899739,77.3090079,62,34,35.91,17.9,53.81,0.61,15.38,15.99,0,0.0,30.200000000000003,69.8,1.706265861425662,0.3541666666666667,0.9618511569731082,0.526470588235294,0.0,0.9955697737863738,1.0191296605955473,0.0,0.061,18.4375,6.529947916666667,17.734130706691683,good,63.33
25723,28.5917705,76.8750251,0,4,0.0,0.0,0.0,0.32,7.17,7.49,0,0.0,92.51,7.489999999999995,0.0,1.0,0.9572763684913217,0.0,0.0,0.0,12.99267882902676,0.0,0.01629375,2.6875,2.6875,2.572680240320427,neutral,9.23
25780,28.5917705,76.9917092,88,21,37.23,10.74,47.97,2.98,19.68,22.66,0,0.0,29.370000000000005,70.63,0.9984218383190447,0.1926605504587156,0.8684907325684025,0.5114285714285715,0.0,0.6923577882313109,3.414005999681174,0.0,0.04354375,17.8125,3.431766055045872,15.46999117387467,good,41.54
25817,28.5917705,77.0674515,14,5,10.17,3.55,13.72,4.62,20.29,24.91,0,0.0,61.370000000000005,38.629999999999995,0.6688496266443223,0.2631578947368421,0.8145323163388197,0.71,0.0,0.5121345427442608,1.0191129139965998,0.0,0.04766875,7.8125,2.0559210526315788,6.3635337213970296,good,21.54
25831,28.5917705,77.0961107,116,11,63.32,2.37,65.69,0.03,14.29,14.32,0,0.0,19.989999999999995,80.01,0.12934025158637755,0.08661417322834646,0.9979050279329608,0.21545454545454545,0.0,0.12163361406489823,0.0,0.0,0.0538,26.375,2.284448818897638,26.31974511173184,good,30.88
25842,28.5917705,77.1186287,21,0,14.24,0.0,14.24,0.0,6.46,6.46,0,0.0,79.3,20.700000000000003,0.0,0.0,1.0,0.0,0.0,0.0,2.198542602751032,0.0,0.01760625,5.0625,0.0,5.0625,neutral,5.55
25872,28.5917705,77.1800413,26,0,21.52,0.0,21.52,6.12,17.63,23.75,0,0.0,54.73,45.27,0.0,0.0,0.7423157894736842,0.0,0.0,0.0,5.27476480036823,0.0,0.04288125,9.875000000000002,0.0,7.330368421052633,neutral,7.87
25902,28.5917705,77.241454,68,31,22.7,10.38,33.08,0.65,9.07,9.72,1,0.8200000000000001,56.38,42.8,1.5689238210399035,0.31313131313131315,0.9331275720164609,0.33483870967741935,0.598836501088704,0.943487064531175,3.8790332856645633,0.00090625,0.02755,13.625,4.266414141414142,12.71386316872428,good,47.75
26007,28.5935671,76.9691912,70,3,25.8,0.0,25.8,0.23,13.43,13.66,0,0.0,60.540000000000006,39.459999999999994,0.0,0.0410958904109589,0.9831625183016105,0.0,0.0,0.0,4.8043308925180535,0.0,0.04984375,17.8125,0.7320205479452054,17.512582357247435,neutral,11.48
26176,28.5935671,77.3151492,24,12,27.18,20.83,48.01,0.46,12.02,12.48,0,0.0,39.510000000000005,60.489999999999995,1.6055021730655894,0.3333333333333333,0.9631410256410255,1.7358333333333331,0.0,0.9576254293969474,0.7203936375678078,0.0,0.0317875,7.0,2.333333333333333,6.741987179487179,good,47.14
26202,28.5953638,76.8811664,2,2,1.41,0.0,1.41,0.0,3.22,3.22,0,0.0,95.37,4.6299999999999955,0.0,0.5,1.0,0.0,0.0,0.0,12.520950094950216,0.0,0.01068125,2.4375,1.21875,2.4375,neutral,5.18
26261,28.5953638,77.0019446,99,13,43.95,3.51,47.46,0.17,16.83,17.0,0,0.0,35.53999999999999,64.46000000000001,0.28158061054408323,0.11607142857142858,0.9899999999999999,0.26999999999999996,0.0,0.24809416811645307,3.601506502802151,0.0,0.0446625,18.5,2.147321428571429,18.314999999999998,good,26.88
26263,28.5953638,77.0060388,52,0,15.31,0.0,15.31,0.12,4.47,4.59,0,0.0,80.1,19.900000000000006,0.0,0.0,0.9738562091503268,0.0,0.0,0.0,3.6015065028022204,0.0,0.01534375,8.875,0.0,8.64297385620915,neutral,5.89
26275,28.5953638,77.0306039,10,9,19.22,0.0,19.22,14.55,19.83,34.38,1,1.28,45.12,53.6,0.0,0.47368421052631576,0.5767888307155322,0.0,0.8241754429663494,0.0,2.881904096092886,0.0,0.0538,9.25,4.381578947368421,5.335296684118673,good,20.56
26278,28.5953638,77.0367451,0,3,0.31,11.12,11.43,12.16,21.42,33.58,0,0.0,54.99,45.01,1.9457567804024496,1.0,0.6378796902918404,3.7066666666666666,0.0,1.0803657553662638,2.406088379089553,0.001275,0.04836875,5.875,5.875,3.7475431804645627,good,51.32
26346,28.5953638,77.1759471,39,4,24.35,2.27,26.62,0.06,18.3,18.36,0,0.0,55.02,44.98,0.1980006301801019,0.09302325581395349,0.996732026143791,0.5675,0.0,0.18065402571991548,4.715299242840266,0.0,0.04701875,10.937500000000002,1.0174418604651165,10.901756535947715,good,15.53
26360,28.5953638,77.2046064,24,4,22.73,2.4,25.13,0.03,3.48,3.51,0,0.0,71.36,28.64,0.22175198677794147,0.14285714285714285,0.9914529914529915,0.6,0.0,0.20028588334068786,5.650516015272549,0.00098125,0.01713125,9.0625,1.294642857142857,8.985042735042736,good,16.26
26413,28.5953638,77.3131021,56,26,40.6,17.17,57.77,0.19,14.81,15.0,0,0.0,27.22999999999999,72.77000000000001,1.4132147898934873,0.3170731707317073,0.9873333333333334,0.6603846153846155,0.0,0.8809597963131973,0.9990391516419804,0.0,0.0466125,13.0,4.121951219512195,12.835333333333335,good,52.9
26418,28.5953638,77.3233375,32,13,31.82,17.5,49.32,2.13,9.49,11.62,0,0.0,39.06,60.94,1.3509471033253866,0.28888888888888886,0.8166953528399312,1.3461538461538463,0.0,0.8548182696558905,0.8237183538041007,0.0,0.02465625,6.8125,1.9680555555555554,5.563737091222031,good,42.69
26494,28.5971604,76.9917092,73,10,31.47,3.11,34.58,0.27,13.61,13.88,0,0.0,51.54,48.46,0.3111287545969345,0.12048192771084337,0.9805475504322766,0.311,0.0,0.2708884109408235,3.980697284045443,0.0,0.0383625,17.8125,2.1460843373493974,17.466003242074926,good,23.2
26564,28.5971604,77.1350054,25,9,24.15,13.84,37.99,3.94,12.81,16.75,0,0.0,45.260000000000005,54.739999999999995,1.210199653415138,0.2647058823529412,0.7647761194029851,1.5377777777777777,0.0,0.7930828523609942,3.790565156515847,0.0,0.0284,6.8125,1.8033088235294117,5.210037313432836,good,36.49
26602,28.5971604,77.2127947,44,3,24.31,0.0,24.31,0.54,5.8,6.34,0,0.0,69.35,30.650000000000006,0.0,0.06382978723404255,0.9148264984227129,0.0,0.0,0.0,5.393932457615497,0.0,0.02061875,11.5625,0.738031914893617,10.577681388012618,neutral,11.02
26625,28.5971604,77.2598778,22,0,2.09,0.0,2.09,0.0,8.34,8.34,0,0.0,89.57,10.430000000000007,0.0,0.0,1.0,0.0,0.0,0.0,3.7699355266690406,0.001325,0.02151875,7.8125,0.0,7.8125,neutral,1.67
26639,28.5971604,77.288537,24,7,1.14,0.0,1.14,0.0,4.99,4.99,0,0.0,93.87,6.1299999999999955,0.0,0.22580645161290322,1.0,0.0,0.0,0.0,3.1600063949882387,0.0,0.01744375,7.249999999999999,1.637096774193548,7.249999999999999,neutral,6.38
26723,28.598957,76.9732854,64,9,27.19,2.74,29.93,0.59,17.12,17.71,0,0.0,52.35999999999999,47.64000000000001,0.30411236150990223,0.1232876712328767,0.9666854884246189,0.30444444444444446,0.0,0.2655226265943878,4.99538886920734,0.0,0.05575625,17.0,2.095890410958904,16.43365330321852,good,21.46
26725,28.598957,76.9773796,114,4,26.85,1.65,28.5,0.0,17.58,17.58,0,0.0,53.92,46.08,0.13442741601979466,0.03389830508474576,1.0,0.4125,0.0,0.12612804436316846,4.7661739298267,0.0,0.04154375,17.0,0.576271186440678,17.0,good,13.85
26785,28.598957,77.1002049,59,15,31.75,3.73,35.48,0.57,12.74,13.31,1,0.6799999999999999,50.53,48.79,0.42051860202931235,0.20270270270270271,0.95717505634861,0.24866666666666667,0.5187937934151675,0.35102201763594426,0.8477350292334002,0.00125,0.0612375,22.937500000000004,4.649493243243244,21.955202854996244,good,32.77
26842,28.598957,77.2168889,23,1,21.48,1.79,23.27,0.46,7.19,7.65,0,0.0,69.08,30.92,0.07692307692307693,0.041666666666666664,0.9398692810457516,0.0,0.0,0.07410797215372188,5.20950967947977,0.0,0.0214625,6.125,0.2552083333333333,5.756699346405228,neutral,10.35
26883,28.598957,77.3008195,9,3,2.59,2.85,5.44,0.0,0.81,0.81,0,0.0,93.75,6.25,1.0477941176470589,0.25,0.0,0.9500000000000001,0.0,0.7167631736312867,2.161561618209412,0.0,0.006375,3.875,0.96875,0.0,good,21.15
26933,28.6007536,76.9159669,53,16,16.94,9.25,26.19,7.29,13.65,20.94,0,0.0,52.87,47.13,1.4436438060926169,0.2318840579710145,0.6518624641833811,0.578125,0.0,0.8934902884999606,9.564311479563836,0.0,0.0297875,12.0625,2.7971014492753623,7.863090974212035,good,39.21
26939,28.6007536,76.9282494,0,4,0.0,0.0,0.0,0.0,4.18,4.18,0,0.0,95.82,4.180000000000007,0.0,1.0,1.0,0.0,0.0,0.0,8.50282150140436,0.0,0.0045125,2.625,2.625,2.625,neutral,9.04
26966,28.6007536,76.9835208,65,12,33.14,4.46,37.6,0.07,11.89,11.96,0,0.0,50.44,49.56,0.43893513677950186,0.15584415584415584,0.9941471571906354,0.37166666666666665,0.0,0.36390335168396354,4.647124703144851,0.0,0.034475,14.124999999999998,2.201298701298701,14.042328595317723,good,26.22
26997,28.6007536,77.0469806,15,5,9.35,7.61,16.96,5.73,18.55,24.28,0,0.0,58.76,41.24,1.1598799900051886,0.25,0.764003294892916,1.522,0.0,0.7700526599697665,1.2793475242773118,0.0,0.04715,8.3125,2.078125,6.350777388797364,good,29.88
27027,28.6007536,77.1083932,9,0,2.92,0.0,2.92,0.06,6.94,7.0,0,0.0,90.08,9.920000000000002,0.0,0.0,0.9914285714285714,0.0,0.0,0.0,1.454867075435334,0.0,0.02198125,4.4375,0.0,4.399464285714286,neutral,1.93
27047,28.6007536,77.149335,15,3,13.87,3.72,17.59,0.0,8.66,8.66,0,0.0,73.75,26.25,0.42296759522455946,0.16666666666666666,1.0,1.24,0.0,0.35274454669421607,3.202649282131775,0.0,0.02035,4.937500000000001,0.8229166666666667,4.937500000000001,good,15.37
27067,28.6007536,77.1902768,10,0,12.72,0.0,12.72,0.81,4.98,5.79,0,0.0,81.49,18.510000000000005,0.0,0.0,0.8601036269430052,0.0,0.0,0.0,5.275019509745939,0.0,0.0149625,3.5,0.0,3.010362694300518,neutral,5.06
27092,28.6007536,77.241454,24,3,20.71,3.94,24.65,11.93,19.14,31.07,0,0.0,44.28,55.72,0.31967545638945233,0.1111111111111111,0.6160283231412939,1.3133333333333332,0.0,0.27738583999656097,4.811694080739961,0.0,0.038725,11.125,1.236111111111111,6.853315094946894,good,17.37
27157,28.6025503,76.8873077,0,2,0.0,0.0,0.0,0.0,3.42,3.42,0,0.0,96.58,3.4200000000000017,0.0,0.0,1.0,0.0,0.0,0.0,12.211722066718005,0.0,0.0110875,2.4375,0.0,2.4375,neutral,1.0
27189,28.6025503,76.9528145,0,5,0.0,0.0,0.0,0.33,6.09,6.42,0,0.0,93.58,6.420000000000002,0.0,1.0,0.9485981308411214,0.0,0.0,0.0,6.6548937216239,0.0,0.014175,2.625,2.625,2.490070093457944,neutral,9.04
27199,28.6025503,76.9732854,71,7,30.46,1.29,31.75,0.0,12.78,12.78,0,0.0,55.47,44.53,0.12188976377952757,0.08974358974358974,1.0,0.1842857142857143,0.0,0.11501455252281495,5.320348348995823,0.0,0.034775,16.4375,1.4751602564102564,16.4375,good,17.45
27248,28.6025503,77.0735927,90,24,41.13,7.6,48.73,0.0,15.87,15.87,0,0.0,35.400000000000006,64.6,0.7242624059570676,0.21052631578947367,1.0,0.31666666666666665,0.0,0.5447993682908048,0.5995436951791665,0.0,0.04424375,16.5625,3.4868421052631575,16.5625,good,37.91
27251,28.6025503,77.079734,143,36,58.16,6.85,65.00999999999999,0.46,10.77,11.23,0,0.0,23.760000000000005,76.24,0.5489117913329997,0.2011173184357542,0.9590382902938557,0.19027777777777777,0.0,0.4375526142567836,0.0,0.0,0.0371125,24.8125,4.990223463687151,23.796137577916294,good,45.13
27258,28.6025503,77.0940636,57,10,31.12,3.92,35.04,0.09,11.96,12.05,0,0.0,52.91,47.09,0.3870140395279168,0.14925373134328357,0.9925311203319502,0.392,0.0,0.32715326350779306,0.1997728052095074,0.000575,0.054625,18.9375,2.8264925373134324,18.79605809128631,good,26.55
27264,28.6025503,77.1063461,53,27,43.49,8.46,51.95,1.59,10.51,12.1,0,0.0,35.94999999999999,64.05000000000001,0.7828724281156368,0.3375,0.868595041322314,0.31333333333333335,0.0,0.5782257873115126,1.2155952232104958,0.0,0.04683125,18.0625,6.0960937500000005,15.688997933884297,good,47.8
27301,28.6025503,77.1820884,14,1,7.18,2.01,9.19,10.93,12.28,23.21,0,0.0,67.6,32.400000000000006,0.21871599564744287,0.06666666666666667,0.5290822921154674,0.0,0.0,0.19779784193345318,4.529800643398663,0.0,0.03016875,5.75,0.3833333333333333,3.042223179663938,neutral,8.33
27303,28.6025503,77.1861826,25,10,11.66,10.42,22.08,1.03,16.87,17.9,0,0.0,60.02,39.98,1.632575972201116,0.2857142857142857,0.9424581005586593,1.042,0.0,0.9679628239452275,4.836730468975383,0.0,0.03923125,7.1875,2.0535714285714284,6.773917597765363,good,38.4
27404,28.6043469,76.9057315,0,2,0.0,0.0,0.0,0.0,2.72,2.72,0,0.0,97.28,2.719999999999999,0.0,0.0,1.0,0.0,0.0,0.0,10.63786807823506,0.0,0.00453125,2.25,0.0,2.25,neutral,1.0
27472,28.6043469,77.0449335,24,3,13.66,1.0,14.66,9.18,21.86,31.04,1,1.39,52.91,45.7,0.1364256480218281,0.1111111111111111,0.7042525773195877,0.3333333333333333,0.8712933659434192,0.1278879402801912,1.1651425883807938,0.0,0.0498875,10.25,1.1388888888888888,7.218588917525774,good,11.18
27496,28.6043469,77.0940636,66,16,57.55,4.11,61.66,0.05,14.2,14.25,0,0.0,24.090000000000003,75.91,0.272453329184867,0.1951219512195122,0.9964912280701754,0.256875,0.0,0.2409467922943958,0.0,0.0,0.06463125,23.125,4.51219512195122,23.04385964912281,good,38.52
27533,28.6043469,77.1698059,0,0,0.0,0.0,0.0,10.63,3.99,14.62,0,0.0,85.38,14.620000000000005,0.0,0.0,0.2729138166894665,0.0,0.0,0.0,3.557198387963337,0.0,0.0117375,2.375,0.0,0.648170314637483,neutral,1.0
27553,28.6043469,77.2107476,18,0,8.74,0.0,8.74,6.65,10.1,16.75,0,0.0,74.50999999999999,25.49000000000001,0.0,0.0,0.6029850746268657,0.0,0.0,0.0,4.599172306996853,0.0,0.020475,6.187500000000001,0.0,3.7309701492537317,neutral,3.79
27569,28.6043469,77.2435011,14,2,11.91,2.99,14.9,0.0,8.77,8.77,1,0.73,75.6,23.67,0.3180562333661917,0.125,1.0,0.0,0.5481214085096876,0.2761581008501246,4.38182543736606,0.0,0.0203,6.5,0.8125,6.5,neutral,12.93
27592,28.6043469,77.2905841,39,7,20.06,3.82,23.88,4.46,16.54,21.0,0,0.0,55.120000000000005,44.879999999999995,0.4798994974874372,0.15217391304347827,0.7876190476190476,0.5457142857142857,0.0,0.39197417836714904,2.405609540059194,0.0,0.03481875,11.9375,1.816576086956522,9.40220238095238,good,21.26
27643,28.6061435,76.9077786,0,2,0.0,0.0,0.0,0.0,2.17,2.17,0,0.0,97.83,2.1700000000000017,0.0,0.0,1.0,0.0,0.0,0.0,10.547176014778703,0.0,0.00985625,2.25,0.0,2.25,neutral,1.0
27662,28.6061435,76.9466732,78,0,53.63,0.0,53.63,0.1,12.85,12.95,0,0.0,33.42,66.58,0.0,0.0,0.9922779922779923,0.0,0.0,0.0,7.36959364695255,0.0,0.0476,18.625,0.0,18.481177606177607,neutral,18.12
27678,28.6061435,76.9794266,54,1,57.99,0.41,58.4,0.3,16.72,17.02,0,0.0,24.58,75.42,0.007020547945205479,0.01818181818181818,0.9823736780258518,0.0,0.0,0.006996018637683232,5.309328317383335,0.0,0.0480125,17.5625,0.3193181818181818,17.252937720329022,neutral,20.73
27713,28.6061435,77.0510747,30,10,23.82,9.61,33.43,5.96,22.22,28.18,0,0.0,38.39,61.61,0.9944701721538866,0.25,0.7885024840312278,0.961,0.0,0.6903784372020537,0.5651345278781278,0.0,0.043175,9.4375,2.359375,7.441492193044712,good,33.56
27717,28.6061435,77.0592631,79,37,53.0,11.34,64.34,0.0,11.43,11.43,0,0.0,24.22999999999999,75.77000000000001,0.9249533416607126,0.31896551724137934,1.0,0.30648648648648646,0.0,0.654901729347669,0.0,0.0,0.03379375,21.75,6.937500000000001,21.75,good,56.43
27722,28.6061435,77.0694985,182,41,37.09,10.22,47.31,4.17,16.05,20.22,0,0.0,32.47,67.53,1.1648591008412372,0.18385650224215247,0.7937685459940653,0.24926829268292686,0.0,0.7723552788937827,0.9991955577042286,0.0,0.04698125,37.25,6.848654708520179,29.567878338278934,good,54.25
27740,28.6061435,77.1063461,45,22,38.79,9.49,48.28,9.51,17.92,27.43,0,0.0,24.290000000000006,75.71,0.8891591334503117,0.3283582089552239,0.6532993073277434,0.4313636363636364,0.0,0.6361318271365324,1.2155749990045965,0.0,0.062125,20.125,6.608208955223881,13.147648559970836,good,49.76
27759,28.6061435,77.1452408,2,0,0.42,0.0,0.42,10.46,2.16,12.62,0,0.0,86.96000000000001,13.039999999999992,0.0,0.0,0.1711568938193344,0.0,0.0,0.0,2.6047554960242767,0.0,0.0169125,3.4375,0.0,0.588351822503962,neutral,1.13
27800,28.6061435,77.2291714,38,1,29.78,1.71,31.49,0.35,16.61,16.96,0,0.0,51.55,48.45,0.054302953318513814,0.02564102564102564,0.9793632075471698,0.0,0.0,0.05287984080950958,4.599172158439824,0.0,0.034325,7.375,0.1891025641025641,7.222803655660377,neutral,12.43
27805,28.6061435,77.2394069,21,1,9.59,2.17,11.76,17.21,16.99,34.2,0,0.0,54.03999999999999,45.96000000000001,0.18452380952380953,0.045454545454545456,0.49678362573099405,0.0,0.0,0.16934084532123347,4.529713478643825,0.0,0.0390375,7.8125,0.35511363636363635,3.881122076023391,neutral,8.56
27901,28.6079401,76.9487203,46,5,22.99,3.18,26.17,7.69,12.36,20.05,0,0.0,53.78,46.22,0.3141070214861779,0.09803921568627451,0.6164588528678304,0.636,0.0,0.2731573638433319,7.353134728241264,0.0,0.0320625,10.0,0.9803921568627451,6.164588528678304,good,16.99
27908,28.6079401,76.9630499,99,5,37.94,2.12,40.06,1.95,14.89,16.84,0,0.0,43.1,56.9,0.1367978158144995,0.04807692307692308,0.8842042755344418,0.42400000000000004,0.0,0.12821537645346426,6.39722541706998,0.0,0.03995,18.625,0.8954326923076924,16.46830463182898,good,18.55
27914,28.6079401,76.9753325,96,7,38.37,1.98,40.35,0.2,16.07,16.27,0,0.0,43.38,56.62,0.14721189591078065,0.06796116504854369,0.9877074370006147,0.28285714285714286,0.0,0.13733456032722136,5.626956099380663,0.0,0.04675,19.5,1.3252427184466018,19.260295021511986,good,20.11
27919,28.6079401,76.9855679,36,25,34.72,20.33,55.05,5.26,12.81,18.07,0,0.0,26.879999999999995,73.12,1.735875376381624,0.4098360655737705,0.7089097952407305,0.8131999999999999,0.0,1.0064514491547711,4.677608639422305,0.0,0.04199375,13.0,5.327868852459017,9.215827338129497,good,60.48
27939,28.6079401,77.0265097,94,26,49.42,7.5,56.92,0.14,19.28,19.42,0,0.0,23.66,76.34,0.6265224221051654,0.21666666666666667,0.9927909371781668,0.28846153846153844,0.0,0.4864442523297425,1.6474151519115965,0.0,0.0592625,25.3125,5.484375,25.130020597322346,good,45.21
27951,28.6079401,77.0510747,39,19,15.05,11.98,27.03,4.09,15.17,19.26,0,0.0,53.71,46.29,1.9155271393544433,0.3275862068965517,0.7876427829698857,0.6305263157894737,0.0,1.0700506402817298,0.44681851091399527,0.0,0.0329625,9.8125,3.2144396551724137,7.728744807892003,good,47.71
27955,28.6079401,77.0592631,139,25,52.17,9.29,61.46,0.17,13.16,13.33,0,0.0,25.210000000000008,74.78999999999999,0.7104960133669173,0.1524390243902439,0.9872468117029257,0.3716,0.0,0.5367833947499167,0.0,0.0,0.037875,22.4375,3.4203506097560976,22.151350337584397,good,41.57
27961,28.6079401,77.0715456,111,33,40.15,5.95,46.1,0.52,19.18,19.7,0,0.0,34.2,65.8,0.6566248135670177,0.22916666666666666,0.9736040609137055,0.1803030303030303,0.0,0.5047822876808696,0.8476987761073468,0.0,0.0565625,35.5625,8.149739583333332,34.623794416243655,good,50.36
27974,28.6079401,77.0981578,40,33,47.87,10.26,58.13,7.2,11.23,18.43,1,0.8,22.64,76.56,0.8979420050099514,0.4520547945205479,0.6093326098752035,0.3109090909090909,0.5877866649021191,0.6407701438778786,0.5651393617379626,0.0,0.0534875,16.6875,7.5436643835616435,10.16823792729246,good,55.9
27978,28.6079401,77.1063461,28,10,33.4,5.8,39.2,5.4,21.97,27.37,0,0.0,33.43000000000001,66.57,0.5118546782677633,0.2631578947368421,0.8027036901717208,0.58,0.0,0.413337160881492,1.2638534383588271,0.0,0.05213125,11.1875,2.944078947368421,8.980247533796128,good,30.08
27984,28.6079401,77.1186287,25,0,13.59,0.0,13.59,14.78,16.43,31.21,0,0.0,55.2,44.8,0.0,0.0,0.5264338353091957,0.0,0.0,0.0,2.431139398689832,0.0,0.03808125,7.5,0.0,3.948253764818968,neutral,5.34
28070,28.6079401,77.2946783,29,34,16.83,39.26,56.09,2.48,19.39,21.87,0,0.0,22.039999999999992,77.96000000000001,3.5902237697496764,0.5396825396825397,0.8866026520347507,1.154705882352941,0.0,1.5239287744635843,2.007718725192613,0.0,0.054025,10.6875,5.767857142857142,9.475565843621398,good,89.49
28120,28.6097367,76.9098256,0,2,0.0,0.0,0.0,0.08,0.49,0.57,0,0.0,99.43,0.5699999999999932,0.0,0.0,0.0,0.0,0.0,0.0,10.560093909503935,0.0,0.0052,2.25,0.0,0.0,neutral,1.0
28146,28.6097367,76.9630499,83,12,40.19,4.01,44.2,6.29,17.88,24.17,0,0.0,31.629999999999995,68.37,0.3357186260123479,0.12631578947368421,0.7397600330988828,0.33416666666666667,0.0,0.2894694436610121,6.55435808726798,0.0,0.04128125,16.8125,2.123684210526316,12.437215556474968,good,26.57
28156,28.6097367,76.9835208,39,33,32.04,20.61,52.65,3.38,12.66,16.04,0,0.0,31.31,68.69,1.9915025481133806,0.4583333333333333,0.78927680798005,0.6245454545454545,0.0,1.095775785632103,4.8039400356259785,0.0,0.04074375,12.5625,5.7578125,9.915289900249377,good,64.8
28172,28.6097367,77.0162742,64,7,21.15,1.24,22.39,8.01,16.61,24.62,1,0.16,52.83,47.010000000000005,0.16614560071460474,0.09859154929577464,0.6746547522339561,0.17714285714285713,0.14842000511827327,0.15370395210037402,1.977910422555608,0.0,0.044525,13.3125,1.3125,8.98134138911454,good,14.62
28175,28.6097367,77.0224155,50,11,16.06,3.1,19.16,8.9,13.71,22.61,0,0.0,58.23,41.77,0.5800304672356776,0.18032786885245902,0.6063688633348077,0.2818181818181818,0.0,0.4574441299135151,1.6107373181697688,0.0,0.03376875,15.1875,2.7387295081967213,9.209227111897391,good,24.06
28181,28.6097367,77.034698,13,10,3.64,5.37,9.01,9.75,19.01,28.76,0,0.0,62.23,37.77,2.0618366028948154,0.43478260869565216,0.6609874826147427,0.537,0.0,1.1190149329425434,1.4544138537020859,0.0,0.0352,6.5625,2.8532608695652173,4.337730354659249,good,43.0
28191,28.6097367,77.0551689,77,25,59.32,6.91,66.23,0.0,12.78,12.78,0,0.0,20.99000000000001,79.00999999999999,0.4904127804975833,0.24509803921568626,1.0,0.2764,0.0,0.3990531154815607,0.0,0.0,0.04563125,22.5625,5.530024509803921,22.5625,good,46.31
28194,28.6097367,77.0613102,103,27,48.71,10.18,58.89,0.05,12.62,12.67,0,0.0,28.44,71.56,0.8310217881906334,0.2076923076923077,0.9960536700868192,0.377037037037037,0.0,0.6048741652341535,0.2825660554679717,0.0,0.0402375,25.0,5.1923076923076925,24.90134175217048,good,47.96
28215,28.6097367,77.104299,35,5,37.59,1.5,39.09,4.25,18.56,22.81,0,0.0,38.1,61.9,0.09919272834693614,0.125,0.8136782113108286,0.3,0.0,0.09457602705916797,1.1651425883807938,0.0,0.0467375,12.0625,1.5078125,9.81499342393687,good,19.56
28235,28.6097367,77.1452408,24,0,10.07,0.0,10.07,0.07,11.33,11.4,0,0.0,78.53,21.47,0.0,0.0,0.993859649122807,0.0,0.0,0.0,2.2065998354898113,0.0,0.025225,6.125,0.0,6.087390350877193,neutral,4.22
28310,28.6097367,77.2987725,63,4,33.31,1.95,35.260000000000005,0.2,21.99,22.19,0,0.0,42.55,57.45,0.12841065754482006,0.05970149253731343,0.9909869310500224,0.4875,0.0,0.12081014492990395,1.797977485872186,0.0,0.04649375,19.4375,1.1604477611940298,19.26230847228481,good,17.71
28383,28.6115334,76.9610029,42,0,10.8,0.0,10.8,0.04,5.26,5.3,0,0.0,83.9,16.099999999999994,0.0,0.0,0.9924528301886792,0.0,0.0,0.0,6.834658550045136,0.0,0.0157625,6.9375,0.0,6.8851415094339625,neutral,4.45
28387,28.6115334,76.9691912,120,7,50.2,1.73,51.93,0.11,22.35,22.46,0,0.0,25.61,74.39,0.0999422299248989,0.05511811023622047,0.9951024042742654,0.24714285714285714,0.0,0.09525766017510137,6.113250684662316,0.0,0.057825,22.5,1.2401574803149606,22.389804096170973,good,22.85
28388,28.6115334,76.9712383,73,11,49.15,2.69,51.84,0.13,16.28,16.41,0,0.0,31.75,68.25,0.18602525322029145,0.13095238095238096,0.9920780012187691,0.24454545454545454,0.0,0.1706075931146904,5.917438527853817,0.0,0.04485,16.8125,2.2016369047619047,16.679311395490554,good,27.04
28397,28.6115334,76.9896621,28,10,43.07,8.53,51.6,4.89,8.28,13.17,0,0.0,35.230000000000004,64.77,0.5718789090499252,0.2631578947368421,0.6287015945330295,0.853,0.0,0.4522716611736025,4.172277848916759,0.0,0.02654375,10.6875,2.8125,6.719248291571753,good,34.52
28437,28.6115334,77.0715456,184,19,55.71,4.09,59.8,0.06,14.64,14.7,0,0.0,25.5,74.5,0.29559675431587484,0.09359605911330049,0.9959183673469388,0.21526315789473682,0.0,0.258971403152803,0.6318973040310726,0.0,0.04523125,30.25,2.83128078817734,30.1265306122449,good,33.12
28447,28.6115334,77.0920165,33,11,21.25,8.29,29.54,14.65,19.82,34.47,1,0.73,35.260000000000005,64.00999999999999,1.006071060628923,0.25,0.5749927473165072,0.7536363636363635,0.5481214085096876,0.6961781129546617,0.8237108929482354,0.0,0.0508875,8.3125,2.078125,4.7796272120684655,good,31.63
28663,28.61333,77.0469806,107,16,34.79,11.08,45.87,1.91,12.35,14.26,0,0.0,39.870000000000005,60.129999999999995,0.9873356939405659,0.13008130081300814,0.8660589060308556,0.6925,0.0,0.6867948944135821,0.823880106625973,0.0,0.0335,16.6875,2.1707317073170733,14.452357994389903,good,36.85
28670,28.61333,77.0613102,70,29,54.58,12.59,67.17,0.0,12.14,12.14,0,0.0,20.69,79.31,0.9197223849741142,0.29292929292929293,1.0,0.4341379310344827,0.0,0.6521805844260652,0.0,0.0,0.046175,25.375,7.433080808080808,25.375,good,58.77
28678,28.61333,77.0776869,93,33,44.8,20.47,65.27,0.09,10.91,11.0,0,0.0,23.730000000000004,76.27,1.5955318578274007,0.2619047619047619,0.9918181818181818,0.6203030303030302,0.0,0.9537914504642593,0.0,0.0,0.04153125,19.8125,5.188988095238096,19.65039772727273,good,61.25
28685,28.61333,77.0920165,36,5,41.44,1.41,42.85,0.06,18.96,19.02,0,0.0,38.13000000000001,61.86999999999999,0.08505944284753394,0.12195121951219512,0.9968454258675079,0.282,0.0,0.08163477152631639,1.018668718570329,0.0,0.046725,12.375000000000002,1.5091463414634148,12.335962145110413,good,20.56
28695,28.61333,77.1124874,40,32,29.33,16.58,45.91,0.2,17.83,18.03,0,0.0,36.06,63.94,1.8217393704849305,0.4444444444444444,0.9889073765945644,0.518125,0.0,1.037353492852592,2.0572804823693414,0.0008,0.05973125,13.625,6.055555555555555,13.47386300610094,good,61.06
28702,28.61333,77.126817,39,1,19.09,0.0,19.09,0.34,11.03,11.37,0,0.0,69.53999999999999,30.460000000000008,0.0,0.025,0.9700967458223395,0.0,0.0,0.0,2.687967235312254,0.0,0.03081875,9.0625,0.2265625,8.791501759014952,neutral,7.79
28761,28.61333,77.2475952,20,1,13.53,0.86,14.39,0.4,7.61,8.01,0,0.0,77.6,22.400000000000006,0.05976372480889506,0.047619047619047616,0.9500624219725344,0.0,0.0,0.05804598215414417,3.4023703130328715,0.0,0.018525,8.5625,0.40773809523809523,8.134909488139826,neutral,7.72
28779,28.61333,77.2844428,23,20,24.97,2.72,27.69,16.64,11.67,28.31,1,0.6799999999999999,43.31999999999999,56.00000000000001,0.43145913289845533,0.46511627906976744,0.4122218297421406,0.136,0.5187937934151675,0.3586942967017526,1.6106469889147748,0.0,0.04189375,9.75,4.534883720930233,4.019162839985871,good,30.09
28793,28.61333,77.3131021,41,13,19.43,6.06,25.49,7.24,18.05,25.29,0,0.0,49.22,50.78,0.9051616644828985,0.24074074074074073,0.7137208382759985,0.46615384615384614,0.0,0.6445668682235988,1.9778618108268382,0.0,0.04153125,17.25,4.152777777777778,12.311684460260974,good,35.2
28794,28.61333,77.3151492,57,12,27.19,3.43,30.62,7.54,15.12,22.66,0,0.0,46.72,53.28,0.4145169246644006,0.17391304347826086,0.6672550750220653,0.28583333333333333,0.0,0.3467880768094308,2.1238706442853696,0.0,0.0369875,16.375,2.8478260869565215,10.926301853486319,good,25.61
28905,28.6151266,77.0551689,41,30,61.48,14.26,75.74,0.52,12.48,13.0,0,0.0,11.260000000000003,88.74,0.9327546789822662,0.4225352112676056,0.9600000000000001,0.47533333333333333,0.0,0.6589462801091999,0.0,0.0,0.0399875,15.8125,6.681338028169014,15.180000000000001,good,59.4
28955,28.6151266,77.1575233,0,0,0.0,0.0,0.0,0.0,3.54,3.54,0,0.0,96.46,3.5400000000000063,0.0,0.0,1.0,0.0,0.0,0.0,1.884765921753977,0.0,0.009525,2.25,0.0,2.25,neutral,1.0
28969,28.6151266,77.1861826,0,0,0.0,0.0,0.0,0.0,4.38,4.38,0,0.0,95.62,4.3799999999999955,0.0,0.0,1.0,0.0,0.0,0.0,4.119069058284459,0.0,0.01379375,2.5,0.0,2.5,neutral,1.0
29019,28.6151266,77.288537,39,13,23.12,7.51,30.630000000000003,8.83,10.35,19.18,0,0.0,50.190000000000005,49.809999999999995,0.9335042593748809,0.25,0.5396246089676746,0.5776923076923077,0.0,0.6593340349978185,1.2635105844865866,0.0,0.04825,10.937500000000002,2.7343750000000004,5.902144160583942,good,32.91
29056,28.6169232,76.8770722,4,2,2.9,0.0,2.9,0.0,1.8,1.8,0,0.0,95.3,4.700000000000003,0.0,0.3333333333333333,0.0,0.0,0.0,0.0,13.76518394721785,0.0,0.00816875,2.875,0.9583333333333333,0.0,neutral,4.86
29099,28.6169232,76.965097,60,9,53.18,1.7,54.88,0.07,15.24,15.31,0,0.0,29.81,70.19,0.10290229156903272,0.13043478260869565,0.9954278249510123,0.18888888888888888,0.0,0.09794515209463191,6.42209112815376,0.0,0.04441875,19.125,2.494565217391304,19.03755715218811,good,27.68
29104,28.6169232,76.9753325,75,11,28.59,11.94,40.53,7.17,12.71,19.88,0,0.0,39.59,60.41,1.0561177463264397,0.12790697674418605,0.6393360160965795,1.0854545454545454,0.0,0.720819615567104,5.428174919637247,0.0,0.0314375,13.5625,1.7347383720930234,8.67099471830986,good,34.82
29108,28.6169232,76.9835208,78,28,27.14,19.54,46.68,10.36,16.3,26.66,0,0.0,26.66,73.34,2.033525035235492,0.2641509433962264,0.6114028507126782,0.6978571428571428,0.0,1.109725321287041,4.63464979281022,0.0,0.04155,15.6875,4.143867924528302,9.59138222055514,good,58.57
29130,28.6169232,77.0285568,62,26,28.71,27.67,56.38,0.39,17.72,18.11,0,0.0,25.50999999999999,74.49000000000001,2.333588811366853,0.29545454545454547,0.9784649364991717,1.0642307692307693,0.0,1.2040494447990358,0.6317611073856862,0.0,0.04991875,15.8125,4.671875,15.471976808393151,good,67.71
29148,28.6169232,77.0654044,90,38,55.65,8.39,64.03999999999999,0.0,15.11,15.11,0,0.0,20.85000000000001,79.14999999999999,0.692450415619211,0.296875,1.0,0.22078947368421054,0.0,0.5261774288429173,0.0,0.0,0.05261875,29.5625,8.7763671875,29.5625,good,58.54
29171,28.6169232,77.1124874,33,13,28.44,12.18,40.620000000000005,2.32,12.05,14.37,0,0.0,45.01,54.99,1.1416440903658693,0.2826086956521739,0.838552540013918,0.9369230769230769,0.0,0.7615738005942049,2.2781837902844497,0.0,0.0417875,10.75,3.038043478260869,9.014439805149618,good,40.1
29211,28.6169232,77.1943709,2,0,11.89,0.0,11.89,0.23,8.42,8.65,0,0.0,79.46000000000001,20.539999999999992,0.0,0.0,0.9734104046242774,0.0,0.0,0.0,3.6674651655809773,0.0,0.0211125,3.9375,0.0,3.8328034682080925,neutral,4.8
29213,28.6169232,77.1984651,11,0,7.12,0.0,7.12,0.0,9.28,9.28,0,0.0,83.6,16.400000000000006,0.0,0.0,1.0,0.0,0.0,0.0,3.4889761043641867,0.0,0.02229375,4.875,0.0,4.875,neutral,3.27
29342,28.6187199,76.9753325,98,7,38.32,3.19,41.51,5.77,19.81,25.58,0,0.0,32.91,67.09,0.23054685617923393,0.06666666666666667,0.77443315089914,0.4557142857142857,0.0,0.20745866909939115,5.409715865606481,0.0,0.05134375,19.750000000000004,1.3166666666666669,15.295054730258018,good,21.68
29348,28.6187199,76.987615,58,8,41.82,3.65,45.47,0.04,9.05,9.09,0,0.0,45.440000000000005,54.559999999999995,0.25445846173882647,0.12121212121212122,0.9955995599559957,0.45625,0.0,0.22670397486827468,4.2150477898413845,0.0,0.03215625,13.9375,1.6893939393939394,13.87616886688669,good,24.44
29354,28.6187199,76.9998975,90,4,50.39,0.65,51.04,0.08,12.65,12.73,0,0.0,36.23,63.77,0.029570009045391567,0.0425531914893617,0.9937156323644933,0.1625,0.0,0.029141248131737574,3.0237097382384444,0.0,0.044425,21.5,0.9148936170212766,21.364886095836606,good,20.53
29358,28.6187199,77.0080859,57,4,44.24,0.88,45.120000000000005,0.06,13.89,13.95,0,0.0,40.93,59.07,0.04528583163787408,0.06557377049180328,0.9956989247311829,0.22,0.0,0.04429037111459553,2.2339610410301214,0.0,0.03808125,13.5625,0.889344262295082,13.504166666666668,good,18.8
29362,28.6187199,77.0162742,61,7,23.42,4.08,27.5,7.62,12.87,20.49,0,0.0,52.010000000000005,47.989999999999995,0.4450909090909091,0.10294117647058823,0.6281112737920937,0.5828571428571429,0.0,0.36817223245114516,1.4546433478957357,0.0,0.03405,14.9375,1.5376838235294117,9.382412152269401,good,21.05
29367,28.6187199,77.0265097,57,25,27.62,19.08,46.7,7.55,20.95,28.5,0,0.0,24.8,75.2,1.9204366128936192,0.3048780487804878,0.7350877192982456,0.7631999999999999,0.0,1.0717331300660156,0.5651006836991802,0.0,0.0522625,17.875,5.449695121951219,13.13969298245614,good,60.91
29384,28.6187199,77.0613102,78,67,30.41,25.72,56.13,1.45,18.31,19.76,0,0.0,24.11,75.89,2.7894093047738946,0.46206896551724136,0.9266194331983805,0.38388059701492533,0.0,1.3322101506872999,0.44679290764236196,0.0,0.0589375,25.625,11.84051724137931,23.7446229757085,good,96.3
29392,28.6187199,77.0776869,26,6,17.76,11.93,29.69,11.36,12.19,23.55,1,0.03,46.73,53.24,1.1280479696917216,0.1875,0.5176220806794055,1.9883333333333333,0.0295588022415444,0.755205113373693,0.5993295351213014,0.0,0.033775,6.9375,1.30078125,3.591003184713376,good,31.09
29412,28.6187199,77.1186287,31,26,27.86,25.44,53.3,0.51,11.2,11.71,0,0.0,34.989999999999995,65.01,2.269499775891907,0.45614035087719296,0.9564474807856531,0.9784615384615385,0.0,1.1846369994741253,2.8817477564231004,0.0,0.0346,8.1875,3.7346491228070176,7.8309137489325344,good,62.91
29414,28.6187199,77.1227228,19,0,25.77,0.0,25.77,0.0,0.08,0.08,0,0.0,74.15,25.849999999999994,0.0,0.0,0.0,0.0,0.0,0.0,2.680595400811223,0.0,0.00475625,3.75,0.0,0.0,neutral,9.23
29462,28.6187199,77.2209831,35,0,12.7,0.0,12.7,3.09,9.16,12.25,0,0.0,75.05,24.950000000000003,0.0,0.0,0.7477551020408163,0.0,0.0,0.0,3.1013594148807124,0.0,0.0264625,8.0625,0.0,6.028775510204081,neutral,5.05
29467,28.6187199,77.2312185,19,1,13.59,0.49,14.08,6.63,5.73,12.36,0,0.0,73.56,26.439999999999998,0.03480113636363636,0.05,0.4635922330097088,0.0,0.0,0.03420926947721712,3.196398241831871,0.0,0.015125,6.0625,0.30312500000000003,2.81052791262136,neutral,6.94
29496,28.6187199,77.2905841,16,4,11.42,2.02,13.44,30.03,13.03,43.06,0,0.0,43.49999999999999,56.50000000000001,0.3489802642613446,0.2,0.3026010218300046,0.505,0.0,0.29934894721596517,0.8236934713778955,0.00065625,0.0318125,7.3125,1.4625000000000001,2.2127699721319085,good,14.91
29584,28.6205165,76.9835208,78,8,33.82,3.13,36.95,2.86,12.08,14.94,0,0.0,48.11,51.89,0.26852138713164914,0.09302325581395349,0.8085676037483267,0.39125,0.0,0.2378519600898016,4.5999966541580335,0.0,0.0292875,12.0625,1.122093023255814,9.753346720214191,good,20.19
29599,28.6205165,77.0142272,59,4,42.0,1.13,43.13,0.65,19.12,19.77,0,0.0,37.1,62.9,0.06083419307263434,0.06349206349206349,0.9671219018715226,0.2825,0.0,0.059055573218662165,1.6109213669452331,0.0,0.04591875,16.25,1.0317460317460316,15.715730905412242,good,18.83
29687,28.6205165,77.1943709,11,0,25.22,0.0,25.22,5.95,6.22,12.17,0,0.0,62.61,37.39,0.0,0.0,0.5110928512736237,0.0,0.0,0.0,3.3249875045664883,0.0,0.0185125,5.999999999999999,0.0,3.0665571076417417,neutral,9.05
29734,28.6205165,77.2905841,31,6,25.9,22.01,47.91,8.33,12.72,21.05,0,0.0,31.039999999999992,68.96000000000001,1.289707406271924,0.16216216216216217,0.6042755344418053,3.6683333333333334,0.0,0.8284240392159099,0.6317483959099868,0.0,0.03559375,12.625,2.0472972972972974,7.628978622327791,good,41.58
29785,28.6223131,76.9077786,0,1,0.0,0.0,0.0,0.0,0.0,0.0,0,0.0,100.0,0.0,0.0,0.0,0.0,0.0,0.0,0.0,11.476203294593203,0.0,0.00453125,2.25,0.0,0.0,neutral,1.0
29824,28.6223131,76.987615,107,11,32.95,3.33,36.28,5.1,14.88,19.98,0,0.0,43.74,56.26,0.3290497554410543,0.09322033898305085,0.7447447447447447,0.30272727272727273,0.0,0.28446421728543414,4.195996739453093,0.0,0.0385625,15.8125,1.4740466101694916,11.776276276276276,good,21.95
29828,28.6223131,76.9958034,22,4,35.21,8.97,44.18,0.0,12.49,12.49,0,0.0,43.33,56.67,0.471428135154813,0.15384615384615385,1.0,2.2425,0.0,0.3862334496835038,3.396755553229669,0.0,0.02740625,7.437500000000001,1.1442307692307694,7.437500000000001,good,25.56
29839,28.6223131,77.0183213,71,15,38.59,7.05,45.64,0.59,14.29,14.88,0,0.0,39.48,60.52,0.6178790534618755,0.1744186046511628,0.9603494623655913,0.47,0.0,0.4811160652007218,1.1988617947138884,0.0,0.0341625,13.625,2.376453488372093,13.08476142473118,good,31.96
29845,28.6223131,77.0306039,62,31,47.35,13.74,61.09,1.87,14.84,16.71,0,0.0,22.200000000000003,77.8,1.1245703061057457,0.3333333333333333,0.8880909634949131,0.4432258064516129,0.0,0.7535695730379921,0.0,0.0,0.0444125,19.9375,6.645833333333333,17.70631358467983,good,57.44
29973,28.6223131,77.2926312,55,19,27.94,8.35,36.29,0.3,12.58,12.88,0,0.0,50.83,49.17,0.994436472645618,0.25675675675675674,0.9767080745341614,0.4394736842105263,0.0,0.6903615405878833,0.3995456104193685,0.0,0.03196875,15.75,4.043918918918918,15.383152173913043,good,39.63
30092,28.6241097,77.0490277,95,23,39.95,13.06,53.010000000000005,0.03,11.55,11.58,0,0.0,35.41,64.59,1.1295908368122674,0.19491525423728814,0.9974093264248706,0.5678260869565218,0.0,0.7559298658753488,0.8238005031378753,0.0,0.03596875,19.375,3.7764830508474576,19.324805699481868,good,46.14
30102,28.6241097,77.0694985,31,11,36.92,8.88,45.8,0.73,17.21,17.94,0,0.0,36.26,63.74,0.6950756988297788,0.2619047619047619,0.9593088071348941,0.8072727272727274,0.0,0.5277273999117478,0.8934533209981355,0.0,0.0476375,12.25,3.2083333333333335,11.751532887402453,good,35.7
30108,28.6241097,77.0817811,29,22,23.76,22.55,46.31,4.64,15.32,19.96,0,0.0,33.730000000000004,66.27,2.202684562925624,0.43137254901960786,0.7675350701402806,1.0250000000000001,0.0,1.163989384018281,1.2635127471613834,0.0,0.037625,12.0625,5.20343137254902,9.258391783567134,good,64.19
30109,28.6241097,77.0838282,38,18,48.21,10.35,58.56,0.0,7.29,7.29,0,0.0,34.150000000000006,65.85,0.7507863689231746,0.32142857142857145,1.0,0.575,0.0,0.5600650406766817,1.3401861447935248,0.0,0.02959375,11.0625,3.5558035714285716,11.0625,good,41.65
30184,28.6241097,77.2373598,24,0,26.92,0.0,26.92,0.0,11.2,11.2,0,0.0,61.88,38.12,0.0,0.0,1.0,0.0,0.0,0.0,2.665342148873866,0.0,0.02836875,6.75,0.0,6.75,neutral,9.59
30267,28.6259063,76.9200611,46,2,13.35,0.0,13.35,1.23,8.43,9.66,0,0.0,76.99,23.010000000000005,0.0,0.041666666666666664,0.8726708074534161,0.0,0.0,0.0,10.772052127794796,0.0,0.0200625,11.0625,0.4609375,9.653920807453416,neutral,6.67
30332,28.6259063,77.0531218,54,16,46.36,4.87,51.23,0.05,10.81,10.86,0,0.0,37.91,62.09,0.388560297421221,0.22857142857142856,0.9953959484346225,0.304375,0.0,0.3282674531244665,0.39960692098477857,0.0,0.03255,15.3125,3.5,15.242000460405158,good,33.81
30333,28.6259063,77.0551689,72,12,39.32,1.99,41.31,0.0,9.65,9.65,0,0.0,49.04,50.96,0.17825889709757378,0.14285714285714285,1.0,0.16583333333333333,0.0,0.16403783790507467,0.19980346049970704,0.0,0.0349125,16.5625,2.3660714285714284,16.5625,good,24.06
30334,28.6259063,77.057216,43,23,62.99,12.59,75.58,0.07,12.83,12.9,0,0.0,11.519999999999996,88.48,0.7637559921153659,0.3484848484848485,0.9945736434108526,0.5473913043478261,0.0,0.5674456215513997,0.0,0.0,0.0422125,17.3125,6.0331439393939394,17.218556201550385,good,54.87
30336,28.6259063,77.0613102,83,50,36.58,14.03,50.61,0.26,19.93,20.19,0,0.0,29.200000000000003,70.8,1.5724980744489248,0.37593984962406013,0.9871223377909856,0.28059999999999996,0.0,0.94487744021225,0.39960692098477857,0.0,0.07329375,27.75,10.432330827067668,27.39264487369985,good,72.29
30344,28.6259063,77.0776869,29,4,45.63,3.93,49.56,0.62,10.61,11.23,0,0.0,39.21,60.79,0.1841238380328356,0.12121212121212122,0.9447907390917185,0.9825,0.0,0.16900312392549266,1.3984207559600383,0.0,0.03641875,9.875000000000002,1.1969696969696972,9.329808548530721,good,23.2
30372,28.6259063,77.1350054,22,18,18.38,15.05,33.43,21.8,17.59,39.39,0,0.0,27.180000000000007,72.82,1.9123933316579707,0.45,0.44656004061944654,0.8361111111111111,0.0,1.0689751938976886,1.2636234422379786,0.0,0.03993125,9.0625,4.078125,4.046950368113734,good,52.35
30373,28.6259063,77.1370525,31,8,32.21,5.08,37.29,0.37,17.25,17.62,0,0.0,45.09,54.91,0.43183746332332923,0.20512820512820512,0.9790011350737797,0.635,0.0,0.3589585588306392,1.0759309855619463,0.0,0.0437125,10.0,2.051282051282051,9.790011350737798,good,25.55
30418,28.6259063,77.2291714,27,0,22.23,0.0,22.23,2.42,8.31,10.73,0,0.0,67.03999999999999,32.96000000000001,0.0,0.0,0.7744641192917056,0.0,0.0,0.0,2.405617212874952,0.0,0.02265625,6.625,0.0,5.13082479030755,neutral,8.1
30444,28.6259063,77.2823957,67,29,40.48,5.68,46.16,2.52,14.56,17.08,0,0.0,36.760000000000005,63.239999999999995,0.6037941634111003,0.3020833333333333,0.8524590163934428,0.19586206896551722,0.0,0.4723721741592661,0.19978392470228656,0.0,0.053575,21.625,6.532552083333333,18.4344262295082,good,44.65
30449,28.6259063,77.2926312,51,33,62.75,10.65,73.4,0.0,8.25,8.25,0,0.0,18.34999999999999,81.65,0.738167292361255,0.39285714285714285,1.0,0.32272727272727275,0.0,0.5528312778848299,0.0,1.25e-05,0.03579375,18.9375,7.439732142857142,18.9375,good,58.1
30452,28.6259063,77.2987725,65,49,49.39,15.52,64.91,0.08,12.79,12.87,0,0.0,22.22,77.78,1.3494476670051414,0.4298245614035088,0.9937839937839937,0.316734693877551,0.0,0.8541802652139777,0.0,0.0,0.0442125,24.5625,10.557565789473685,24.409819347319345,good,73.95
30564,28.627703,77.0408393,62,51,45.27,16.31,61.58,0.08,14.87,14.95,0,0.0,23.47,76.53,1.5098111692575706,0.45132743362831856,0.9946488294314382,0.3198039215686274,0.0,0.9202075189421851,0.0,0.0,0.0410125,16.0,7.221238938053097,15.91438127090301,good,65.03
30603,28.627703,77.1206758,32,18,31.46,7.34,38.8,4.07,12.36,16.43,0,0.0,44.77,55.23,0.803602782182369,0.36,0.7522824102251978,0.4077777777777778,0.0,0.5897862101353305,2.233566046230539,0.0,0.04259375,12.5625,4.5225,9.450547778454048,good,39.09
30682,28.627703,77.2823957,60,42,49.78,17.38,67.16,0.0,17.42,17.42,0,0.0,15.420000000000002,84.58,1.4042358760679343,0.4117647058823529,1.0,0.4138095238095238,0.0,0.877232130024387,0.0,0.0,0.05679375,18.625,7.669117647058823,18.625,good,66.63
30689,28.627703,77.2967254,52,26,64.57,9.44,74.00999999999999,0.0,4.9,4.9,0,0.0,21.090000000000003,78.91,0.6064874749415369,0.3333333333333333,1.0,0.3630769230769231,0.0,0.4740501030550776,0.0,0.0,0.036975,15.562499999999998,5.187499999999999,15.562499999999998,good,49.46
30782,28.6294996,76.9998975,46,2,7.46,4.8,12.26,19.36,17.97,37.33,1,0.95,49.46,49.589999999999996,0.6205399676559175,0.041666666666666664,0.48138226627377445,0.0,0.6678293725756554,0.4827594070755828,3.101745654030193,0.0,0.0517375,13.1875,0.5494791666666666,6.3482286364854,neutral,15.74
30794,28.6294996,77.0244626,24,5,9.09,1.87,10.96,2.02,9.74,11.76,1,9.45,67.82999999999998,22.720000000000013,0.44104743397340895,0.1724137931034483,0.8282312925170069,0.374,2.34660197841082,0.3653702338756255,0.9989281027517476,0.0,0.02718125,6.625,1.142241379310345,5.48703231292517,good,14.5
30802,28.6294996,77.0408393,95,30,49.08,8.54,57.62,0.0,15.55,15.55,0,0.0,26.830000000000013,73.16999999999999,0.734273455236097,0.24,1.0,0.2846666666666666,0.0,0.5505885679063013,0.1997728052095074,0.0,0.04819375,24.125,5.79,24.125,good,47.96
30806,28.6294996,77.0490277,64,25,44.24,8.36,52.6,0.24,13.91,14.15,0,0.0,33.25,66.75,0.747066084480219,0.2808988764044944,0.9830388692579505,0.3344,0.0,0.55793785784359,0.8237834308792017,0.0,0.04561875,20.5,5.758426966292135,20.152296819787985,good,46.44
30850,28.6294996,77.1390996,34,9,38.99,6.51,45.5,0.09,18.85,18.94,0,0.0,35.55999999999999,64.44000000000001,0.47529125049926874,0.20930232558139536,0.9952481520591341,0.7233333333333333,0.0,0.38885542826513086,0.7991767231460158,0.0,0.050225,11.312500000000002,2.367732558139535,11.258744720168956,good,29.79
30854,28.6294996,77.1472879,32,18,54.73,14.29,69.02,0.17,16.48,16.65,0,0.0,14.330000000000013,85.66999999999999,0.8794970177790327,0.36,0.9897897897897899,0.7938888888888889,0.0,0.6310041973110909,0.0,0.0,0.06030625,15.562499999999998,5.602499999999999,15.403603603603605,good,53.16
30890,28.6294996,77.2209831,15,18,4.15,28.35,32.5,8.75,13.24,21.99,0,0.0,45.510000000000005,54.489999999999995,3.7054998463423274,0.5454545454545454,0.6020918599363347,1.5750000000000002,0.0,1.5487320046617963,1.9675679561786785,0.0,0.02786875,6.3125,3.443181818181818,3.800704865848113,good,76.54
30932,28.6294996,77.3069608,31,4,23.36,8.67,32.03,0.59,20.17,20.76,0,0.0,47.21,52.79,0.6285081668021676,0.11428571428571428,0.9715799614643545,2.1675,0.0,0.48766436064461455,0.8935048292217959,0.0,0.03928125,15.3125,1.75,14.877318159922929,good,25.85
30939,28.6294996,77.3212904,33,19,23.24,9.33,32.57,13.76,12.7,26.46,0,0.0,40.97,59.03,1.238059230128925,0.36538461538461536,0.47996976568405136,0.49105263157894735,0.0,0.8056090751914122,2.233805401302513,0.0,0.03994375,13.375,4.887019230769231,6.419595616024187,good,44.62
30977,28.6312962,76.9118727,0,1,0.0,0.0,0.0,0.0,1.34,1.34,0,0.0,98.66,1.3400000000000034,0.0,0.0,0.0,0.0,0.0,0.0,11.631412234244065,0.0,0.00713125,2.25,0.0,0.0,neutral,1.0
30998,28.6312962,76.9548616,76,0,17.6,0.0,17.6,0.0,12.07,12.07,0,0.0,70.33,29.67,0.0,0.0,1.0,0.0,0.0,0.0,7.459803263118235,0.0,0.03078125,14.4375,0.0,14.4375,neutral,6.62
30999,28.6312962,76.9569087,122,8,32.16,2.39,34.55,0.0,19.76,19.76,0,0.0,45.69,54.31,0.21927990603320194,0.06153846153846154,1.0,0.29875,0.0,0.1982604435280061,7.261850076902248,0.0,0.046775,18.625,1.1461538461538463,18.625,good,18.77
31007,28.6312962,76.9732854,51,4,9.45,0.0,9.45,0.75,18.45,19.2,0,0.0,71.35,28.650000000000006,0.0,0.07272727272727272,0.9609375,0.0,0.0,0.0,5.68289389501304,0.0,0.0383,11.8125,0.859090909090909,11.35107421875,neutral,6.65
31048,28.6312962,77.057216,111,9,41.18,2.81,43.99,0.03,10.71,10.74,0,0.0,45.27,54.73,0.21219863484049756,0.075,0.9972067039106146,0.31222222222222223,0.0,0.19243576435102586,0.599329535121655,0.0,0.033925,15.1875,1.1390624999999999,15.14507681564246,good,21.66
31057,28.6312962,77.0756398,41,10,32.34,4.63,36.970000000000006,0.45,19.67,20.12,0,0.0,42.90999999999999,57.09000000000001,0.43324772502814946,0.19607843137254902,0.977634194831014,0.46299999999999997,0.0,0.35994300552314834,1.340194880971831,0.0,0.04134375,11.999999999999998,2.352941176470588,11.731610337972166,good,26.4
31063,28.6312962,77.0879223,28,8,25.95,3.67,29.62,1.05,15.91,16.96,0,0.0,53.42,46.58,0.39276248329822033,0.2222222222222222,0.9380896226415094,0.45875,0.0,0.3312891729360389,0.5993295351209478,0.0,0.04259375,10.625,2.361111111111111,9.967202240566037,good,23.48
31090,28.6312962,77.1431937,88,12,36.25,2.75,39.0,0.04,11.64,11.68,0,0.0,49.32,50.68,0.260928441663795,0.12,0.9965753424657535,0.22916666666666666,0.0,0.23184830807980647,0.44674511662560934,0.0,0.03459375,21.75,2.61,21.67551369863014,good,25.29
31129,28.6312962,77.2230302,6,12,6.47,17.35,23.82,9.8,13.45,23.25,0,0.0,52.93,47.07,2.695324479838285,0.6666666666666666,0.578494623655914,1.4458333333333335,0.0,1.3070683664683302,1.884689521044961,0.0,0.029225,5.1875,3.458333333333333,3.000940860215054,good,58.92
31158,28.6312962,77.2823957,55,43,51.6,19.29,70.89,0.0,14.0,14.0,0,0.0,15.110000000000014,84.88999999999999,1.485575341000331,0.4387755102040816,1.0,0.4486046511627907,0.0,0.9105041583041403,0.0,0.0,0.0699875,21.25,9.323979591836734,21.25,good,74.09
31159,28.6312962,77.2844428,53,26,55.34,12.4,67.74000000000001,0.0,7.93,7.93,0,0.0,24.33,75.67,0.8703957045590051,0.3291139240506329,1.0,0.47692307692307695,0.0,0.6261500151969975,0.0,0.0,0.0432,18.6875,6.150316455696202,18.6875,good,54.3
31222,28.6330928,76.9262023,1,1,0.02,0.0,0.02,0.0,0.0,0.0,0,0.0,99.98,0.01999999999999602,0.0,0.0,0.0,0.0,0.0,0.0,10.260010799296337,0.0,0.00453125,2.25,0.0,0.0,neutral,1.01
31241,28.6330928,76.965097,68,5,32.4,3.75,36.15,3.94,11.65,15.59,0,0.0,48.260000000000005,51.739999999999995,0.2681496370042693,0.0684931506849315,0.7472738935214882,0.75,0.0,0.2375588593081046,6.504961097785398,0.0,0.03005,12.125,0.8304794520547945,9.060695958948045,good,19.04
31269,28.6330928,77.0224155,109,23,39.98,3.32,43.3,1.77,20.71,22.48,0,0.0,34.22000000000001,65.77999999999999,0.3515490878151094,0.17424242424242425,0.9212633451957296,0.1443478260869565,0.0,0.3012514070626464,1.4406518686434098,0.0,0.060025,27.5625,4.802556818181818,25.3923209519573,good,34.72
31275,28.6330928,77.034698,170,22,44.23,8.38,52.61,0.15,16.42,16.57,0,0.0,30.820000000000007,69.17999999999999,0.7205369547948637,0.11458333333333333,0.9909474954737478,0.3809090909090909,0.0,0.5426364251266514,0.8476111256104878,0.0,0.04696875,26.0,2.9791666666666665,25.764634882317445,good,37.54
31283,28.6330928,77.0510747,91,31,41.32,13.17,54.49,0.23,18.66,18.89,0,0.0,26.620000000000005,73.38,1.2084786199302624,0.2540983606557377,0.9878242456326098,0.4248387096774194,0.0,0.7923038711971987,0.9989157907044228,0.0,0.050425,26.9375,6.844774590163935,26.609515616728427,good,57.18
31304,28.6330928,77.0940636,20,23,20.19,9.52,29.71,0.42,14.05,14.47,0,0.0,55.81999999999999,44.18000000000001,1.4691633459059374,0.5348837209302325,0.9709744298548721,0.41391304347826086,0.0,0.903879366905285,0.7203310953679195,0.0,0.0341125,11.875,6.351744186046511,11.530321354526606,good,51.6
31343,28.6330928,77.1739001,22,2,5.96,2.74,8.7,11.85,15.12,26.97,0,0.0,64.33,35.67,0.4991720979282722,0.08333333333333333,0.560622914349277,0.0,0.0,0.40491302102164584,2.627853413826185,0.0,0.0298625,6.6875,0.5572916666666666,3.74916573971079,neutral,12.84
31345,28.6330928,77.1779942,48,5,32.39,0.84,33.230000000000004,2.54,19.48,22.02,0,0.0,44.75,55.25,0.06534362024091997,0.09433962264150944,0.8846503178928248,0.16799999999999998,0.0,0.0632973952352191,3.0233950016848055,0.0,0.0569625,11.875,1.1202830188679247,10.505222524977293,good,16.0
31392,28.6330928,77.2742074,97,48,54.94,11.58,66.52,0.0,12.61,12.61,0,0.0,20.870000000000005,79.13,0.9774254358817516,0.3310344827586207,1.0,0.24125,0.0,0.681795713694286,0.0,0.0,0.0526625,31.124999999999996,10.303448275862067,31.124999999999996,good,68.21
31407,28.6330928,77.3049137,31,5,25.85,3.03,28.880000000000003,0.6,20.74,21.34,0,0.0,49.78,50.22,0.2712062457474066,0.1388888888888889,0.971883786316776,0.606,0.0,0.2399662494971841,0.9989099343504003,0.0,0.04235,15.375,2.135416666666667,14.942713214620431,good,20.76
31481,28.6348895,76.9691912,29,3,3.97,0.0,3.97,0.0,9.39,9.39,0,0.0,86.64,13.36,0.0,0.09375,1.0,0.0,0.0,0.0,6.154891982803784,0.0,0.02329375,7.375,0.69140625,7.375,neutral,4.39
31494,28.6348895,76.9958034,7,2,1.04,0.0,1.04,0.53,2.53,3.06,0,0.0,95.9,4.099999999999994,0.0,0.2222222222222222,0.826797385620915,0.0,0.0,0.0,3.67316998367275,0.0,0.0095125,3.125,0.6944444444444444,2.5837418300653594,neutral,3.46
31509,28.6348895,77.0265097,94,17,29.47,5.93,35.4,1.3,15.12,16.42,0,0.0,48.18,51.82,0.6985213349873703,0.15315315315315314,0.9208282582216807,0.3488235294117647,0.0,0.5297580696154849,1.4544033831653498,0.0,0.04238125,22.8125,3.4938063063063063,21.00639464068209,good,33.3
31553,28.6348895,77.1165816,33,14,13.33,6.84,20.17,4.32,16.9,21.22,0,0.0,58.61,41.39,1.3248949763987241,0.2978723404255319,0.7964184731385485,0.48857142857142855,0.0,0.8436748665776503,1.8418315793372038,0.0,0.0398375,10.0,2.978723404255319,7.964184731385485,good,36.09
31569,28.6348895,77.149335,1,0,0.03,0.0,0.03,0.0,4.77,4.77,0,0.0,95.2,4.799999999999997,0.0,0.0,1.0,0.0,0.0,0.0,0.631753536852098,0.0,0.0165125,2.6875,0.0,2.6875,neutral,1.01
31596,28.6348895,77.2046064,21,4,9.36,4.41,13.77,4.49,20.09,24.58,0,0.0,61.650000000000006,38.349999999999994,0.7436240303887631,0.16,0.8173311635475997,1.1025,0.0,0.5559657233407898,1.4405933272030522,0.0,0.0449875,10.25,1.6400000000000001,8.377644426362897,good,21.38
31628,28.6348895,77.2701132,21,11,7.36,7.38,14.74,15.61,15.35,30.96,0,0.0,54.3,45.7,1.7949133823149341,0.34375,0.4958010335917312,0.6709090909090909,0.0,1.0278011158996405,0.4467378522118005,0.0,0.04585,11.5625,3.974609375,5.732699450904392,good,44.34
31634,28.6348895,77.2823957,67,48,46.14,19.69,65.83,7.06,12.32,19.38,0,0.0,14.790000000000006,85.21,1.6793807812642938,0.41739130434782606,0.6357069143446853,0.41020833333333334,0.0,0.9855857160591389,0.0,0.0,0.06125,21.625,9.02608695652174,13.747162022703819,good,74.42
31638,28.6348895,77.2905841,26,16,23.37,11.17,34.54,4.31,13.94,18.25,0,0.0,47.21,52.79,1.3218575546255438,0.38095238095238093,0.7638356164383562,0.698125,0.0,0.8423675354101267,0.7203396334141551,0.0,0.04316875,8.75,3.333333333333333,6.683561643835617,good,41.72
31641,28.6348895,77.2967254,24,14,39.04,13.07,52.11,0.13,9.47,9.6,0,0.0,38.29,61.71,0.9799090401958038,0.3684210526315789,0.9864583333333334,0.9335714285714286,0.0,0.6830509043561536,0.7991023403311625,0.0,0.0502,11.624999999999998,4.282894736842104,11.467578125,good,45.2
31729,28.6366861,76.9896621,1,1,0.03,0.0,0.03,0.0,0.0,0.0,0,0.0,99.97,0.030000000000001137,0.0,0.0,0.0,0.0,0.0,0.0,4.303670266506064,0.0,0.00453125,2.5,0.0,0.0,neutral,1.01
31745,28.6366861,77.0224155,74,7,25.01,2.58,27.590000000000003,2.03,17.63,19.66,0,0.0,52.75,47.25,0.2805364262413918,0.08641975308641975,0.8967446592065106,0.3685714285714286,0.0,0.24727907314185912,1.7868847835729773,0.0,0.03955625,16.75,1.4475308641975309,15.020473041709053,good,18.38
31760,28.6366861,77.0531218,31,11,22.66,14.36,37.02,2.81,12.2,15.01,0,0.0,47.97,52.03,1.390601337394808,0.2619047619047619,0.8127914723517654,1.3054545454545454,0.0,0.8715449399005597,1.2635081551304341,0.00030625,0.0389125,15.6875,4.1086309523809526,12.75066622251832,good,45.9
31768,28.6366861,77.0694985,43,29,31.56,20.88,52.44,0.07,9.85,9.92,0,0.0,37.64,62.36,1.9537733721644903,0.4027777777777778,0.9929435483870968,0.72,0.0,1.0830834621967707,1.6952238167750886,0.0,0.03654375,13.875,5.588541666666667,13.777091733870968,good,63.66
31772,28.6366861,77.0776869,30,21,26.21,10.08,36.29,0.73,15.91,16.64,0,0.0,47.07,52.93,1.2386627367281333,0.4117647058823529,0.9561298076923077,0.48,0.0,0.805878695063869,0.9989049368433813,0.0,0.03374375,10.937500000000002,4.5036764705882355,10.457669771634617,good,44.64
31773,28.6366861,77.079734,37,1,35.4,0.8,36.2,6.52,16.05,22.57,0,0.0,41.23,58.77,0.022099447513812154,0.02631578947368421,0.7111209570225964,0.0,0.0,0.021858793812499073,0.7991219976995914,0.0,0.03603125,9.125,0.24013157894736842,6.488978732831192,neutral,13.62
31777,28.6366861,77.0879223,71,32,57.48,13.81,71.28999999999999,0.25,17.6,17.85,0,0.0,10.86,89.14,0.9771788860757505,0.3106796116504854,0.9859943977591037,0.4315625,0.0,0.6816710236943527,0.0,0.0,0.070525,18.75,5.825242718446601,18.487394957983195,good,56.01
31782,28.6366861,77.0981578,27,27,16.28,18.9,35.18,13.03,21.91,34.94,0,0.0,29.879999999999995,70.12,2.5826892560229875,0.5,0.627074985689754,0.7,0.0,1.2761137072447293,0.9989146961570151,0.0,0.05475,10.8125,5.40625,6.780248282770464,good,66.86
31803,28.6366861,77.1411466,30,9,18.34,3.7,22.04,8.2,13.0,21.2,0,0.0,56.76,43.24,0.5576739542233775,0.23076923076923078,0.6132075471698113,0.41111111111111115,0.0,0.4431936535477164,0.998903477169352,0.0,0.03029375,8.5,1.9615384615384617,5.212264150943396,good,22.26
31834,28.6366861,77.2046064,21,6,16.77,5.12,21.89,0.0,10.08,10.08,0,0.0,68.03,31.97,0.6566312106411573,0.2222222222222222,1.0,0.8533333333333334,0.0,0.5047861491839305,1.2791766284771986,0.0,0.029825,6.9375,1.5416666666666665,6.9375,good,22.39
31889,28.6366861,77.3171962,22,2,25.69,7.55,33.24,0.23,21.42,21.65,0,0.0,45.11,54.89,0.36000201204707366,0.08333333333333333,0.989376443418014,0.0,0.0,0.30748617919324395,2.161022099363055,0.0,0.04299375,8.5,0.7083333333333333,8.40969976905312,neutral,19.09
31925,28.6384827,76.9036844,1,1,0.05,0.0,0.05,0.0,2.1,2.1,0,0.0,97.85,2.1500000000000057,0.0,0.0,1.0,0.0,0.0,0.0,12.517021638519633,0.0,0.0084125,2.3125,0.0,2.3125,neutral,1.02
31932,28.6384827,76.918014,8,3,1.94,0.0,1.94,0.0,3.19,3.19,0,0.0,94.87,5.1299999999999955,0.0,0.2727272727272727,1.0,0.0,0.0,0.0,11.134783112122687,0.0,0.0107875,3.0625,0.8352272727272727,3.0625,neutral,4.18
31964,28.6384827,76.9835208,51,2,56.55,0.38,56.93,1.5,13.24,14.74,0,0.0,28.330000000000013,71.66999999999999,0.010579408928052684,0.03773584905660377,0.898236092265943,0.0,0.0,0.010523838572165612,4.934487661870083,0.0,0.04145,18.75,0.7075471698113207,16.841926729986433,neutral,21.5
31979,28.6384827,77.0142272,128,3,35.42,0.0,35.42,0.15,16.91,17.06,0,0.0,47.52,52.48,0.0,0.022900763358778626,0.9912075029308325,0.0,0.0,0.0,2.4057107500947144,0.0,0.0462375,21.124999999999996,0.4837786259541984,20.93925849941383,neutral,13.79
31995,28.6384827,77.0469806,142,24,42.02,9.48,51.5,0.41,20.11,20.52,0,0.0,27.97999999999999,72.02000000000001,0.8548302267779493,0.14457831325301204,0.9800194931773879,0.395,0.0,0.617793169918421,1.3401494376000769,0.0,0.055125,27.5625,3.9849397590361444,27.011787280701753,good,42.25
32076,28.6384827,77.2127947,47,21,18.86,9.77,28.63,0.07,13.75,13.82,0,0.0,57.55,42.45,1.5217829868699406,0.3088235294117647,0.9949348769898697,0.46523809523809523,0.0,0.9249661858110184,0.7991023403311625,0.0,0.03739375,12.5625,3.8795955882352944,12.498869392185238,good,44.45
32079,28.6384827,77.218936,24,4,11.55,15.67,27.22,5.55,17.46,23.01,0,0.0,49.77,50.23,1.336686746762857,0.14285714285714285,0.7588005215123859,3.9175,0.0,0.8487340058205767,0.9988726888384449,0.0,0.03545625,8.0,1.1428571428571428,6.070404172099087,good,32.89
32110,28.6384827,77.2823957,59,34,52.72,12.1,64.82,0.04,14.82,14.86,0,0.0,20.320000000000007,79.67999999999999,0.9574872648107698,0.3655913978494624,0.9973082099596232,0.3558823529411765,0.0,0.6716616430178622,0.0,0.0,0.04685625,20.5625,7.51747311827957,20.507150067294752,good,58.84
32120,28.6384827,77.3028666,34,9,21.09,6.44,27.53,7.69,21.38,29.07,1,4.67,38.73,56.6,0.7770874293888345,0.20930232558139536,0.7354661162710698,0.7155555555555556,1.7351891177396608,0.5749757485186694,1.340145072716477,0.0,0.0600625,14.8125,3.100290697674419,10.894091847265223,good,30.74
32158,28.6402793,76.8934489,0,1,0.0,0.0,0.0,0.0,0.0,0.0,0,0.0,100.0,0.0,0.0,0.0,0.0,0.0,0.0,0.0,12.545974950691024,0.0,0.00453125,2.25,0.0,0.0,neutral,1.0
32228,28.6402793,77.0367451,102,25,48.86,8.29,57.15,0.35,17.46,17.81,0,0.0,25.039999999999992,74.96000000000001,0.6818310632264155,0.1968503937007874,0.9803481190342506,0.33159999999999995,0.0,0.5198831184722835,1.4543870535516659,0.0,0.0563625,30.6875,6.040846456692914,30.084432902863565,good,47.8
32229,28.6402793,77.0387922,102,26,47.1,8.66,55.760000000000005,0.25,16.73,16.98,0,0.0,27.260000000000005,72.74,0.7384742784923894,0.203125,0.9852767962308598,0.3330769230769231,0.0,0.5530078771261815,1.4126202191005697,0.0,0.0534875,27.8125,5.6494140625,27.40301089517079,good,46.99
32243,28.6402793,77.0674515,37,5,24.58,5.32,29.9,2.64,16.75,19.39,0,0.0,50.71,49.29,0.45993312721861374,0.11904761904761904,0.8638473439917483,1.064,0.0,0.37839063139632095,1.8847167163858116,0.0,0.03451875,13.437499999999998,1.5997023809523807,11.607948684889116,good,22.23
32248,28.6402793,77.0776869,24,5,32.35,2.73,35.08,0.4,14.91,15.31,0,0.0,49.61,50.39,0.20116726416672623,0.1724137931034483,0.9738732854343566,0.546,0.0,0.18329380414722604,1.0758315838762578,0.0,0.032025,9.125,1.5732758620689655,8.886593729588505,good,19.98
32258,28.6402793,77.0981578,72,15,27.05,10.85,37.9,0.18,13.22,13.4,1,1.05,47.65,51.300000000000004,1.1451187335092348,0.1724137931034483,0.9865671641791045,0.7233333333333333,0.7178397931503169,0.7631949044653842,1.0758158960455952,0.0017125,0.05338125,18.0625,3.1142241379310347,17.819869402985073,good,39.52
32274,28.6402793,77.1309112,41,12,34.01,6.12,40.13,3.63,17.29,20.92,0,0.0,38.95,61.05,0.564333193995103,0.22641509433962265,0.8264818355640534,0.51,0.0,0.4474596590722106,0.599329535121655,0.0,0.03956875,13.0,2.9433962264150946,10.744263862332694,good,31.15
32344,28.6402793,77.2742074,96,37,39.6,13.33,52.93,0.28,16.77,17.05,0,0.0,30.02,69.98,1.3216488523371055,0.2781954887218045,0.9835777126099706,0.36027027027027025,0.0,0.8422776454561618,0.7991023403308088,0.0,0.045,21.0,5.842105263157895,20.65513196480938,good,55.27
32431,28.642076,76.965097,88,0,31.05,0.0,31.05,0.07,18.39,18.46,0,0.0,50.49,49.51,0.0,0.0,0.9962080173347779,0.0,0.0,0.0,6.760430424442867,0.0,0.0377625,13.125,0.0,13.07523022751896,neutral,10.91
32477,28.642076,77.0592631,60,5,28.6,2.85,31.450000000000003,2.67,13.5,16.17,0,0.0,52.38,47.62,0.23424938400811748,0.07692307692307693,0.8348794063079776,0.5700000000000001,0.0,0.21046299907477223,1.8090545313876887,0.0,0.03405,13.437499999999998,1.033653846153846,11.218692022263449,good,17.66
32487,28.642076,77.079734,16,8,20.29,9.0,29.29,8.88,11.43,20.31,0,0.0,50.400000000000006,49.599999999999994,0.9740295327067535,0.3333333333333333,0.5627769571639587,1.125,0.0,0.6800769017437309,0.9988788984867223,0.0,0.02426875,7.125,2.375,4.009785819793206,good,31.98
32489,28.642076,77.0838282,34,5,20.64,6.21,26.85,20.15,10.65,30.8,0,0.0,42.35,57.65,0.5978628353623232,0.1282051282051282,0.3457792207792208,1.242,0.0,0.4686670084674933,0.7203004810783503,0.0,0.022675,7.875,1.0096153846153846,2.7230113636363638,good,21.48
32504,28.642076,77.1145345,46,9,40.17,6.98,47.150000000000006,0.35,14.33,14.68,0,0.0,38.17,61.83,0.4917721760830071,0.16363636363636364,0.976158038147139,0.7755555555555556,0.0,0.3999647931268925,1.4405392569879194,0.0,0.0327125,11.6875,1.9125,11.408847070844686,good,29.16
32508,28.642076,77.1227228,29,26,21.99,33.78,55.77,1.1,18.68,19.78,0,0.0,24.450000000000003,75.55,2.880044823795624,0.4727272727272727,0.9443882709807886,1.2992307692307692,0.0,1.3558467060930974,0.893398441696735,0.0,0.0424625,8.9375,4.225,8.440470171890798,good,74.19
32514,28.642076,77.1350054,47,19,37.53,13.66,51.19,2.87,14.45,17.32,0,0.0,31.489999999999995,68.51,1.153302164019562,0.2878787878787879,0.8342956120092379,0.7189473684210527,0.0,0.7670025541081221,0.5650377996717558,0.0,0.0508,12.9375,3.7244318181818183,10.793699480369515,good,45.75
32520,28.642076,77.1472879,1,1,0.14,0.35,0.49,1.72,2.73,4.45,0,0.0,95.06,4.939999999999998,0.0,0.0,0.6134831460674157,0.0,0.0,0.0,1.3984318754524638,0.0,0.01060625,2.5,0.0,1.5337078651685392,neutral,1.16
32527,28.642076,77.1616175,15,0,7.14,0.0,7.14,0.0,4.66,4.66,0,0.0,88.2,11.799999999999997,0.0,0.0,1.0,0.0,0.0,0.0,1.9777173209194987,0.0,0.0156,4.5,0.0,4.5,neutral,3.28
32535,28.642076,77.1779942,23,17,19.25,22.92,42.17,1.79,14.11,15.9,0,0.0,41.93,58.07,2.2664140629133933,0.425,0.8874213836477987,1.3482352941176472,0.0,1.1836927663389039,3.3069810262106696,0.0,0.0328375,9.3125,3.9578124999999997,8.264111635220125,good,59.99
32600,28.642076,77.311055,21,11,33.26,14.49,47.75,0.0,9.01,9.01,0,0.0,43.24,56.76,1.0878765787528701,0.34375,1.0,1.3172727272727274,0.0,0.7361475584806529,2.1236868350072866,0.0,0.02088125,4.125,1.41796875,4.125,good,36.62
32757,28.6438726,77.1452408,18,14,18.6,30.76,49.36,0.09,11.2,11.29,0,0.0,39.35,60.65,2.4346830372957466,0.4375,0.9920283436669619,2.197142857142857,0.0,1.233924646975934,1.4125609317657408,0.0,0.035125,6.875,3.0078125,6.8201948627103635,good,61.86
32777,28.6438726,77.1861826,31,20,26.75,17.29,44.04,8.97,20.53,29.5,0,0.0,26.460000000000008,73.53999999999999,1.7244134477712254,0.39215686274509803,0.6959322033898305,0.8644999999999999,0.0,1.002253156421598,2.6046310429141015,0.0,0.03869375,11.0,4.313725490196078,7.655254237288136,good,53.69
32786,28.6438726,77.2046064,50,7,16.68,4.07,20.75,6.62,15.25,21.87,0,0.0,57.38,42.62,0.588433734939759,0.12280701754385964,0.697302240512117,0.5814285714285715,0.0,0.46274845836456363,0.8236544925169612,0.0,0.03991875,11.5,1.412280701754386,8.018975765889346,good,20.62
32796,28.6438726,77.2250773,45,17,20.68,8.71,29.39,9.73,9.17,18.9,0,0.0,51.71,48.29,1.2357960790256055,0.27419354838709675,0.4851851851851852,0.5123529411764707,0.0,0.8045973521293219,0.7202655694089024,0.0,0.0245,7.625000000000001,2.090725806451613,3.6995370370370377,good,35.0
32835,28.6438726,77.3049137,13,1,4.15,1.53,5.680000000000001,0.0,2.17,2.17,0,0.0,92.15,7.849999999999994,0.26936619718309857,0.07142857142857142,1.0,0.0,0.0,0.2385177185637977,1.9675695497106247,0.0,0.00923125,4.5625,0.32589285714285715,4.5625,neutral,7.78
32901,28.6456692,76.9528145,14,0,9.3,0.0,9.3,0.0,7.87,7.87,1,12.4,70.43,17.169999999999987,0.0,0.0,1.0,0.0,2.5952547069568657,0.0,8.023832099717124,0.0,0.0190125,4.375,0.0,4.375,neutral,3.97
32914,28.6456692,76.9794266,2,2,0.07,0.0,0.07,0.0,0.2,0.2,0,0.0,99.73,0.269999999999996,0.0,0.5,0.0,0.0,0.0,0.0,5.6295357926009135,0.0,0.005,2.625,1.3125,0.0,neutral,5.04
32919,28.6456692,76.9896621,0,4,0.0,0.0,0.0,10.71,6.3,17.01,0,0.0,82.99,17.010000000000005,0.0,1.0,0.37037037037037035,0.0,0.0,0.0,4.765582468975951,0.0,0.01524375,2.8125,2.8125,1.0416666666666665,neutral,9.62
32948,28.6456692,77.0490277,111,19,41.69,5.01,46.7,0.04,17.44,17.48,0,0.0,35.81999999999999,64.18,0.46365866713887977,0.14615384615384616,0.9977116704805492,0.2636842105263158,0.0,0.3809392374938114,2.151654661108355,0.0,0.047975,25.4375,3.7177884615384618,25.37929061784897,good,34.13
32953,28.6456692,77.0592631,60,5,31.21,5.14,36.35,2.0,14.61,16.61,0,0.0,47.04,52.96,0.365521520046953,0.07692307692307693,0.8795906080674293,1.028,0.0,0.3115364216367699,2.1975230962912007,0.0,0.03326875,12.750000000000002,0.980769230769231,11.214780252859725,good,21.0
32968,28.6456692,77.0899694,45,33,31.17,7.65,38.82,0.4,13.87,14.27,1,0.99,45.92,53.089999999999996,1.0025525691799355,0.4230769230769231,0.9719691660826909,0.23181818181818184,0.688134638736401,0.6944226513910541,1.0186566457008657,0.0,0.04038125,11.4375,4.8389423076923075,11.116897337070776,good,42.99
32970,28.6456692,77.0940636,32,20,27.41,12.05,39.46,1.61,14.6,16.21,0,0.0,44.33,55.67,1.3412930801947305,0.38461538461538464,0.9006785934608266,0.6025,0.0,0.8507033751171699,0.8933739581080701,0.0,0.05831875,14.25,5.480769230769231,12.834669956816779,good,50.16
32971,28.6456692,77.0961107,58,26,35.41,14.18,49.59,1.26,13.8,15.06,0,0.0,35.349999999999994,64.65,1.3596351034619476,0.30952380952380953,0.9163346613545816,0.5453846153846154,0.0,0.8585069899059099,0.7202651476129417,0.0,0.04169375,13.3125,4.120535714285714,12.198705179282868,good,49.49
32976,28.6456692,77.1063461,64,17,19.47,2.2,21.67,7.6,10.36,17.96,0,0.0,60.37,39.63,0.42334263974033626,0.20987654320987653,0.576837416481069,0.12941176470588237,0.0,0.3530080770103005,0.5650212218376591,0.0,0.03195,15.0,3.148148148148148,8.652561247216035,good,23.8
32988,28.6456692,77.1309112,57,29,45.4,15.24,60.64,4.68,16.67,21.35,0,0.0,18.010000000000005,81.99,1.233196119344885,0.3372093023255814,0.7807962529274005,0.5255172413793103,0.0,0.8034337967420467,0.0,0.0,0.04468125,12.875,4.34156976744186,10.052751756440282,good,51.84
33006,28.6456692,77.1677588,38,22,20.46,17.61,38.07,6.64,21.39,28.03,0,0.0,33.900000000000006,66.1,2.092459313006672,0.36666666666666664,0.7631109525508384,0.8004545454545454,0.0,1.1289666685307522,2.680044651438571,0.0,0.0579375,10.187499999999998,3.7354166666666657,7.774192829111665,good,55.44
33008,28.6456692,77.171853,41,26,35.05,16.63,51.67999999999999,0.66,20.11,20.77,0,0.0,27.55000000000001,72.44999999999999,1.5300653862418439,0.3880597014925373,0.9682233991333654,0.6396153846153846,0.0,0.9282451467698342,2.9966784664152804,0.0,0.05964375,12.25,4.753731343283582,11.860736639383726,good,54.61
33024,28.6456692,77.2046064,23,8,14.08,10.59,24.67,13.13,17.4,30.53,0,0.0,44.8,55.2,1.3607420253455242,0.25806451612903225,0.5699312151981657,1.32375,0.0,0.858975987137979,0.799053573402808,0.0,0.0444,8.0625,2.0806451612903225,4.595070422535211,good,35.3
33028,28.6456692,77.2127947,32,43,23.53,42.64,66.17,8.06,14.16,22.22,0,0.0,11.61,88.39,3.5180620253694177,0.5733333333333334,0.6372637263726373,0.9916279069767442,0.0,1.508083146452997,0.0,0.0,0.04416875,13.6875,7.8475,8.722547254725473,good,98.02
33073,28.6456692,77.3049137,52,3,51.75,2.75,54.5,0.0,14.34,14.34,0,0.0,31.16,68.84,0.10091743119266056,0.05454545454545454,1.0,0.9166666666666666,0.0,0.0961438605529023,1.997616590042441,0.00084375,0.05970625,16.875,0.9204545454545454,16.875,good,22.71
33112,28.6474658,76.8975431,0,1,0.0,0.0,0.0,0.0,1.07,1.07,0,0.0,98.93,1.0699999999999932,0.0,0.0,0.0,0.0,0.0,0.0,11.832090722644395,0.0,0.0065625,2.25,0.0,0.0,neutral,1.0
33174,28.6474658,77.0244626,64,22,30.73,5.44,36.17,7.67,17.0,24.67,0,0.0,39.16,60.84,0.6803477202363879,0.2558139534883721,0.6890960680989056,0.24727272727272728,0.0,0.5190007483297051,2.7172557911457487,0.0,0.04225625,17.4375,4.460755813953488,12.016112687474665,good,36.24
33199,28.6474658,77.0756398,34,6,33.95,4.07,38.02,2.59,17.35,19.94,0,0.0,42.04,57.96,0.30052431701142684,0.15,0.870110330992979,0.6783333333333333,0.0,0.2627675039335492,1.695128874964117,0.0,0.0434625,14.4375,2.165625,12.562217903711133,good,24.2
33200,28.6474658,77.0776869,28,3,23.27,2.06,25.33,7.46,15.61,23.07,0,0.0,51.6,48.4,0.16265298065534942,0.0967741935483871,0.6766363242306025,0.6866666666666666,0.0,0.15070444608401187,1.560277366854813,0.0,0.0369875,9.8125,0.9495967741935484,6.639493931512787,good,14.39
33241,28.6474658,77.1616175,98,29,47.58,9.25,56.83,0.0,9.28,9.28,0,0.0,33.89,66.11,0.7986756644268661,0.2283464566929134,1.0,0.31896551724137934,0.0,0.5870506521260807,2.0566346990803304,0.0,0.04263125,18.5,4.224409448818898,18.5,good,43.86
33268,28.6474658,77.2168889,76,28,41.84,12.65,54.49,6.13,11.7,17.83,0,0.0,27.68,72.32,1.1277933490248446,0.2692307692307692,0.6561974200785193,0.4517857142857143,0.0,0.75508545634322,0.4466900397610612,0.0,0.03611875,18.0625,4.862980769230769,11.852565900168255,good,49.92
33269,28.6474658,77.218936,17,8,8.8,2.87,11.670000000000002,3.82,4.55,8.37,0,0.0,79.96,20.040000000000006,0.779578813550937,0.32,0.5436081242532855,0.35875,0.0,0.5763767147040888,0.631712366492185,0.0,0.012275,4.875,1.56,2.650089605734767,good,20.99
33275,28.6474658,77.2312185,71,25,59.16,6.95,66.11,0.0,6.91,6.91,0,0.0,26.980000000000004,73.02,0.4941469677973164,0.2604166666666667,1.0,0.278,0.0,0.4015554538920385,0.0,0.0,0.02969375,18.0,4.6875,18.0,good,43.75
33276,28.6474658,77.2332656,96,36,36.89,15.68,52.57,0.0,8.19,8.19,0,0.0,39.24,60.76,1.5538183141156923,0.2727272727272727,1.0,0.43555555555555553,0.0,0.9375896173022116,0.19976241119933968,0.0,0.033225,18.3125,4.994318181818182,18.3125,good,55.98
33300,28.6474658,77.2823957,66,39,44.84,17.54,62.38,0.05,19.9,19.95,0,0.0,17.669999999999987,82.33000000000001,1.4964190250773377,0.37142857142857144,0.9974937343358395,0.44974358974358974,0.0,0.9148573150538937,0.0,0.0,0.0521875,22.125,8.217857142857143,22.06954887218045,good,68.15
33339,28.6492624,76.8750251,0,4,0.0,0.0,0.0,0.33,6.2,6.53,0,0.0,93.47,6.530000000000001,0.0,1.0,0.9494640122511485,0.0,0.0,0.0,11.388944731447044,0.0,0.01360625,2.8125,2.8125,2.6703675344563553,neutral,9.62
33343,28.6492624,76.8832135,87,4,30.34,0.95,31.29,3.12,16.18,19.3,0,0.0,49.41,50.59,0.07049637871981444,0.04395604395604396,0.838341968911917,0.2375,0.0,0.0681224462486181,11.430871077703452,0.0,0.04110625,19.25,0.8461538461538463,16.1380829015544,good,14.62
33411,28.6492624,77.0224155,141,21,40.96,5.6,46.56,0.12,17.65,17.77,0,0.0,35.67,64.33,0.5363577548189189,0.12962962962962962,0.9932470455824423,0.26666666666666666,0.0,0.42941452089895726,2.9966402524319133,0.0,0.0540875,27.375,3.5486111111111107,27.190137872819356,good,34.64
33447,28.6492624,77.0961107,90,30,46.63,6.82,53.45,0.25,14.95,15.2,0,0.0,31.34999999999999,68.65,0.6321350577518893,0.25,0.9835526315789473,0.22733333333333333,0.0,0.4898890090932508,0.5650263058793116,0.0,0.05115625,24.125,6.03125,23.728207236842106,good,45.86
33450,28.6492624,77.102252,74,34,53.76,10.98,64.74,0.0,17.55,17.55,0,0.0,17.709999999999994,82.29,0.8699340056542437,0.3148148148148148,1.0,0.32294117647058823,0.0,0.6259031391497626,0.0,0.0,0.05156875,22.75,7.162037037037037,22.75,good,56.43
33457,28.6492624,77.1165816,43,35,25.29,19.0,44.29,0.47,14.5,14.97,0,0.0,40.74,59.26,2.2178499667510483,0.44871794871794873,0.9686038744154977,0.5428571428571428,0.0,1.1687134243481372,1.3983031654003293,0.0,0.047275,13.437499999999998,6.029647435897435,13.015614562458248,good,66.3
33460,28.6492624,77.1227228,17,17,7.7,39.39,47.09,3.3,13.7,17.0,0,0.0,35.91,64.09,3.4880727501977633,0.5,0.8058823529411764,2.3170588235294116,0.0,1.5014233780261286,0.8933739581069597,0.0,0.03816875,9.75,4.875,7.85735294117647,good,82.38
33462,28.6492624,77.126817,38,22,43.34,9.48,52.82000000000001,3.32,20.95,24.27,0,0.0,22.91,77.09,0.8118774582245453,0.36666666666666664,0.8632056036258755,0.4309090909090909,0.0,0.5943635774225184,0.5650281217837853,0.0,0.041125,11.5625,4.239583333333333,9.980814791924185,good,42.82
33464,28.6492624,77.1309112,39,25,17.22,19.48,36.7,0.78,23.16,23.94,0,0.0,39.36,60.64,2.4949472945337456,0.390625,0.9674185463659147,0.7792,0.0,1.2513182953242101,0.39954561041972214,0.0,0.05026875,15.3125,5.9814453125,14.81359649122807,good,67.81
33533,28.6492624,77.2721603,77,17,30.82,10.61,41.43,0.12,10.63,10.75,1,0.24,47.58,52.18,1.0678953479435898,0.18085106382978725,0.9888372093023257,0.6241176470588234,0.2151113796169455,0.7265313499225456,1.0185765134616978,0.0,0.03448125,16.4375,2.972739361702128,16.254011627906976,good,39.07
33615,28.6510591,76.9528145,58,5,50.18,1.21,51.39,3.59,13.95,17.54,0,0.0,31.070000000000007,68.92999999999999,0.06086407133435685,0.07936507936507936,0.7953249714937286,0.242,0.0,0.059083737696359794,8.237179707310233,0.0,0.0421125,17.0,1.349206349206349,13.520524515393387,good,22.44
33654,28.6510591,77.0326509,86,4,26.23,1.61,27.84,1.97,15.35,17.32,0,0.0,54.84,45.16,0.13427816928048322,0.044444444444444446,0.8862586605080831,0.4025,0.0,0.12599647441377199,2.7172416835905113,0.0,0.045725,21.6875,0.9638888888888889,19.220734699769054,good,14.82
33665,28.6510591,77.0551689,89,0,36.88,0.0,36.88,0.03,10.89,10.92,0,0.0,52.2,47.8,0.0,0.0,0.9972527472527473,0.0,0.0,0.0,1.6473645393130185,0.0,0.039225,19.4375,0.0,19.384100274725274,neutral,12.77
33668,28.6510591,77.0613102,94,10,38.27,2.35,40.620000000000005,0.04,11.09,11.13,0,0.0,48.24999999999999,51.75000000000001,0.20013944617916415,0.09615384615384616,0.9964061096136567,0.23500000000000001,0.0,0.18243775519196273,1.6106270442200825,0.0,0.03334375,20.125,1.935096153846154,20.052672955974842,good,22.85
33669,28.6510591,77.0633573,148,13,42.42,3.45,45.870000000000005,0.12,21.35,21.47,0,0.0,32.66,67.34,0.28636089995855096,0.08074534161490683,0.9944108057755008,0.2653846153846154,0.0,0.25181722404791107,1.6473645393133198,0.0,0.05955625,29.1875,2.356754658385093,29.024365393572428,good,27.09
33680,28.6510591,77.0858752,16,5,14.46,1.41,15.87,24.77,10.81,35.58,0,0.0,48.55,51.45,0.2296658554515961,0.23809523809523808,0.3038223721191681,0.282,0.0,0.2067424702429823,1.412475737920231,0.0,0.02396875,5.6875,1.3541666666666665,1.7279897414277687,good,13.6
33702,28.6510591,77.1309112,71,27,30.2,14.11,44.31,0.65,21.11,21.76,0,0.0,33.93000000000001,66.07,1.530845812462938,0.2755102040816326,0.9701286764705881,0.5225925925925926,0.0,0.9285535600956717,0.5993295351213014,0.0,0.0528875,19.4375,5.355229591836734,18.856876148897054,good,54.11
33709,28.6510591,77.1452408,20,19,20.81,25.21,46.02,7.74,18.14,25.88,0,0.0,28.09999999999999,71.9,2.3675751254261277,0.48717948717948717,0.7009273570324576,1.326842105263158,0.0,1.214192938014529,0.6317300046647023,0.0,0.04768125,7.875,3.8365384615384617,5.519802936630604,good,62.34
33712,28.6510591,77.1513821,43,19,45.14,7.64,52.78,0.29,15.47,15.76,0,0.0,31.460000000000008,68.53999999999999,0.6256068708779737,0.3064516129032258,0.9815989847715737,0.40210526315789474,0.0,0.4858812050650752,0.998792436287848,0.0,0.052,15.75,4.826612903225807,15.460184010152286,good,41.86
33754,28.6510591,77.2373598,8,9,1.2,5.01,6.21,8.32,8.84,17.16,0,0.0,76.63,23.370000000000005,2.6800096224453593,0.5294117647058824,0.5151515151515151,0.5566666666666666,0.0,1.3029153669723557,0.5650136029105571,0.00145625,0.02550625,6.25,3.308823529411765,3.2196969696969697,good,52.62
33773,28.6510591,77.2762545,46,20,37.43,13.61,51.04,0.18,20.13,20.31,0,0.0,28.65000000000001,71.35,1.1712272751571107,0.30303030303030304,0.9911373707533235,0.6805,0.0,0.7752925722695221,0.7202546550301163,0.0,0.052125,15.1875,4.6022727272727275,15.052898818316102,good,48.66
33780,28.6510591,77.2905841,71,31,44.66,14.87,59.53,0.3,19.91,20.21,0,0.0,20.25999999999999,79.74000000000001,1.2489501091886444,0.30392156862745096,0.9851558634339436,0.4796774193548387,0.0,0.8104634891778271,0.6317300046647023,0.0,0.05238125,20.625,6.268382352941176,20.318839683325088,good,57.62
33785,28.6510591,77.3008195,34,11,28.05,5.65,33.7,0.52,18.48,19.0,0,0.0,47.3,52.7,0.6010397070941997,0.24444444444444444,0.9726315789473684,0.5136363636363637,0.0,0.4706532351400064,1.3399879291241872,0.0,0.0479625,13.375,3.2694444444444444,13.008947368421053,good,30.63
33790,28.6510591,77.311055,24,5,32.88,5.63,38.510000000000005,0.47,13.96,14.43,0,0.0,47.06,52.94,0.3779106434448223,0.1724137931034483,0.9674289674289676,1.126,0.0,0.32056832538357816,2.2775135920779217,0.0,0.042125,8.5625,1.476293103448276,8.283610533610535,good,23.39
33906,28.6528557,77.0613102,100,23,39.13,8.95,48.08,0.04,16.29,16.33,0,0.0,35.59,64.41,0.8534819962864881,0.18699186991869918,0.9975505205143907,0.38913043478260867,0.0,0.6170660302010693,1.412613444527846,0.0,0.0451625,21.0,3.926829268292683,20.948560930802206,good,40.96
33910,28.6528557,77.0694985,130,15,47.53,3.27,50.8,0.41,15.47,15.88,0,0.0,33.31999999999999,66.68,0.25748031496062995,0.10344827586206896,0.9741813602015114,0.218,0.0,0.2291099687623755,1.7184191703811917,0.0,0.04478125,21.0,2.1724137931034484,20.457808564231737,good,27.67
33925,28.6528557,77.1002049,58,44,56.68,18.67,75.35,0.14,9.01,9.15,0,0.0,15.5,84.5,1.3607551069472468,0.43137254901960786,0.9846994535519125,0.42431818181818187,0.0,0.8589815284319186,0.0,0.0,0.04046875,17.5,7.549019607843138,17.232240437158467,good,68.24
33926,28.6528557,77.102252,54,34,40.21,14.5,54.71,0.45,13.19,13.64,0,0.0,31.65000000000001,68.35,1.3594334444471214,0.38636363636363635,0.9670087976539589,0.4264705882352941,0.0,0.8584215243048483,0.19975214440696987,0.0,0.03984375,18.5625,7.171875,17.950100806451612,good,60.47
33928,28.6528557,77.1063461,19,18,14.34,22.83,37.17,6.79,12.11,18.9,0,0.0,43.93000000000001,56.06999999999999,2.609098335537182,0.4864864864864865,0.6407407407407407,1.2683333333333333,0.0,1.2834579725981736,0.565019406382943,0.0,0.02676875,7.625000000000001,3.70945945945946,4.885648148148149,good,62.68
33940,28.6528557,77.1309112,38,24,25.47,20.65,46.12,3.0,19.35,22.35,0,0.0,31.53,68.47,2.0792634501051186,0.3870967741935484,0.8657718120805369,0.8604166666666666,0.0,1.124690428810795,0.7991023403311625,0.0,0.044025,14.9375,5.782258064516129,12.93246644295302,good,64.08
33987,28.6528557,77.2271244,75,50,35.99,23.13,59.120000000000005,0.0,8.26,8.26,0,0.0,32.620000000000005,67.38,2.2192692516881034,0.4,1.0,0.46259999999999996,0.0,1.1691543933318989,0.4466655525276019,0.0,0.0362875,17.8125,7.125,17.8125,good,74.41
33989,28.6528557,77.2312185,73,30,46.13,10.75,56.88,0.03,8.95,8.98,0,0.0,34.14,65.86,0.9363152309539189,0.2912621359223301,0.9966592427616925,0.35833333333333334,0.0,0.6607868015056361,0.28250559150656773,0.0,0.03930625,22.5,6.5533980582524265,22.42483296213808,good,53.04
33991,28.6528557,77.2353127,21,28,6.3,21.05,27.35,1.14,9.77,10.91,0,0.0,61.74,38.26,3.7389579505460837,0.5714285714285714,0.8955087076076993,0.7517857142857143,0.0,1.5558172698813215,0.28250559150569,0.0,0.022525,10.937500000000002,6.250000000000001,9.794626489459212,good,83.98
34017,28.6528557,77.288537,79,28,45.55,13.52,59.06999999999999,0.04,18.88,18.92,0,0.0,22.010000000000005,77.99,1.1118994930442658,0.2616822429906542,0.9978858350951373,0.4828571428571428,0.0,0.747587776190938,0.3995456104190148,0.0,0.0532625,22.0625,5.773364485981308,22.015856236786465,good,53.93
34153,28.6546523,77.079734,3,0,2.53,0.0,2.53,2.8,4.54,7.34,1,34.72,55.41,9.870000000000005,0.0,0.0,0.6185286103542235,0.0,3.575710756008298,0.0,2.0074595226454557,0.0,0.0160375,2.375,0.0,1.4690054495912808,neutral,1.81
34211,28.6546523,77.1984651,29,9,21.91,10.42,32.33,5.15,12.56,17.71,0,0.0,49.96,50.04,1.0706616377583147,0.23684210526315788,0.7092038396386222,1.1577777777777778,0.0,0.7278681879732285,1.1647460701682708,0.0,0.03534375,7.5625,1.7911184210526314,5.36335403726708,good,32.59
34223,28.6546523,77.2230302,52,30,54.44,11.65,66.09,0.1,5.76,5.86,0,0.0,28.05,71.95,0.8732998489333802,0.36585365853658536,0.9829351535836176,0.38833333333333336,0.0,0.6277015008428936,0.0,0.0,0.02984375,14.4375,5.282012195121951,14.191126279863479,good,51.15
34228,28.6546523,77.2332656,91,64,31.1,31.0,62.1,0.0,4.95,4.95,0,0.0,32.94999999999999,67.05000000000001,3.006334979128536,0.4129032258064516,1.0,0.484375,0.0,1.3878768531008276,0.0,0.0,0.02843125,17.375,7.174193548387096,17.375,good,87.11
34267,28.6546523,77.3131021,39,3,46.39,3.14,49.53,0.2,17.26,17.46,0,0.0,33.010000000000005,66.99,0.1267918433272764,0.07142857142857142,0.9885452462772051,1.0466666666666666,0.0,0.11937451820019586,2.405264932147601,0.0,0.05578125,13.25,0.9464285714285714,13.098224513172967,good,21.58
34403,28.6564489,77.104299,35,10,28.89,5.77,34.66,0.35,7.44,7.79,0,0.0,57.55,42.45,0.5759065331661052,0.2222222222222222,0.9550706033376124,0.577,0.0,0.45483068331031073,0.5650018636666788,0.0,0.0193375,7.437500000000001,1.652777777777778,7.103337612323493,good,25.62
34422,28.6564489,77.1431937,28,19,40.1,25.03,65.13,0.0,7.6,7.6,0,0.0,27.27,72.73,1.660952866805323,0.40425531914893614,1.0,1.3173684210526317,0.0,0.9786842792514306,0.0,0.0,0.02263125,6.875,2.779255319148936,6.875,good,54.79
34455,28.6564489,77.2107476,72,33,45.66,18.44,64.1,0.29,17.17,17.46,0,0.0,18.44,81.56,1.4635384523035297,0.3142857142857143,0.9833906071019474,0.5587878787878788,0.0,0.901598711690103,0.0,0.0,0.052725,19.5625,6.148214285714285,19.237578751431844,good,61.87
34493,28.6564489,77.288537,69,26,47.39,13.88,61.27,0.09,17.8,17.89,0,0.0,20.840000000000003,79.16,1.0771640040807726,0.2736842105263158,0.994969256567915,0.5338461538461539,0.0,0.7310035037799012,0.0,0.0,0.0574375,21.25,5.815789473684211,21.143096702068195,good,54.25
34500,28.6564489,77.3028666,23,6,23.12,13.48,36.6,12.17,21.35,33.52,0,0.0,29.879999999999995,70.12,1.0339656926048226,0.20689655172413793,0.6369331742243437,2.2466666666666666,0.0,0.7099874305248386,1.398207334867397,0.0,0.05836875,7.437500000000001,1.538793103448276,4.737190483293557,good,32.64
34503,28.6564489,77.3090079,65,7,36.93,1.79,38.72,0.11,16.68,16.79,0,0.0,44.49,55.51,0.13868801652892565,0.09722222222222222,0.9934484812388327,0.2557142857142857,0.0,0.12987673696147,1.997443230340526,0.0,0.03859375,11.875,1.1545138888888888,11.797200714711138,good,18.94
34569,28.6582456,76.9569087,2,2,0.06,0.0,0.06,0.0,2.92,2.92,0,0.0,97.02,2.980000000000004,0.0,0.5,1.0,0.0,0.0,0.0,8.227243843407345,0.0,0.01001875,2.375,1.1875,2.375,neutral,4.66
34623,28.6582456,77.0674515,78,13,43.25,3.21,46.46,0.0,16.18,16.18,0,0.0,37.36,62.64,0.26305659276377336,0.14285714285714285,1.0,0.2469230769230769,0.0,0.233534650570176,1.129978799879632,0.0,0.0455125,21.4375,3.0625,21.4375,good,29.09
34639,28.6582456,77.1002049,59,14,40.99,7.62,48.61,0.17,14.74,14.91,0,0.0,36.48,63.52,0.6124358432120328,0.1917808219178082,0.98859825620389,0.5442857142857143,0.0,0.47774598174093214,0.5993295351213014,0.0,0.03440625,14.499999999999998,2.7808219178082187,14.334674714956403,good,34.06
34648,28.6582456,77.1186287,51,12,33.18,8.38,41.56,6.46,15.69,22.15,0,0.0,36.29,63.71,0.7461425610688728,0.19047619047619047,0.708352144469526,0.6983333333333334,0.0,0.5574091041809426,1.4541273779417798,0.0,0.04235,13.062499999999998,2.4880952380952377,9.252849887133182,good,32.89
34658,28.6582456,77.1390996,54,32,31.41,11.46,42.870000000000005,2.2,12.66,14.86,0,0.0,42.27,57.73,1.3484664475821757,0.37209302325581395,0.8519515477792733,0.358125,0.0,0.853762539639052,0.4466495535059687,0.0,0.03499375,12.3125,4.5813953488372094,10.489653432032302,good,48.6
34684,28.6582456,77.1923239,45,15,26.22,9.21,35.43,9.03,19.73,28.76,0,0.0,35.81,64.19,1.0397967823878072,0.25,0.6860222531293463,0.6140000000000001,0.0,0.7128501864175092,1.6103510528493812,0.0,0.056725,12.3125,3.078125,8.446648991655076,good,37.07
34808,28.6600422,76.9589558,2,1,0.15,0.0,0.15,0.0,1.31,1.31,0,0.0,98.54,1.4599999999999937,0.0,0.3333333333333333,0.0,0.0,0.0,0.0,8.154101622567309,0.0,0.00703125,2.4375,0.8125,0.0,neutral,3.54
34894,28.6600422,77.1350054,104,35,45.46,10.03,55.49,0.0,17.48,17.48,0,0.0,27.03,72.97,0.9344809472781831,0.2517985611510791,1.0,0.28657142857142853,0.0,0.659839046197127,0.2824959104132919,0.0,0.06830625,24.0625,6.058902877697841,24.0625,good,51.05
34901,28.6600422,77.149335,29,16,39.72,18.36,58.08,3.62,7.47,11.09,0,0.0,30.83,69.17,1.2921111874200453,0.35555555555555557,0.6735798016230838,1.1475,0.0,0.8294733087666384,0.7202200588481532,0.0,0.02655625,7.437500000000001,2.644444444444445,5.009749774571687,good,46.69
34902,28.6600422,77.1513821,36,22,36.15,16.39,52.54,3.56,11.05,14.61,0,0.0,32.849999999999994,67.15,1.4111378085225437,0.3793103448275862,0.7563312799452431,0.745,0.0,0.8800987558080126,0.8933054639178281,0.0,0.03385625,9.625,3.650862068965517,7.279688569472965,good,49.76
34915,28.6600422,77.1779942,82,16,50.16,7.56,57.72,0.23,12.43,12.66,0,0.0,29.620000000000005,70.38,0.5353641559226017,0.16326530612244897,0.9818325434439178,0.4725,0.0,0.4287675880320878,2.9960670246110914,0.0,0.03871875,17.6875,2.887755102040816,17.366163112164298,good,36.17
34921,28.6600422,77.1902768,33,15,33.4,10.48,43.88,8.12,14.01,22.13,0,0.0,33.989999999999995,66.01,0.9553327256153145,0.3125,0.6330772706732942,0.6986666666666667,0.0,0.670560371086887,1.7976363150758454,0.0,0.03680625,10.3125,3.22265625,6.5286093538183465,good,38.96
34922,28.6600422,77.1923239,35,11,50.57,4.83,55.4,0.0,14.5,14.5,0,0.0,30.10000000000001,69.89999999999999,0.31255178481016577,0.2391304347826087,1.0,0.4390909090909091,0.0,0.2719731697987697,1.5978978629406808,0.0,0.04370625,9.875000000000002,2.361413043478261,9.875000000000002,good,30.53
34930,28.6600422,77.2087006,60,32,44.8,24.01,68.81,0.0,7.62,7.62,0,0.0,23.570000000000007,76.42999999999999,1.7601497283214136,0.34782608695652173,1.0,0.7503125,0.0,1.01528492764943,0.0,0.0,0.0305,13.0,4.521739130434782,13.0,good,62.76
34933,28.6600422,77.2148418,35,36,15.24,50.18,65.42,0.76,11.03,11.79,0,0.0,22.789999999999992,77.21000000000001,3.9958784758064922,0.5070422535211268,0.9355385920271416,1.393888888888889,0.0,1.6086132676693505,0.0,0.0,0.032425,12.375000000000002,6.274647887323945,11.57729007633588,good,100.0
34941,28.6600422,77.2312185,24,16,4.53,49.95,54.48,7.3,9.38,16.68,0,0.0,28.840000000000003,71.16,3.7475912063225856,0.4,0.5623501199040768,3.121875,0.0,1.5576373749621226,0.6317383891652497,0.0,0.02165625,9.25,3.7,5.20173860911271,good,84.96
34957,28.6600422,77.2639719,79,54,35.88,27.34,63.22,0.7,17.17,17.87,0,0.0,18.91,81.09,2.500195738180389,0.40601503759398494,0.9608282036933409,0.5062962962962962,0.0,1.2528188921260095,0.0,0.0,0.05781875,22.5625,9.160714285714285,21.678686345831004,good,86.1
34967,28.6600422,77.2844428,28,27,35.56,34.19,69.75,1.82,17.11,18.93,0,0.0,11.319999999999991,88.68,2.3564654449483795,0.4909090909090909,0.9038563127311147,1.2662962962962963,0.0,1.2108884693781996,0.0,0.0,0.04359375,11.6875,5.7375,10.563820655044903,good,75.58
34984,28.6600422,77.3192433,24,2,19.72,0.94,20.66,26.49,13.44,39.93,1,5.23,34.18000000000001,60.58999999999999,0.07211349228837786,0.07692307692307693,0.33658903080390684,0.0,1.8293763327993617,0.0696319267168063,3.0226333577736177,0.0,0.02853125,6.75,0.5192307692307693,2.271975957926371,neutral,10.25
35087,28.6618388,77.0428864,87,13,29.91,3.8,33.71,2.9,15.36,18.26,1,0.74,47.29,51.97,0.42918862960008586,0.13,0.84118291347207,0.29230769230769227,0.5538851132264376,0.3571068913560733,1.647039533809273,0.0,0.04196875,15.4375,2.006875,12.98576122672508,good,24.24
35098,28.6618388,77.0654044,166,7,46.72,1.37,48.09,0.4,16.69,17.09,0,0.0,34.81999999999999,65.18,0.08546475358702434,0.04046242774566474,0.9765944997074313,0.19571428571428573,0.0,0.08200823959902176,0.7201882555182088,0.0,0.049825,25.25,1.0216763005780347,24.65901111761264,good,20.74
35106,28.6618388,77.0817811,24,13,15.84,9.16,25.0,7.06,15.84,22.9,0,0.0,52.10000000000001,47.89999999999999,1.395014843441906,0.35135135135135137,0.691703056768559,0.7046153846153846,0.0,0.8733894285229657,1.4404848380183541,0.0,0.0311375,10.625,3.7331081081081083,7.34934497816594,good,40.98
35107,28.6618388,77.0838282,60,21,34.04,8.32,42.36,6.67,16.08,22.75,0,0.0,34.89,65.11,0.8758845860968442,0.25925925925925924,0.7068131868131867,0.3961904761904762,0.0,0.629080327421183,1.5601302434004738,0.0,0.034525,12.0625,3.1273148148148144,8.525934065934065,good,37.01
35131,28.6618388,77.1329583,100,38,51.32,11.85,63.17,0.72,12.55,13.27,1,2.74,20.820000000000007,76.44,0.991483556965611,0.2753623188405797,0.9457422758100981,0.31184210526315786,1.3190856114264407,0.6888798669976983,0.0,0.0,0.0694,26.0,7.159420289855072,24.58929917106255,good,57.71
35156,28.6618388,77.1841355,66,21,25.59,13.54,39.13,10.24,13.36,23.6,0,0.0,37.27,62.73,1.5430795838576283,0.2413793103448276,0.5661016949152542,0.6447619047619048,0.0,0.9333757812147979,2.4051421251334575,0.0,0.0381625,16.0,3.8620689655172415,9.057627118644067,good,48.07
35202,28.6618388,77.2783016,69,26,46.91,15.02,61.92999999999999,0.31,15.0,15.31,0,0.0,22.760000000000005,77.24,1.1532118566525964,0.2736842105263158,0.9797517962116263,0.5776923076923077,0.0,0.766960614215882,0.0,0.0,0.04913125,22.0,6.021052631578947,21.55453951665578,good,56.21
35223,28.6618388,77.3212904,30,2,31.69,0.98,32.67,8.04,11.94,19.98,0,0.0,47.35,52.65,0.04754402359065604,0.0625,0.5975975975975976,0.0,0.0,0.04644839922521614,3.25153520657172,0.00023125,0.0303875,8.8125,0.55078125,5.266328828828828,neutral,13.82
35237,28.6636354,76.8627426,0,2,0.0,0.0,0.0,0.0,2.72,2.72,0,0.0,97.28,2.719999999999999,0.0,0.0,1.0,0.0,0.0,0.0,9.839755110157759,0.0,0.0095375,2.25,0.0,2.25,neutral,1.0
35284,28.6636354,76.9589558,2,1,0.09,0.0,0.09,2.74,2.28,5.02,0,0.0,94.89,5.109999999999999,0.0,0.3333333333333333,0.4541832669322709,0.0,0.0,0.0,8.210198254740808,0.0,0.00746875,2.5,0.8333333333333333,1.1354581673306772,neutral,3.58
35351,28.6636354,77.0961107,31,5,30.59,2.57,33.16,0.36,16.35,16.71,0,0.0,50.13,49.87,0.20034238922959505,0.1388888888888889,0.9784560143626572,0.514,0.0,0.18260684045469697,1.2634651467107794,0.0,0.03411875,10.625,1.4756944444444444,10.396095152603232,good,19.06
35370,28.6636354,77.1350054,35,20,49.58,12.06,61.64,1.64,9.73,11.37,1,9.2,17.790000000000006,73.00999999999999,0.8593664522828011,0.36363636363636365,0.8557607739665788,0.603,2.322387720290225,0.6202358126496881,0.0,0.0,0.0507,16.5625,6.0227272727272725,14.173537818821462,good,51.8
35384,28.6636354,77.1636646,58,25,25.16,10.2,35.36,0.0,9.16,9.16,0,0.0,55.48,44.52,1.3558960725406994,0.30120481927710846,1.0,0.408,0.0,0.8569211529915547,2.1512950760843155,0.0,0.0398,20.75,6.250000000000001,20.75,good,51.42
35399,28.6636354,77.1943709,42,9,16.17,2.52,18.69,6.13,17.36,23.49,1,5.33,52.49,42.18,0.44790041728818364,0.17647058823529413,0.7390378884631759,0.28,1.8453002361560848,0.37011451900754816,1.4541137182313713,0.0,0.03865,10.625,1.8750000000000002,7.852277564921244,good,19.31
35411,28.6636354,77.218936,82,9,22.9,13.68,36.58,1.12,11.58,12.7,0,0.0,50.720000000000006,49.279999999999994,1.2423175598157221,0.0989010989010989,0.9118110236220472,1.52,0.0,0.8075099559292062,0.5649894002434784,0.0,0.0297,16.6875,1.6504120879120878,15.215846456692914,good,36.04
35432,28.6636354,77.2619249,68,48,46.96,21.82,68.78,0.0,12.19,12.19,0,0.0,19.03,80.97,1.7812295550827835,0.41379310344827586,1.0,0.45458333333333334,0.0,1.0228931159239236,0.0,0.0,0.0524,22.0,9.10344827586207,22.0,good,77.1
35459,28.6636354,77.3171962,47,5,52.26,1.66,53.92,0.38,18.44,18.82,0,0.0,27.260000000000005,72.74,0.07958156066760236,0.09615384615384616,0.9798087141339001,0.33199999999999996,0.0,0.07657352223408256,2.908257805109408,1.875e-05,0.04261875,12.8125,1.231971153846154,12.553799149840595,good,23.16
35519,28.665432,76.9528145,83,2,29.44,0.5,29.94,0.0,14.13,14.13,0,0.0,55.93,44.07,0.026468979637961857,0.023529411764705882,1.0,0.0,0.0,0.026124737476112596,8.723538045546375,0.0,0.04376875,20.3125,0.4779411764705882,20.3125,neutral,12.41
35548,28.665432,77.0121801,76,6,28.21,0.65,28.86,0.84,19.16,20.0,0,0.0,51.13999999999999,48.86000000000001,0.06322871446075685,0.07317073170731707,0.958,0.10833333333333334,0.0,0.06131023563380011,3.5337274978524267,0.0,0.05026875,22.6875,1.660060975609756,21.734624999999998,good,16.23
35552,28.665432,77.0203684,86,1,41.14,0.0,41.14,0.0,10.33,10.33,0,0.0,48.53,51.47,0.0,0.011494252873563218,1.0,0.0,0.0,0.0,2.8805862978848125,0.0,0.03239375,15.250000000000002,0.1752873563218391,15.250000000000002,neutral,14.67
35567,28.665432,77.0510747,67,22,50.77,7.68,58.45,0.0,14.44,14.44,0,0.0,27.109999999999985,72.89000000000001,0.5943705016683979,0.24719101123595505,1.0,0.34909090909090906,0.0,0.46647898853380687,0.7989127276052909,0.0,0.04836875,19.625,4.851123595505618,19.625,good,43.28
35571,28.665432,77.0592631,120,32,57.89,10.63,68.52,0.06,10.8,10.86,0,0.0,20.620000000000005,79.38,0.7825731098771215,0.21052631578947367,0.9944751381215471,0.3321875,0.0,0.578057887824041,0.0,0.0,0.0406375,22.6875,4.776315789473684,22.5621546961326,good,49.04
35598,28.665432,77.1145345,55,14,18.85,29.04,47.89,0.36,17.72,18.08,0,0.0,34.03,65.97,2.369097993244339,0.2028985507246377,0.9800884955752213,2.0742857142857143,0.0,1.2146450507465334,1.8414427683376273,0.0,0.03684375,12.3125,2.4981884057971016,12.067339601769913,good,58.86
35638,28.665432,77.196418,68,15,45.13,8.18,53.31,0.54,14.52,15.06,0,0.0,31.629999999999995,68.37,0.6137685237291315,0.18072289156626506,0.9641434262948206,0.5453333333333333,0.0,0.4785721417985871,1.3399048073267823,0.0,0.0427875,18.8125,3.3998493975903616,18.137948207171313,good,37.48
35649,28.665432,77.218936,81,18,21.57,16.62,38.19,0.3,11.76,12.06,0,0.0,49.75,50.25,1.8486660192048283,0.18181818181818182,0.9751243781094526,0.9233333333333333,0.0,1.0468508212677727,0.7202472878043368,0.0,0.03100625,16.5625,3.0113636363636362,16.15049751243781,good,49.66
35655,28.665432,77.2312185,24,13,8.73,20.6,29.33,5.94,14.47,20.41,0,0.0,50.26,49.74,2.6741054004223206,0.35135135135135137,0.7089661930426262,1.5846153846153848,0.0,1.3013096745747728,1.215175855227099,0.0,0.0369875,8.9375,3.140202702702703,6.336385350318472,good,59.39
35668,28.665432,77.2578307,102,41,53.74,12.16,65.9,0.0,18.77,18.77,0,0.0,15.329999999999998,84.67,0.9950012118511339,0.2867132867132867,1.0,0.2965853658536585,0.0,0.6906446577858196,0.0,0.0,0.0717375,23.1875,6.648164335664336,23.1875,good,57.07
35742,28.6672287,76.9221082,65,1,46.33,0.0,46.33,1.38,16.76,18.14,0,0.0,35.53,64.47,0.0,0.015151515151515152,0.9239250275633959,0.0,0.0,0.0,10.541316938253924,0.0,0.0442125,19.6875,0.29829545454545453,18.189773980154357,neutral,16.71
35784,28.6672287,77.0080859,0,14,0.0,0.0,0.0,18.17,17.88,36.05,0,0.0,63.95,36.05,0.0,1.0,0.49597780859916785,0.0,0.0,0.0,3.7151773992300456,0.0,0.04818125,3.9375,3.9375,1.9529126213592234,good,13.06
35871,28.6672287,77.1861826,36,15,31.99,7.85,39.84,0.11,13.19,13.3,0,0.0,46.86,53.14,0.788152610441767,0.29411764705882354,0.9917293233082706,0.5233333333333333,0.0,0.5811830257050634,2.2773330921153376,0.0,0.03535,10.25,3.014705882352941,10.165225563909773,good,34.57
35910,28.6672287,77.266019,113,35,57.49,6.92,64.41,0.0,17.86,17.86,0,0.0,17.730000000000004,82.27,0.555439854214886,0.23648648648648649,1.0,0.1977142857142857,0.0,0.4417583700794644,0.0,0.0,0.0667,27.3125,6.459037162162162,27.3125,good,49.54
35912,28.6672287,77.2701132,131,28,46.93,8.32,55.25,0.0,13.91,13.91,0,0.0,30.840000000000003,69.16,0.7315547851486227,0.1761006289308176,1.0,0.29714285714285715,0.0,0.5490197246419927,0.39944951554376723,0.0,0.05343125,30.75,5.415094339622641,30.75,good,46.01
35931,28.6672287,77.3090079,45,9,28.61,4.08,32.69,7.42,16.1,23.52,0,0.0,43.790000000000006,56.209999999999994,0.41460589254023983,0.16666666666666666,0.6845238095238096,0.45333333333333337,0.0,0.3468509711280002,2.329410386975669,0.0003625,0.03744375,16.4375,2.739583333333333,11.25186011904762,good,25.94
35959,28.6690253,76.8791193,6,7,1.55,0.0,1.55,0.0,10.09,10.09,0,0.0,88.36,11.64,0.0,0.5384615384615384,1.0,0.0,0.0,0.0,9.20915682027087,0.0,0.02443125,3.1875000000000004,1.716346153846154,3.1875000000000004,neutral,6.75
35998,28.6690253,76.9589558,7,8,1.37,0.0,1.37,2.96,10.88,13.84,0,0.0,84.79,15.209999999999994,0.0,0.5333333333333333,0.7861271676300579,0.0,0.0,0.0,8.0405483304599,0.0,0.0258625,3.5625,1.9,2.800578034682081,neutral,7.26
36049,28.6690253,77.0633573,89,9,59.12,1.94,61.06,0.15,16.02,16.17,0,0.0,22.77000000000001,77.22999999999999,0.10554439083002756,0.09183673469387756,0.9907235621521334,0.21555555555555556,0.0,0.10033787503658059,0.0,0.0,0.04928125,22.875,2.100765306122449,22.66280148423005,good,28.49
36087,28.6690253,77.1411466,28,11,52.88,8.76,61.64,1.99,17.77,19.76,0,0.0,18.59999999999999,81.4,0.5094787720038503,0.28205128205128205,0.8992914979757084,0.7963636363636364,0.0,0.41176440713367657,0.0,0.0,0.0415625,10.75,3.032051282051282,9.667383603238866,good,37.48
36091,28.6690253,77.149335,28,6,35.38,3.41,38.790000000000006,0.33,14.4,14.73,0,0.0,46.48,53.52,0.24679247961372594,0.17647058823529413,0.9775967413441955,0.5683333333333334,0.0,0.22057423714255386,0.7988853343106364,0.0,0.02995,9.75,1.7205882352941178,9.531568228105906,good,22.29
36118,28.6690253,77.2046064,52,17,39.47,8.29,47.76,7.03,10.46,17.49,0,0.0,34.75,65.25,0.7237997961046223,0.2463768115942029,0.5980560320182963,0.4876470588235294,0.0,0.5445310379486524,1.0757879333690923,0.0,0.03056875,10.562499999999998,2.6023550724637676,6.316966838193253,good,34.89
36227,28.6708219,76.940532,11,16,2.3,0.0,2.3,21.53,12.0,33.53,0,0.0,64.17,35.83,0.0,0.5925925925925926,0.35788845809722636,0.0,0.0,0.0,9.752826242614852,0.0,0.03001875,5.25,3.1111111111111107,1.8789144050104385,neutral,11.27
36251,28.6708219,76.9896621,0,2,0.0,0.0,0.0,0.0,0.0,0.0,1,0.52,99.48,0.0,0.0,0.0,0.0,0.0,0.41871033485818504,0.0,5.118979212881024,0.00108125,0.00771875,2.25,0.0,0.0,neutral,1.0
36256,28.6708219,76.9998975,41,2,43.73,3.38,47.11,0.1,13.7,13.8,0,0.0,39.09,60.91,0.11371626517591822,0.046511627906976744,0.9927536231884057,0.0,0.0,0.10770240993981045,4.198767341726754,0.0,0.03249375,12.125,0.563953488372093,12.037137681159418,neutral,19.44
36274,28.6708219,77.0367451,8,1,3.59,1.52,5.109999999999999,0.0,5.21,5.21,0,0.0,89.68,10.319999999999993,0.29745596868884544,0.1111111111111111,1.0,0.0,0.0,0.2604053999821581,1.279020222148989,0.0,0.01585625,3.9375,0.4375,3.9375,neutral,8.36
36301,28.6708219,77.0920165,35,6,32.21,9.37,41.58,2.04,22.84,24.88,0,0.0,33.53999999999999,66.46000000000001,0.6326338532871513,0.14634146341463414,0.9180064308681672,1.5616666666666665,0.0,0.49019457163242863,1.8085036361215512,0.0,0.04366875,10.562499999999998,1.5457317073170729,9.696442926045014,good,28.33
36321,28.6708219,77.1329583,22,14,15.89,17.48,33.370000000000005,6.66,15.08,21.74,0,0.0,44.89,55.11,2.046522253857863,0.3888888888888889,0.6936522539098436,1.2485714285714287,0.0,1.1140006954090493,0.8234685303769015,0.0,0.03326875,9.875000000000002,3.8402777777777786,6.849816007359707,good,53.58
36351,28.6708219,77.1943709,53,10,42.04,3.96,46.0,2.59,13.75,16.34,0,0.0,37.66,62.34,0.29781193934355865,0.15873015873015872,0.8414932680538556,0.396,0.0,0.2606797228417317,1.4123905755351358,0.0,0.03213125,10.125,1.607142857142857,8.520119339045287,good,25.0
36366,28.6708219,77.2250773,26,6,21.8,7.06,28.86,1.1,8.52,9.62,0,0.0,61.52,38.48,0.6867611139891436,0.1875,0.8856548856548857,1.1766666666666665,0.0,0.5228101894997738,1.5601412016944438,0.0,0.0180875,8.1875,1.53515625,7.251299376299377,good,25.04
36393,28.6708219,77.2803487,44,19,33.3,13.58,46.88,11.06,17.23,28.29,0,0.0,24.83,75.17,1.2519578397732591,0.30158730158730157,0.6090491339696006,0.7147368421052631,0.0,0.8117999888647479,1.0186472495398917,0.0,0.043675,14.25,4.2976190476190474,8.678950159066808,good,47.58
36403,28.6708219,77.3008195,74,14,29.0,4.79,33.79,0.39,13.41,13.8,0,0.0,52.41,47.59,0.553832670996295,0.1590909090909091,0.9717391304347825,0.34214285714285714,0.0,0.4407245698263839,1.997441337491862,0.00079375,0.0362875,17.875,2.84375,17.369836956521738,good,28.66
36414,28.6708219,77.3233375,16,5,31.55,1.78,33.33,16.2,13.93,30.13,1,7.649999999999999,28.89,63.46,0.13805080261877162,0.23809523809523808,0.4623299037504149,0.356,2.157559320943788,0.12931697672772408,3.7527483168381712,5.625e-05,0.0319,6.3125,1.5029761904761905,2.918457517424494,good,18.28
36493,28.6726185,76.9978504,72,5,44.7,1.14,45.84,1.38,13.35,14.73,0,0.0,39.42999999999999,60.57000000000001,0.06428571664097114,0.06493506493506493,0.9063136456211812,0.22799999999999998,0.0,0.06230388554914786,4.30189067012644,0.0,0.03924375,16.875,1.0957792207792207,15.294042769857434,good,19.94
36530,28.6726185,77.0735927,87,24,55.74,6.04,61.78,0.0,13.75,13.75,0,0.0,24.469999999999985,75.53000000000002,0.45401248601876554,0.21621621621621623,1.0,0.25166666666666665,0.0,0.3743269664326171,0.0,0.0,0.04184375,21.875000000000004,4.729729729729731,21.875000000000004,good,41.91
36578,28.6726185,77.171853,37,18,23.03,7.89,30.92,8.82,14.23,23.05,0,0.0,46.03,53.97,1.0839633920139031,0.32727272727272727,0.617353579175705,0.4383333333333333,0.0,0.7342715575246942,3.022285215374652,0.0,0.0430625,11.25,3.6818181818181817,6.945227765726681,good,38.13
36594,28.6726185,77.2046064,66,33,45.02,10.11,55.13,1.0,8.43,9.43,0,0.0,35.44,64.56,0.9329629843105555,0.3333333333333333,0.8939554612937434,0.30636363636363634,0.0,0.6590540506949666,0.7991023403311625,0.0,0.031225,15.6875,5.229166666666666,14.023926299045598,good,48.37
36603,28.6726185,77.2230302,15,3,19.25,7.53,26.78,6.49,6.12,12.61,0,0.0,60.61,39.39,0.5623599701269604,0.16666666666666666,0.48532910388580497,2.5100000000000002,0.0,0.44619747949364097,1.610537553102966,0.0,0.0145625,5.4375,0.90625,2.6389770023790646,good,20.61
36626,28.6726185,77.2701132,40,21,15.93,8.46,24.39,10.11,13.88,23.99,1,12.62,39.0,48.38,1.5468139193797268,0.3442622950819672,0.5785744060025011,0.4028571428571429,2.611539300721366,0.9348431345846727,0.7202320958270639,0.0,0.03674375,10.5,3.6147540983606556,6.075031263026261,good,42.66
36665,28.6744152,76.8627426,0,1,0.0,0.0,0.0,0.0,0.0,0.0,0,0.0,100.0,0.0,0.0,0.0,0.0,0.0,0.0,0.0,8.648129210923601,0.0,0.00453125,2.25,0.0,0.0,neutral,1.0
36755,28.6744152,77.0469806,71,7,38.48,3.34,41.81999999999999,0.06,13.2,13.26,0,0.0,44.92,55.08,0.23959827833572456,0.08974358974358974,0.995475113122172,0.47714285714285715,0.0,0.21478735804353175,0.5649437664776944,0.0,0.03349375,14.4375,1.2956730769230769,14.372171945701357,good,21.85
36776,28.6744152,77.0899694,73,27,39.74,15.01,54.75,2.78,10.18,12.96,0,0.0,32.28999999999999,67.71000000000001,1.3179615959832809,0.27,0.7854938271604938,0.5559259259259259,0.0,0.8406881770422984,1.610134990575413,0.0,0.02799375,14.25,3.8475,11.193287037037036,good,49.69
36789,28.6744152,77.1165816,51,28,43.03,7.07,50.1,0.25,19.13,19.38,0,0.0,30.52000000000001,69.47999999999999,0.6855474178752882,0.35443037974683544,0.9871001031991744,0.2525,0.0,0.5220903881205167,2.123321781851672,0.0,0.049675,23.625,8.373417721518987,23.320239938080494,good,52.75
36801,28.6744152,77.1411466,38,10,12.02,3.74,15.76,29.36,9.81,39.17,0,0.0,45.07,54.93,0.8209564881791557,0.20833333333333334,0.2504467704876181,0.374,0.0,0.5993619059949501,0.5993295351213014,0.0,0.03328125,9.8125,2.0442708333333335,2.4575089354097526,good,24.39
36870,28.6744152,77.2823957,27,8,28.93,12.84,41.77,0.51,12.0,12.51,0,0.0,45.72,54.28,0.9744275082240671,0.22857142857142856,0.9592326139088729,1.605,0.0,0.6802784870792358,1.412359462777596,0.0,0.0235,13.6875,3.1285714285714286,13.129496402877699,good,38.28
36917,28.6762118,76.8914018,9,2,2.63,0.0,2.63,2.44,3.72,6.16,0,0.0,91.21,8.790000000000006,0.0,0.18181818181818182,0.6038961038961039,0.0,0.0,0.0,8.58077106827823,0.0,0.01355625,4.5,0.8181818181818182,2.7175324675324677,neutral,4.35
36957,28.6762118,76.9732854,55,2,11.42,0.59,12.01,3.26,11.95,15.21,0,0.0,72.78,27.22,0.07786243758746728,0.03508771929824561,0.7856673241288625,0.0,0.0,0.0749798554270886,6.50172199164663,0.0,0.028725,12.6875,0.4451754385964912,9.968154174884944,neutral,7.35
36990,28.6762118,77.0408393,89,7,49.88,2.54,52.42,0.03,15.15,15.18,0,0.0,32.39999999999999,67.60000000000001,0.14536436474628003,0.07291666666666667,0.9980237154150198,0.3628571428571429,0.0,0.1357228088700009,0.5649458205083356,0.0,0.03995625,17.5625,1.2805989583333335,17.527791501976285,good,23.8
37125,28.6762118,77.3171962,23,15,23.77,18.57,42.34,12.77,8.79,21.56,0,0.0,36.1,63.9,1.754369390647142,0.39473684210526316,0.4076994434137291,1.238,0.0,1.0131885200872908,2.9961353084435287,0.0,0.02550625,7.375,2.911184210526316,3.006783395176252,good,49.29
37210,28.6780084,77.0039917,0,2,0.0,0.0,0.0,0.0,1.59,1.59,0,0.0,98.41,1.5900000000000034,0.0,0.0,0.0,0.0,0.0,0.0,3.538709142167461,0.0,0.00770625,2.375,0.0,0.0,neutral,1.0
37233,28.6780084,77.0510747,66,24,53.27,11.15,64.42,0.0,10.15,10.15,0,0.0,25.43,74.57,0.803772066376718,0.26666666666666666,1.0,0.46458333333333335,0.0,0.5898800646425997,0.0,0.0,0.031925,15.125,4.033333333333333,15.125,good,45.77
37253,28.6780084,77.0920165,36,18,30.32,12.47,42.79,0.11,15.59,15.7,0,0.0,41.510000000000005,58.489999999999995,1.2379447556120942,0.3333333333333333,0.9929936305732484,0.6927777777777778,0.0,0.8055579248719663,1.8946636930627048,0.0,0.04169375,17.375,5.791666666666666,17.25326433121019,good,50.65
37262,28.6780084,77.1104403,34,10,26.36,6.47,32.83,10.34,13.27,23.61,1,0.66,42.900000000000006,56.44,0.681770410374149,0.22727272727272727,0.5620499788225328,0.647,0.5068176023684519,0.5198470542400911,2.838858800349562,0.0,0.0439375,13.062499999999998,2.9687499999999996,7.341777848369334,good,30.62
37291,28.6780084,77.1698059,97,29,30.92,6.75,37.67,0.38,19.48,19.86,0,0.0,42.47,57.53,0.8792543541374436,0.23015873015873015,0.9808660624370594,0.23275862068965517,0.0,0.6308750780276293,2.9690393140729205,2.5e-05,0.05465,25.3125,5.825892857142857,24.828172205438065,good,43.83
37403,28.679805,76.9118727,86,0,34.54,0.0,34.54,0.0,17.34,17.34,0,0.0,48.120000000000005,51.879999999999995,0.0,0.0,1.0,0.0,0.0,0.0,8.845511249477086,0.0,0.04940625,19.9375,0.0,19.9375,neutral,12.03
37440,28.679805,76.987615,21,1,23.8,6.53,30.33,0.55,12.16,12.71,0,0.0,56.96,43.04,0.21529838443785032,0.045454545454545456,0.9567269866247049,0.0,0.0,0.19498963054118748,5.055869231966337,0.0,0.0229625,6.9375,0.3153409090909091,6.63729346970889,neutral,14.82
37442,28.679805,76.9917092,0,2,0.0,0.0,0.0,0.0,2.78,2.78,0,0.0,97.22,2.780000000000001,0.0,0.0,1.0,0.0,0.0,0.0,4.6619289104971395,0.0,0.0047625,2.25,0.0,2.25,neutral,1.0
37468,28.679805,77.0449335,41,5,50.54,11.98,62.52,0.0,10.18,10.18,0,0.0,27.3,72.7,0.49532710746384273,0.10869565217391304,1.0,2.396,0.0,0.4023449838883656,0.0,0.0,0.0250375,6.375000000000001,0.6929347826086957,6.375000000000001,good,30.38
37480,28.679805,77.0694985,116,26,54.84,10.52,65.36,0.0,11.34,11.34,0,0.0,23.3,76.7,0.7653215502258214,0.18309859154929578,1.0,0.4046153846153846,0.0,0.5683328552232987,0.0,0.0,0.03895625,18.6875,3.421654929577465,18.6875,good,43.63
37491,28.679805,77.0920165,15,12,16.59,23.17,39.760000000000005,7.45,15.01,22.46,0,0.0,37.78,62.22,2.156418216029404,0.4444444444444444,0.6682991985752449,1.9308333333333334,0.0,1.1494379087890747,1.9669935844926119,0.0,0.03496875,7.8125,3.472222222222222,5.221087488869101,good,56.11
37499,28.679805,77.1083932,37,4,37.41,2.04,39.45,0.14,19.34,19.48,0,0.0,41.07,58.93,0.12006928551508793,0.0975609756097561,0.9928131416837782,0.51,0.0,0.11339054546066721,2.6044001852286525,0.0,0.03886875,11.6875,1.1402439024390245,11.603503593429158,good,18.86
37518,28.679805,77.1472879,28,12,43.29,14.35,57.64,0.05,11.17,11.22,0,0.0,31.14,68.86,0.9212579797939742,0.3,0.9955436720142602,1.1958333333333333,0.0,0.6529801693006764,1.340043833084047,0.0,0.0321625,9.25,2.775,9.208778966131907,good,41.48
37546,28.679805,77.2046064,43,36,35.57,26.71,62.28,0.17,13.28,13.45,0,0.0,24.27000000000001,75.72999999999999,2.2341762908790823,0.45569620253164556,0.9873605947955391,0.7419444444444445,0.0,1.1737742713819708,0.0,0.0,0.040425,15.5,7.063291139240506,15.304089219330855,good,75.45
37603,28.679805,77.3212904,35,14,9.84,8.88,18.72,0.46,20.84,21.3,0,0.0,59.98,40.02,1.8532686158655798,0.2857142857142857,0.9784037558685446,0.6342857142857143,0.0,1.0484652198727942,2.9691112168735954,0.0,0.05651875,19.25,5.5,18.834272300469483,good,51.14
37639,28.6816016,76.9077786,53,7,16.09,1.34,17.43,4.03,12.7,16.73,0,0.0,65.84,34.16,0.23063683304647165,0.11666666666666667,0.7591153616258218,0.19142857142857145,0.0,0.20753178584209647,8.498274604576004,0.0,0.03231875,12.3125,1.4364583333333334,9.346607890017932,good,14.36
37641,28.6816016,76.9118727,75,8,20.64,1.68,22.32,11.58,14.38,25.96,0,0.0,51.72,48.28,0.2385965054849052,0.0963855421686747,0.5539291217257319,0.21,0.0,0.21397888817512206,8.665446185250534,0.0,0.04305625,17.9375,1.7289156626506026,9.936103620955317,good,16.94
37644,28.6816016,76.918014,70,3,34.85,0.6,35.45,0.0,15.22,15.22,1,0.4,48.93,50.67,0.033850493653032436,0.0410958904109589,1.0,0.19999999999999998,0.33647223662121295,0.03329017535452399,8.943811903962159,0.0,0.05735625,15.937499999999998,0.6549657534246575,15.937499999999998,good,14.82
37654,28.6816016,76.9384849,28,0,16.73,0.0,16.73,2.55,21.83,24.38,0,0.0,58.89,41.11,0.0,0.0,0.8954060705496308,0.0,0.0,0.0,9.803197450493167,0.0,0.0402875,7.6875,0.0,6.883434167350287,neutral,6.34
37701,28.6816016,77.034698,44,14,42.26,10.2,52.46,11.82,4.93,16.75,0,0.0,30.790000000000006,69.21,0.7596317970874359,0.2413793103448276,0.2943283582089552,0.7285714285714285,0.0,0.5651045809630701,0.7202109568391,0.0,0.0274,9.5,2.293103448275862,2.796119402985074,good,35.97
37716,28.6816016,77.0654044,45,22,24.49,16.6,41.09,11.92,13.11,25.03,0,0.0,33.879999999999995,66.12,1.8274793981636996,0.3283582089552239,0.5237714742309229,0.7545454545454546,0.0,1.0393856427441754,0.44656495391718176,0.0,0.03503125,9.6875,3.1809701492537314,5.074036156612065,good,50.8
37727,28.6816016,77.0879223,22,11,27.7,29.23,56.93,0.05,9.54,9.59,0,0.0,33.480000000000004,66.52,1.840654380749682,0.3333333333333333,0.994786235662148,2.6572727272727272,0.0,1.0440344413884115,1.7181282218833986,0.0,0.0222375,5.75,1.9166666666666665,5.720020855057351,good,52.18
37759,28.6816016,77.1534292,15,7,37.6,11.18,48.78,7.35,12.09,19.44,0,0.0,31.78,68.22,0.6875768757687576,0.3181818181818182,0.6219135802469136,1.5971428571428572,0.0,0.5232936987380199,1.8415749352894069,0.0,0.02518125,6.5625,2.0880681818181817,4.08130787037037,good,33.1
37810,28.6816016,77.2578307,91,39,48.06,13.1,61.16,0.2,17.38,17.58,0,0.0,21.260000000000005,78.74,1.1399159261449388,0.3,0.9886234357224118,0.33589743589743587,0.0,0.7607665414138522,0.0,0.0,0.0525,26.625,7.9875,26.322098976109217,good,61.8
37814,28.6816016,77.266019,139,19,50.05,3.85,53.9,0.0,13.36,13.36,0,0.0,32.74000000000001,67.25999999999999,0.30870914963481166,0.12025316455696203,1.0,0.2026315789473684,0.0,0.26904126944693557,0.6315210013396024,0.0,0.05066875,26.625,3.2017405063291138,26.625,good,32.57
37815,28.6816016,77.2680661,142,46,41.89,14.82,56.71,4.84,17.26,22.1,0,0.0,21.19,78.81,1.4515783244906115,0.24468085106382978,0.7809954751131222,0.32217391304347825,0.0,0.896732031217623,0.44657252534723235,0.0,0.0544375,28.5,6.973404255319148,22.258371040723983,good,61.86
37819,28.6816016,77.2762545,106,16,32.09,1.55,33.64,5.53,17.13,22.66,1,0.13,43.57,56.3,0.18833434613371064,0.13114754098360656,0.7559576345984113,0.096875,0.12221763272424921,0.17255261748421888,0.4465725253461224,0.0,0.0548125,23.999999999999996,3.147540983606557,18.142983230361867,good,24.16
37837,28.6816016,77.3131021,26,5,26.56,3.15,29.71,3.57,15.26,18.83,0,0.0,51.46,48.54,0.2740704098711424,0.16129032258064516,0.8104089219330856,0.63,0.0,0.2422168223976567,2.277381555429159,0.0,0.03786875,11.375,1.8346774193548387,9.218401486988848,good,20.15
37841,28.6816016,77.3212904,25,24,7.69,20.41,28.1,0.54,13.08,13.62,1,0.35,57.93,41.72,3.372993054565912,0.4897959183673469,0.960352422907489,0.8504166666666667,0.30010459245033805,1.4754476841756718,2.8385305104888703,0.0,0.03558125,11.312500000000002,5.540816326530613,10.863986784140971,good,76.66
37903,28.6833983,76.9610029,42,4,15.18,7.07,22.25,0.21,12.19,12.4,0,0.0,65.35,34.650000000000006,0.7377991744203889,0.08695652173913043,0.9830645161290322,1.7675,0.0,0.5526194703511494,7.598701831026814,0.0,0.02988125,10.375,0.9021739130434783,10.19929435483871,good,21.74
37928,28.6833983,77.0121801,35,3,26.33,5.13,31.46,10.93,10.19,21.12,0,0.0,47.42,52.58,0.32612841703750794,0.07894736842105263,0.48248106060606055,1.71,0.0,0.2822637325024399,2.626524286133889,0.0,0.03261875,8.3125,0.65625,4.010623816287878,good,17.86
37947,28.6833983,77.0510747,41,19,48.54,15.57,64.11,0.0,5.76,5.76,0,0.0,30.129999999999995,69.87,1.0496400005833137,0.31666666666666665,1.0,0.8194736842105264,0.0,0.7176641682576138,0.0,0.0,0.0310875,12.3125,3.8989583333333333,12.3125,good,48.88
37949,28.6833983,77.0551689,60,17,53.1,13.29,66.39,0.09,8.96,9.05,0,0.0,24.56,75.44,0.8347387147035447,0.22077922077922077,0.9900552486187846,0.7817647058823529,0.0,0.6069020815608099,0.0,0.0,0.0394875,16.625,3.6704545454545454,16.459668508287294,good,45.74
37955,28.6833983,77.0674515,43,27,33.01,17.9,50.91,0.41,4.26,4.67,0,0.0,44.42,55.58,1.6902701454494422,0.38571428571428573,0.9122055674518201,0.6629629629629629,0.0,0.9896416143890494,0.4466774220859958,0.0,0.017075,10.5,4.05,9.578158458244111,good,54.57
37998,28.6833983,77.1554763,28,17,21.69,13.99,35.68,10.09,16.28,26.37,0,0.0,37.95,62.05,1.6350126336933282,0.37777777777777777,0.6173682214637847,0.8229411764705883,0.0,0.9688879765523547,2.123330405296764,0.0,0.03863125,12.125,4.580555555555556,7.485589685248389,good,50.52
38018,28.6833983,77.196418,45,20,32.29,14.83,47.12,6.29,20.69,26.98,1,8.28,17.620000000000005,74.1,1.3823868289433157,0.3076923076923077,0.7668643439584878,0.7415,2.2278615467981093,0.8681028544498353,0.8931462034840052,0.0,0.0618125,13.9375,4.288461538461538,10.688171793921423,good,49.56
38047,28.6833983,77.2557836,26,22,26.24,13.79,40.03,7.85,20.84,28.69,0,0.0,31.28,68.72,1.5583292374225883,0.4583333333333333,0.7263855001742767,0.6268181818181818,0.0,0.9393544037964122,0.2824747201578821,0.0,0.0399125,9.3125,4.268229166666666,6.764464970372952,good,49.82
38055,28.6833983,77.2721603,85,28,59.81,5.48,65.29,0.04,11.25,11.29,0,0.0,23.42,76.58,0.40774599254555205,0.24778761061946902,0.9964570416297609,0.19571428571428573,0.0,0.34198983843964326,0.0,0.0,0.0447125,24.0625,5.962389380530974,23.97724756421612,good,46.12
38061,28.6833983,77.2844428,94,33,37.18,14.58,51.76,0.24,18.25,18.49,0,0.0,29.75,70.25,1.4330604371219078,0.25984251968503935,0.9870200108166577,0.44181818181818183,0.0,0.889149904069069,0.44666877362717894,0.0,0.0597125,25.4375,6.609744094488189,25.10732152514873,good,58.89
38117,28.6851949,76.9118727,28,0,16.27,0.0,16.27,7.28,13.47,20.75,0,0.0,62.98,37.02,0.0,0.0,0.6491566265060241,0.0,0.0,0.0,8.308009680765291,0.0,0.03634375,6.0625,0.0,3.9355120481927712,neutral,6.19
38144,28.6851949,76.9671441,58,3,40.12,0.93,41.05,0.0,14.57,14.57,1,10.04,34.34,55.62,0.04531059683313034,0.04918032786885246,1.0,0.31,2.401525040848949,0.04431406310499612,6.991923192350675,4.375e-05,0.03351875,13.875,0.6823770491803278,13.875,good,16.86
38184,28.6851949,77.0490277,77,25,58.38,11.07,69.45,0.05,13.86,13.91,0,0.0,16.639999999999986,83.36000000000001,0.7492277563689256,0.24509803921568626,0.9964054636951832,0.4428,0.0,0.5591744084669351,0.0,0.0,0.07821875,22.875,5.606617647058823,22.792774982027318,good,51.39
38258,28.6851949,77.2005122,43,11,35.02,8.68,43.7,0.44,15.94,16.38,0,0.0,39.92,60.08,0.7120703548343165,0.2037037037037037,0.9731379731379731,0.7890909090909091,0.0,0.5377033719886719,0.7202147563718898,0.0,0.0453875,13.75,2.8009259259259256,13.38064713064713,good,34.03
38314,28.6851949,77.3151492,22,4,9.87,2.44,12.31,10.2,11.36,21.56,0,0.0,66.13,33.870000000000005,0.4602359505706875,0.15384615384615385,0.5269016697588126,0.61,0.0,0.378598032642682,2.1230463985049,0.0,0.03585,8.3125,1.278846153846154,4.379870129870129,good,15.63
38362,28.6869915,76.9262023,53,12,21.08,13.62,34.7,8.19,11.32,19.51,0,0.0,45.79,54.21,1.4524492495988954,0.18461538461538463,0.5802152742183495,1.135,0.0,0.8970872189094874,8.869163187893909,0.0,0.0381,11.624999999999998,2.146153846153846,6.745002562788312,good,40.06
38363,28.6869915,76.9282494,98,7,42.91,1.46,44.37,0.05,17.2,17.25,0,0.0,38.38,61.62,0.09871534820824883,0.06666666666666667,0.9971014492753623,0.20857142857142857,0.0,0.09414163205303808,8.987441732040537,0.0,0.0516125,18.5,1.2333333333333334,18.446376811594202,good,20.4
38384,28.6869915,76.9712383,60,5,34.71,0.52,35.230000000000004,10.73,13.82,24.55,0,0.0,40.21999999999999,59.78000000000001,0.03815442805492481,0.07692307692307693,0.5629327902240325,0.10400000000000001,0.0,0.037444548297238804,6.5896345595897685,0.0,0.04589375,14.0,1.076923076923077,7.881059063136456,good,16.11
38417,28.6869915,77.0387922,28,5,48.25,14.52,62.77,1.01,12.4,13.41,0,0.0,23.820000000000007,76.17999999999999,0.5979553211800411,0.15151515151515152,0.9246830723340791,2.904,0.0,0.4687248877417282,0.0,0.0,0.02965625,8.625,1.3068181818181819,7.975391498881432,good,33.86
38418,28.6869915,77.0408393,26,6,49.85,9.71,59.56,0.1,10.53,10.63,0,0.0,29.81,70.19,0.4576799243314194,0.1875,0.9905926622765756,1.6183333333333334,0.0,0.37684607884920235,0.19968708078752914,0.0,0.02521875,6.5625,1.23046875,6.500764346190027,good,30.53
38431,28.6869915,77.0674515,168,6,27.98,1.26,29.24,0.15,11.05,11.2,0,0.0,59.56,40.44,0.12097357051274217,0.034482758620689655,0.986607142857143,0.21,0.0,0.11419756710623798,0.8236736739491837,0.0,0.0422875,24.6875,0.8512931034482758,24.35686383928572,good,14.73
38446,28.6869915,77.0981578,53,19,29.89,10.45,40.34,0.34,13.05,13.39,0,0.0,46.27,53.73,1.119587223390504,0.2638888888888889,0.9746079163554892,0.5499999999999999,0.0,0.7512213637783817,1.4543356804704635,0.0,0.027575,9.1875,2.4244791666666665,8.954210231516056,good,37.81
38453,28.6869915,77.1124874,8,0,2.49,0.0,2.49,0.66,21.13,21.79,0,0.0,75.72,24.28,0.0,0.0,0.9697108765488757,0.0,0.0,0.0,2.27707224549856,0.0,0.03681875,4.937500000000001,0.0,4.787947452960075,neutral,1.79
38486,28.6869915,77.1800413,11,0,1.47,0.0,1.47,0.93,2.67,3.6,0,0.0,94.93,5.069999999999993,0.0,0.0,0.7416666666666666,0.0,0.0,0.0,2.526044692958706,0.0,0.0096,4.25,0.0,3.152083333333333,neutral,1.47
38493,28.6869915,77.1943709,41,15,18.65,16.25,34.9,11.5,16.4,27.9,0,0.0,37.2,62.8,1.8624641833810889,0.26785714285714285,0.5878136200716846,1.0833333333333333,0.0,1.0516828564461265,1.278869117075937,0.0,0.0435625,12.875,3.448660714285714,7.568100358422939,good,50.16
38538,28.6869915,77.2864899,80,23,57.84,8.02,65.86,0.32,14.42,14.74,1,0.41,18.99000000000001,80.6,0.5583267424200375,0.22330097087378642,0.9782903663500678,0.348695652173913,0.3435897043900769,0.4436126446005189,0.0,0.0,0.05534375,22.0,4.9126213592233015,21.52238805970149,good,45.31
38593,28.6887881,76.9118727,54,0,31.86,0.0,31.86,0.4,17.06,17.46,0,0.0,50.68,49.32,0.0,0.0,0.9770904925544099,0.0,0.0,0.0,7.954592306128068,0.0,0.04596875,8.5625,0.0,8.366337342497134,neutral,11.17
38594,28.6887881,76.9139198,50,2,22.99,1.79,24.78,5.04,20.29,25.33,0,0.0,49.89000000000001,50.10999999999999,0.11449083439430466,0.038461538461538464,0.8010264508487959,0.0,0.0,0.10839764984792795,8.051687107905902,0.0,0.0523375,11.312500000000002,0.43509615384615397,9.061611725227005,neutral,11.93
38601,28.6887881,76.9282494,121,10,41.57,2.53,44.1,2.42,13.4,15.82,0,0.0,40.08,59.92,0.19846625839347756,0.07633587786259542,0.8470290771175727,0.253,0.0,0.1810426212990618,8.82836469632213,0.0,0.0460375,18.0625,1.3788167938931297,15.299462705436158,good,22.23
38607,28.6887881,76.940532,70,3,43.32,0.47,43.79,0.0,14.58,14.58,0,0.0,41.63,58.37,0.02146608814797899,0.0410958904109589,1.0,0.15666666666666665,0.0,0.021238936631449754,9.586920513250362,0.0,0.04293125,13.3125,0.5470890410958904,13.3125,good,16.97
38610,28.6887881,76.9466732,7,3,2.72,2.39,5.11,18.02,8.82,26.84,1,0.5,67.55,31.950000000000003,0.9354207436399217,0.3,0.3286140089418778,0.7966666666666667,0.4054651081081644,0.6603247414190077,8.988012955449062,0.0,0.03735,5.6875,1.70625,1.8689921758569301,good,21.64
38661,28.6887881,77.0510747,80,17,49.7,7.71,57.41,0.1,11.95,12.05,0,0.0,30.540000000000006,69.46,0.5600090883316535,0.17525773195876287,0.9917012448132779,0.4535294117647059,0.0,0.4446916470980995,0.4466628811092605,0.0,0.05289375,21.1875,3.7132731958762886,21.011670124481327,good,38.96
38662,28.6887881,77.0531218,99,17,38.29,9.02,47.31,0.13,14.28,14.41,1,0.04,38.24,61.72,0.7950269184740997,0.14655172413793102,0.9909784871616932,0.5305882352941176,0.039220713153281295,0.5850200181921987,0.5649147052670355,0.0,0.05756875,22.5,3.297413793103448,22.297015961138097,good,37.92
38666,28.6887881,77.0613102,96,9,43.66,2.89,46.55,2.14,14.14,16.28,0,0.0,37.17,62.83,0.20623785594467192,0.08571428571428572,0.8685503685503685,0.3211111111111111,0.0,0.18750630600974522,0.8236718856033307,0.0,0.0398625,18.5625,1.5910714285714287,16.122466216216214,good,23.78
38683,28.6887881,77.0961107,4,5,1.0,0.98,1.98,29.12,13.2,42.32,0,0.0,55.7,44.3,0.0,0.5555555555555556,0.31190926275992437,0.196,0.0,0.0,1.21517612829828,0.0,0.02525625,5.3125,2.951388888888889,1.657017958412098,good,10.67
38706,28.6887881,77.1431937,77,24,22.66,8.01,30.67,5.85,19.45,25.3,0,0.0,44.03,55.97,1.2128232174794762,0.2376237623762376,0.7687747035573123,0.33375,0.0,0.7942691742266548,2.2065785382105387,0.0,0.04505,19.0,4.514851485148514,14.606719367588934,good,42.5
38765,28.6887881,77.2639719,160,24,49.91,6.94,56.85,0.39,15.76,16.15,0,0.0,27.0,73.0,0.5669017054887703,0.13043478260869565,0.9758513931888546,0.2891666666666667,0.0,0.4491002335753775,0.9985952095717835,0.0,0.05310625,33.625,4.385869565217392,32.81300309597523,good,40.94
38792,28.6887881,77.3192433,43,8,20.81,2.14,22.95,10.87,11.06,21.93,0,0.0,55.120000000000005,44.879999999999995,0.29558342061379295,0.1568627450980392,0.5043319653442773,0.2675,0.0,0.2589611115472936,2.2326414156035157,0.0,0.031025,9.75,1.5294117647058822,4.917236662106704,good,17.37
38873,28.6905848,76.9978504,21,2,29.17,3.78,32.95,0.0,10.59,10.59,0,0.0,56.46,43.54,0.18182574363356507,0.08695652173913043,1.0,0.0,0.0,0.16706048310186658,4.013591199777725,0.0,0.0267375,7.1875,0.625,7.1875,neutral,16.11
38942,28.6905848,77.1390996,20,2,29.98,0.3,30.28,4.86,15.04,19.9,0,0.0,49.82000000000001,50.17999999999999,0.01570306308508411,0.09090909090909091,0.7557788944723618,0.0,0.0,0.015581045696768636,2.4056095815900504,0.0,0.04316875,8.125,0.7386363636363636,6.14070351758794,neutral,13.16
38946,28.6905848,77.1472879,73,21,35.38,9.74,45.120000000000005,4.37,11.78,16.15,0,0.0,38.73,61.27,0.9626521268955512,0.22340425531914893,0.7294117647058824,0.46380952380952384,0.0,0.6742966845596005,2.4710330984727524,0.0,0.0365,20.5,4.579787234042553,14.95294117647059,good,43.62
39010,28.6905848,77.2783016,54,24,21.36,17.49,38.85,8.91,17.46,26.37,1,12.85,21.930000000000007,65.22,2.090631782732559,0.3076923076923077,0.6621160409556314,0.7287499999999999,2.6282852326333477,1.1283755304417176,0.8930884539448309,0.0,0.05079375,16.25,5.0,10.75938566552901,good,59.53
39019,28.6905848,77.2967254,91,27,53.93,6.14,60.07,0.05,14.44,14.49,0,0.0,25.44,74.56,0.49137937774985324,0.2288135593220339,0.9965493443754313,0.2274074074074074,0.0,0.3997014485878467,0.8236602670121671,0.0,0.0399625,15.937499999999998,3.646716101694915,15.882505175983434,good,38.59
39023,28.6905848,77.3049137,51,12,29.68,1.11,30.79,13.82,15.95,29.77,0,0.0,39.44,60.56,0.13340331559391402,0.19047619047619047,0.5357742693987235,0.09250000000000001,0.0,0.12522489010106524,0.998679227634207,0.0,0.0404125,16.0,3.0476190476190474,8.572388310379576,good,22.13
39032,28.6905848,77.3233375,114,22,31.05,2.31,33.36,7.33,14.16,21.49,0,0.0,45.15,54.85,0.3132322577485522,0.16176470588235295,0.6589111214518382,0.105,0.0,0.27249147057491163,2.5257978881870313,0.0,0.04808125,21.1875,3.4273897058823533,13.960679385760821,good,26.77
39060,28.6923814,76.8934489,0,2,0.0,0.0,0.0,0.24,2.98,3.22,0,0.0,96.78,3.219999999999999,0.0,0.0,0.9254658385093167,0.0,0.0,0.0,6.888171055796769,0.0,0.01046875,2.25,0.0,2.0822981366459627,neutral,1.0
39077,28.6923814,76.9282494,37,18,15.25,13.38,28.630000000000003,11.14,7.88,19.02,0,0.0,52.35,47.65,1.9852347233627372,0.32727272727272727,0.41430073606729756,0.7433333333333334,0.0,1.0936783780454258,8.515348507551753,0.0,0.02383125,8.5,2.7818181818181817,3.5215562565720293,good,47.92
39080,28.6923814,76.9343907,60,4,38.52,1.11,39.63,0.0,10.32,10.32,0,0.0,50.05,49.95,0.06503507911493747,0.0625,1.0,0.2775,0.0,0.06300773675503146,8.90646799883459,0.0,0.03294375,11.5625,0.72265625,11.5625,good,16.83
39089,28.6923814,76.9528145,40,8,44.11,4.33,48.44,1.07,10.15,11.22,0,0.0,40.34,59.66,0.2833562191627831,0.16666666666666666,0.9046345811051694,0.54125,0.0,0.24947869258643202,8.40798018562925,0.0,0.0265625,10.125,1.6875,9.15942513368984,good,25.81
39105,28.6923814,76.9855679,4,2,15.03,0.0,15.03,0.07,9.53,9.6,0,0.0,75.37,24.629999999999995,0.0,0.3333333333333333,0.9927083333333333,0.0,0.0,0.0,5.226179945543236,0.0,0.02030625,2.9375,0.9791666666666666,2.9160807291666666,neutral,8.8
39203,28.6923814,77.1861826,34,3,21.61,4.1,25.71,9.16,11.11,20.27,0,0.0,54.02,45.98,0.3189420458965383,0.08108108108108109,0.5481006413418845,1.3666666666666665,0.0,0.2768299348597491,2.277169599188974,0.0,0.0311375,9.5,0.7702702702702703,5.206956092747903,good,16.27
39212,28.6923814,77.2046064,32,14,18.57,8.0,26.57,4.74,18.91,23.65,1,7.56,42.22,50.22,1.1763313799348194,0.30434782608695654,0.7995771670190276,0.5714285714285714,2.1471001901536506,0.7776406059719555,1.3984318754524638,0.0,0.0484625,10.937500000000002,3.328804347826088,8.745375264270615,good,37.02
39242,28.6923814,77.266019,103,15,44.27,4.36,48.63,1.52,15.75,17.27,0,0.0,34.099999999999994,65.9,0.3586263623277812,0.1271186440677966,0.9119861030689056,0.2906666666666667,0.0,0.3064741616260999,1.164740215263455,0.0,0.04476875,20.0,2.542372881355932,18.23972206137811,good,29.6
39280,28.694178,76.8566013,12,4,3.62,0.55,4.17,2.85,6.49,9.34,1,7.42,79.07,13.510000000000005,0.30624950891799746,0.25,0.6948608137044968,0.1375,2.130609828254235,0.2671600607829689,6.589248881537045,0.0,0.02075625,4.4375,1.109375,3.083444860813705,good,10.24
39305,28.694178,76.9077786,33,0,24.27,0.0,24.27,5.49,16.49,21.98,0,0.0,53.75,46.25,0.0,0.0,0.7502274795268425,0.0,0.0,0.0,7.237669754437451,0.0,0.0522625,6.75,0.0,5.064035486806187,neutral,8.75
39306,28.694178,76.9098256,17,3,52.93,0.9,53.83,0.58,15.05,15.63,0,0.0,30.539999999999992,69.46000000000001,0.03343860300947427,0.15,0.9628918746001279,0.3,0.0,0.032891691514335936,7.3333794107676935,0.0,0.04190625,5.625,0.84375,5.416266794625719,good,21.26
39309,28.694178,76.9159669,26,2,33.92,1.68,35.6,0.5,13.2,13.7,0,0.0,50.7,49.3,0.07479598318009949,0.07142857142857142,0.9635036496350365,0.0,0.0,0.07213086048025744,7.644644725230247,0.0,0.03556875,7.375,0.5267857142857143,7.105839416058394,neutral,15.08
39310,28.694178,76.918014,40,2,27.6,0.78,28.380000000000003,8.18,15.76,23.94,0,0.0,47.67999999999999,52.32000000000001,0.043561337229122685,0.047619047619047616,0.658312447786132,0.0,0.0,0.0426392260942783,7.755902888252972,0.0,0.04191875,8.0625,0.3839285714285714,5.307644110275689,neutral,11.88
39326,28.694178,76.9507674,21,8,29.62,19.18,48.8,0.61,15.02,15.63,0,0.0,35.56999999999999,64.43,1.245884457534089,0.27586206896551724,0.9609724888035828,2.3975,0.0,0.8090994113305093,8.623306157393898,0.0,0.03126875,7.125,1.9655172413793103,6.846928982725527,good,40.96
39329,28.694178,76.9569087,25,1,55.44,1.21,56.65,0.21,8.86,9.07,0,0.0,34.280000000000015,65.71999999999998,0.021359223300970873,0.038461538461538464,0.9768467475192942,0.0,0.0,0.021134312073973715,8.02703508311176,0.0,0.020875,6.3125,0.24278846153846156,6.166345093715545,neutral,20.15
39348,28.694178,76.9958034,54,2,29.21,2.24,31.450000000000003,11.0,12.5,23.5,0,0.0,45.05,54.95,0.11288763121193608,0.03571428571428571,0.5319148936170213,0.0,0.0,0.10695810691978899,4.268718330919643,0.0,0.03015,13.25,0.4732142857142857,7.047872340425532,neutral,14.15
39379,28.694178,77.0592631,68,22,46.64,10.97,57.61,1.31,14.98,16.29,0,0.0,26.09999999999999,73.9,0.8613691140070376,0.24444444444444444,0.9195825659914059,0.49863636363636366,0.0,0.6213122997485162,0.44652464863340674,0.0,0.06186875,20.3125,4.965277777777778,18.67902087170043,good,47.3
39444,28.694178,77.1923239,63,6,34.46,5.08,39.54,0.0,13.51,13.51,0,0.0,46.95,53.05,0.36068191714852377,0.08695652173913043,1.0,0.8466666666666667,0.0,0.3079859837521695,1.99743142555151,0.0,0.04294375,14.4375,1.2554347826086956,14.4375,good,22.79
39449,28.694178,77.2025593,26,13,19.71,5.55,25.26,5.55,16.49,22.04,0,0.0,52.7,47.3,0.8365328510459106,0.3333333333333333,0.7481851179673321,0.4269230769230769,0.0,0.6078794739727098,1.6106312834188565,0.0,0.04266875,10.25,3.4166666666666665,7.668897459165154,good,31.86
39484,28.694178,77.2742074,118,24,49.08,5.78,54.86,0.0,16.73,16.73,0,0.0,28.41,71.59,0.48927248955337055,0.16901408450704225,1.0,0.24083333333333334,0.0,0.39828773867392314,1.2151668492176841,0.0,0.06340625,29.625,5.007042253521127,29.625,good,41.07
39505,28.694178,77.3171962,195,28,31.6,2.61,34.21,0.24,12.35,12.59,0,0.0,53.2,46.8,0.370632282878777,0.12556053811659193,0.9809372517871326,0.09321428571428571,0.0,0.31527215372174605,1.8408915454999029,0.0,0.03565625,24.1875,3.036995515695067,23.726419777601272,good,26.69
39542,28.6959746,76.9057315,85,2,32.62,0.77,33.39,0.18,13.87,14.05,0,0.0,52.56,47.44,0.03655049792019437,0.022988505747126436,0.987188612099644,0.0,0.0,0.035898371359798294,6.968099751535156,0.0,0.0412375,12.0625,0.27729885057471265,11.907962633451957,neutral,13.05
39588,28.6959746,76.9998975,72,11,41.79,3.1,44.89,0.0,13.17,13.17,0,0.0,41.94,58.06,0.24756925266731084,0.13253012048192772,1.0,0.2818181818181818,0.0,0.22119706026290722,3.923164303727545,0.0,0.04929375,15.75,2.0873493975903616,15.75,good,25.38
39614,28.6959746,77.0531218,93,11,54.68,3.06,57.74,0.21,15.41,15.62,1,0.7000000000000001,25.94,73.36,0.18998935317296045,0.10576923076923077,0.9865556978233035,0.2781818181818182,0.5306282510621705,0.17394436016993553,0.44651851848825025,0.0,0.07238125,29.5,3.1201923076923075,29.103393085787456,good,31.79
39619,28.6959746,77.0633573,46,9,65.65,2.99,68.64,0.0,8.69,8.69,0,0.0,22.67,77.33,0.144705201103048,0.16363636363636364,1.0,0.33222222222222225,0.0,0.13514713757052113,0.0,0.0,0.0409625,12.9375,2.1170454545454547,12.9375,good,31.53
39652,28.6959746,77.1309112,32,11,20.45,7.67,28.12,0.29,16.29,16.58,0,0.0,55.3,44.7,0.9778329438311261,0.2558139534883721,0.9825090470446322,0.6972727272727273,0.0,0.6820017725211412,3.1585919751940916,0.0,0.0320875,8.25,2.11046511627907,8.105699638118216,good,30.85
39666,28.6959746,77.1595704,42,5,16.98,7.63,24.61,3.04,10.21,13.25,1,4.35,57.79,37.86,0.8014329085941658,0.10638297872340426,0.7705660377358491,1.526,1.6770965609079151,0.5885824085442439,3.494263191520629,0.00031875,0.0338625,8.75,0.9308510638297872,6.74245283018868,good,23.52
39690,28.6959746,77.2087006,13,2,19.25,1.07,20.32,3.02,9.7,12.72,1,14.07,52.89,33.03999999999999,0.08346013168167506,0.13333333333333333,0.7625786163522011,0.0,2.712706012638404,0.08015974545358676,1.8417980404738297,0.0,0.0372375,4.5,0.6,3.431603773584905,neutral,10.56
39698,28.6959746,77.2250773,132,11,27.23,3.01,30.24,6.95,12.78,19.73,0,0.0,50.03,49.97,0.3568365452106706,0.07692307692307693,0.6477445514445007,0.2736363636363636,0.0,0.30515592054732754,2.687025982086639,0.0,0.0377375,23.9375,1.841346153846154,15.505385200202737,good,21.55
39713,28.6959746,77.2557836,54,19,36.21,6.63,42.84,9.5,22.37,31.87,1,0.18,25.11,74.71000000000001,0.6688698242087584,0.2602739726027397,0.7019140257295262,0.3489473684210526,0.16551443847757338,0.512146645357877,1.6106308586244156,0.0,0.05093125,17.0625,4.4409246575342465,11.976408064010041,good,38.14
39714,28.6959746,77.2578307,71,22,47.11,10.65,57.76,1.71,14.92,16.63,1,0.16,25.450000000000003,74.39,0.8340708939059417,0.23655913978494625,0.8971737823211064,0.4840909090909091,0.14842000511827327,0.6065380284339257,1.598204680662325,0.0,0.04658125,18.25,4.317204301075269,16.373421527360193,good,44.96
39723,28.6959746,77.2762545,75,8,56.14,1.69,57.83,0.0,12.25,12.25,0,0.0,29.92,70.08,0.09263657707828994,0.0963855421686747,1.0,0.21125,0.0,0.08859365351806375,1.41227469137344,0.0,0.0467625,21.4375,2.066265060240964,21.4375,good,27.16
39767,28.6977712,76.8791193,3,19,0.97,0.0,0.97,11.53,12.73,24.26,0,0.0,74.77,25.230000000000004,0.0,0.8636363636363636,0.5247320692497939,0.0,0.0,0.0,6.023105918532811,0.0,0.03736875,3.6249999999999996,3.130681818181818,1.9021537510305027,neutral,10.9
39794,28.6977712,76.9343907,83,6,40.4,5.53,45.93,5.47,15.22,20.69,0,0.0,33.379999999999995,66.62,0.33800724404481935,0.06741573033707865,0.735621072982117,0.9216666666666667,0.0,0.2911813757757,8.472331284404353,0.0,0.036375,11.8125,0.7963483146067416,8.689523924601257,good,23.09
39798,28.6977712,76.9425791,61,4,33.61,1.79,35.4,1.18,14.76,15.94,0,0.0,48.66,51.34,0.11740822852679035,0.06153846153846154,0.9259723964868256,0.4475,0.0,0.11101192200970308,9.054334401592367,0.0,0.035325,14.25,0.8769230769230769,13.195106649937266,good,16.72
39854,28.6977712,77.057216,83,24,52.68,7.91,60.59,1.4,14.7,16.1,0,0.0,23.31,76.69,0.6062535477986147,0.22429906542056074,0.9130434782608694,0.32958333333333334,0.0,0.4739044784051729,0.0,0.0,0.06180625,21.0,4.710280373831775,19.173913043478258,good,43.71
39855,28.6977712,77.0592631,63,5,43.2,0.79,43.99,0.08,15.02,15.1,1,5.07,35.84,59.089999999999996,0.04642237725777934,0.07352941176470588,0.9947019867549669,0.158,1.803358605071407,0.045377086486196656,0.19966651970469723,0.0,0.0652875,20.875,1.5349264705882353,20.764403973509935,good,20.43
39877,28.6977712,77.104299,49,29,37.18,14.29,51.47,4.98,14.31,19.29,0,0.0,29.24000000000001,70.75999999999999,1.3623366351514616,0.3717948717948718,0.7418351477449456,0.49275862068965515,0.0,0.8596512288526101,1.0181085449161407,0.0,0.0518125,15.125,5.623397435897436,11.220256609642302,good,54.74
39878,28.6977712,77.1063461,43,22,30.62,13.51,44.13,9.45,15.89,25.34,0,0.0,30.53,69.47,1.384847541951739,0.3384615384615385,0.6270718232044199,0.6140909090909091,0.0,0.8691351985871344,1.214523567259249,0.0,0.04941875,10.875,3.680769230769231,6.8194060773480665,good,46.78
39879,28.6977712,77.1083932,26,9,33.73,6.69,40.42,7.3,13.48,20.78,0,0.0,38.8,61.2,0.5498193704798727,0.2571428571428571,0.6487006737247353,0.7433333333333334,0.0,0.4381383889661286,1.4118505765848397,0.0,0.038125,10.8125,2.7803571428571425,7.0140760346487,good,30.53
39960,28.6977712,77.2742074,41,6,26.35,1.93,28.28,0.07,13.45,13.52,0,0.0,58.2,41.8,0.19159105373306845,0.1276595744680851,0.9948224852071006,0.32166666666666666,0.0,0.17528943405192554,1.6106194000945462,0.0,0.03331875,12.1875,1.555851063829787,12.124399038461538,good,17.62
39972,28.6977712,77.2987725,51,26,66.6,7.93,74.53,0.0,9.98,9.98,0,0.0,15.490000000000007,84.50999999999999,0.5059205406166147,0.33766233766233766,1.0,0.305,0.0,0.40940436611098735,0.0,0.0,0.03976875,16.5,5.571428571428571,16.5,good,49.32
39998,28.6995679,76.8647897,0,2,0.0,0.0,0.0,0.0,3.03,3.03,0,0.0,96.97,3.030000000000001,0.0,0.0,1.0,0.0,0.0,0.0,5.84823908823543,0.0,0.005225,2.25,0.0,2.25,neutral,1.0
40081,28.6995679,77.034698,41,3,18.42,0.0,18.42,0.0,1.77,1.77,0,0.0,79.81,20.189999999999998,0.0,0.06818181818181818,0.0,0.0,0.0,0.0,1.4543356804704635,0.0,0.0093625,8.875,0.6051136363636364,0.0,neutral,8.73
40084,28.6995679,77.0408393,144,12,43.04,2.49,45.53,0.2,18.93,19.13,0,0.0,35.34,64.66,0.2023741466762864,0.07692307692307693,0.9895452169367486,0.20750000000000002,0.0,0.18429805779190767,1.4126152521427857,0.0,0.05021875,28.999999999999996,2.230769230769231,28.696811291165705,good,25.35
40092,28.6995679,77.057216,61,15,49.13,3.58,52.71,0.0,9.9,9.9,1,0.0699999999999999,37.32,62.61,0.27167520394612027,0.19736842105263158,1.0,0.23866666666666667,0.06765864847381471,0.2403350895027508,0.19978392470228656,0.0,0.05574375,21.3125,4.206414473684211,21.3125,good,34.72
40093,28.6995679,77.0592631,61,28,33.5,19.9,53.4,1.24,15.37,16.61,0,0.0,29.99000000000001,70.00999999999999,1.8103711948134582,0.3146067415730337,0.9253461770018061,0.7107142857142856,0.0,1.0333165724198923,0.28245291868094097,0.0005,0.05396875,14.0,4.404494382022472,12.954846478025285,good,58.22
40100,28.6995679,77.0735927,55,16,46.04,7.89,53.93,0.08,12.8,12.88,0,0.0,33.19,66.81,0.5979989211471384,0.22535211267605634,0.9937888198757764,0.493125,0.0,0.46875217221690785,0.9984965281081818,0.0,0.0501,16.375,3.6901408450704225,16.273291925465838,good,38.34
40110,28.6995679,77.0940636,24,18,38.66,27.1,65.75999999999999,6.25,8.83,15.08,0,0.0,19.16,80.84,1.7505905659112102,0.42857142857142855,0.5855437665782494,1.5055555555555555,0.0,1.0118156398631732,0.0,0.0,0.03560625,11.999999999999998,5.1428571428571415,7.026525198938991,good,63.55
40194,28.6995679,77.266019,63,9,35.93,3.03,38.96,0.5,16.52,17.02,1,9.85,34.17,55.98,0.258353237359053,0.125,0.9706227967097533,0.33666666666666667,2.3841650799864684,0.2298039116765626,1.8951429015223409,0.0,0.0528125,20.125,2.515625,19.533783783783786,good,24.95
40250,28.7013645,76.8934489,18,2,3.25,0.0,3.25,0.08,7.52,7.6,0,0.0,89.15,10.849999999999994,0.0,0.1,0.9894736842105263,0.0,0.0,0.0,5.939190217363631,0.0,0.01858125,5.999999999999999,0.6,5.936842105263157,neutral,3.88
40260,28.7013645,76.9139198,64,5,32.76,6.54,39.3,3.49,13.76,17.25,0,0.0,43.45,56.55,0.43016933218107795,0.07246376811594203,0.7976811594202898,1.308,0.0,0.3577928513740602,6.872212593667238,0.0,0.04726875,14.124999999999998,1.0235507246376812,11.267246376811592,good,23.02
40297,28.7013645,76.9896621,62,1,38.48,0.58,39.06,0.26,16.9,17.16,0,0.0,43.78,56.22,0.014848950332821298,0.015873015873015872,0.9848484848484848,0.0,0.0,0.014739784013254363,5.0516120240933,0.0,0.03658125,20.374999999999996,0.3234126984126983,20.066287878787872,neutral,14.68
40339,28.7013645,77.0756398,67,21,23.19,8.63,31.82,6.0,10.46,16.46,0,0.0,51.71999999999999,48.28000000000001,1.2094561555260805,0.23863636363636365,0.6354799513973268,0.410952380952381,0.0,0.7927464017737937,0.7200001452602992,0.0,0.0277,12.375000000000002,2.9531250000000004,7.86406439854192,good,38.03
40366,28.7013645,77.1309112,32,29,17.43,26.95,44.38,1.26,16.27,17.53,0,0.0,38.09,61.91,2.979736402696025,0.47540983606557374,0.9281232173416999,0.9293103448275862,0.0,1.3812155866246256,3.599433375301857,0.0,0.0412125,11.8125,5.61577868852459,10.96345550484883,good,76.29
40370,28.7013645,77.1390996,56,7,34.08,4.84,38.92,4.22,20.9,25.12,0,0.0,35.959999999999994,64.04,0.3730729701952723,0.1111111111111111,0.8320063694267515,0.6914285714285714,0.0,0.31705127191058596,3.60149476739373,0.0,0.0510125,13.5625,1.5069444444444444,11.284086385350317,good,23.54
40391,28.7013645,77.1820884,16,12,11.78,17.16,28.94,9.24,12.48,21.72,0,0.0,49.34,50.66,2.1941791832515944,0.42857142857142855,0.5745856353591161,1.43,0.0,1.1613301481728133,3.251395605119802,0.0,0.0375,7.062499999999999,3.0267857142857135,4.058011049723757,good,51.85
40392,28.7013645,77.1841355,33,15,40.5,13.16,53.66,15.38,12.83,28.21,0,0.0,18.129999999999995,81.87,0.9809914275065226,0.3125,0.45480326125487414,0.8773333333333333,0.0,0.6835974403504241,3.119977762499907,0.0,0.03221875,9.75,3.046875,4.434331797235023,good,41.92
40403,28.7013645,77.2066535,39,18,21.11,11.77,32.879999999999995,2.53,19.34,21.87,0,0.0,45.25,54.75,1.520623687142062,0.3157894736842105,0.8843164151806127,0.6538888888888889,0.0,0.9245063657991658,2.405608685011851,0.0,0.0452,13.437499999999998,4.243421052631578,11.883001828989482,good,46.91
40450,28.7013645,77.3028666,114,13,30.83,4.75,35.58,0.0,15.95,15.95,0,0.0,48.47,51.53,0.5082893726749191,0.10236220472440945,1.0,0.36538461538461536,0.0,0.4109761428711516,0.5648886546715179,0.00063125,0.0488625,23.999999999999996,2.4566929133858264,23.999999999999996,good,27.38
40458,28.7013645,77.3192433,68,12,32.87,3.87,36.74,1.21,19.09,20.3,0,0.0,42.96,57.04,0.3897850220252049,0.15,0.9403940886699507,0.3225,0.0,0.32914907476792366,2.03619810120691,0.0,0.04515625,16.875,2.53125,15.869150246305418,good,26.23
40503,28.7031611,76.9241553,83,10,21.74,5.94,27.68,0.0,15.14,15.14,1,4.54,52.64000000000001,42.81999999999999,0.7423780279879172,0.10752688172043011,1.0,0.5940000000000001,1.7119945007591924,0.5552508629172777,7.348257590373086,0.0,0.044775,14.625,1.5725806451612903,14.625,good,25.6
40519,28.7031611,76.9569087,31,3,2.98,0.0,2.98,0.0,5.77,5.77,0,0.0,91.25,8.75,0.0,0.08823529411764706,1.0,0.0,0.0,0.0,8.186695058204347,0.0,0.01633125,7.125,0.6286764705882353,7.125,neutral,3.88
40528,28.7031611,76.9753325,92,6,7.64,0.63,8.27,0.0,18.57,18.57,1,0.16,73.0,26.840000000000003,0.21386137858479937,0.061224489795918366,1.0,0.105,0.14842000511827327,0.19380650043788855,6.445628642064605,0.0,0.0478125,20.812500000000004,1.2742346938775513,20.812500000000004,good,10.7
40546,28.7031611,77.0121801,0,4,0.12,0.0,0.12,0.12,0.86,0.98,1,0.49,98.41,1.1000000000000085,0.0,1.0,0.0,0.0,0.3987761199573678,0.0,3.1576010084954618,0.0,0.00900625,2.5625,2.5625,0.0,neutral,8.89
40550,28.7031611,77.0203684,22,3,8.0,1.12,9.12,0.0,6.73,6.73,0,0.0,84.15,15.849999999999994,0.24561403508771934,0.12,1.0,0.37333333333333335,0.0,0.2196286092067653,2.542057920646003,0.0,0.01790625,6.0625,0.7274999999999999,6.0625,good,9.76
40562,28.7031611,77.0449335,102,34,31.85,18.12,49.97,2.06,18.71,20.77,0,0.0,29.25999999999999,70.74000000000001,1.859968146228593,0.25,0.9008184882041407,0.5329411764705883,0.0,1.0508104870874266,1.3395150224010584,0.0,0.0484625,22.375,5.59375,20.155813673567646,good,61.5
40564,28.7031611,77.0490277,134,21,49.44,4.81,54.25,0.0,17.02,17.02,0,0.0,28.730000000000004,71.27,0.39538923660175845,0.13548387096774195,1.0,0.22904761904761903,0.0,0.3331733990073381,0.9985063681789454,0.0,0.04863125,26.124999999999996,3.539516129032258,26.124999999999996,good,34.99
40569,28.7031611,77.0592631,133,19,38.39,4.78,43.17,0.0,16.04,16.04,0,0.0,40.79,59.21,0.47854566350617544,0.125,1.0,0.25157894736842107,0.0,0.3910589448562391,0.6317124010104024,0.0,0.06930625,31.0625,3.8828125,31.0625,good,33.73
40577,28.7031611,77.0756398,41,16,17.27,4.84,22.11,10.61,15.51,26.12,0,0.0,51.77,48.23,0.894767985149328,0.2807017543859649,0.5937978560490046,0.3025,0.0,0.6390963957611798,0.6314004501065728,0.0,0.031175,11.25,3.1578947368421053,6.680225880551301,good,30.92
40599,28.7031611,77.1206758,19,20,7.12,27.71,34.83,7.7,15.44,23.14,0,0.0,42.03,57.97,3.494433413298865,0.5128205128205128,0.6672428694900605,1.3855,0.0,1.5028396117694667,2.6261376419844544,0.0,0.04086875,11.875,6.089743589743589,7.923509075194469,good,82.28
40628,28.7031611,77.1800413,97,20,38.47,9.51,47.98,0.67,19.0,19.67,0,0.0,32.349999999999994,67.65,0.8705906354861612,0.17094017094017094,0.9659379766141332,0.4755,0.0,0.6262542288506247,3.5335922269660056,0.0,0.068025,30.625,5.235042735042735,29.581850533807827,good,45.19
40686,28.7031611,77.2987725,155,13,42.43,3.33,45.76,0.0,18.22,18.22,0,0.0,36.02,63.98,0.27706494515847513,0.07738095238095238,1.0,0.2561538461538462,0.0,0.2445644333597629,0.4464939942676057,0.0,0.0511125,26.0,2.011904761904762,26.0,good,25.86
40728,28.7049577,76.8975431,40,4,16.94,2.56,19.5,0.43,20.19,20.62,0,0.0,59.88,40.12,0.3048274832262383,0.09090909090909091,0.9791464597478177,0.64,0.0,0.26607083527439146,5.719851659211594,0.0,0.043425,8.1875,0.7443181818181819,8.016761639185257,good,14.0
40792,28.7049577,77.0285568,78,13,29.01,6.98,35.99,1.98,14.15,16.13,0,0.0,47.88,52.12,0.7384089290347896,0.14285714285714285,0.8772473651580905,0.536923076923077,0.0,0.5529702862991638,2.2333134414142517,0.0,0.0337375,16.5,2.357142857142857,14.474581525108494,good,30.59
40818,28.7049577,77.0817811,127,37,52.67,10.95,63.620000000000005,0.89,18.6,19.49,0,0.0,16.89,83.11,0.9032506487300731,0.22560975609756098,0.9543355566957415,0.2959459459459459,0.0,0.6435632920579679,0.0,0.0,0.057425,25.3125,5.710746951219512,24.15661877886096,good,52.12
40826,28.7049577,77.0981578,85,37,26.97,14.72,41.69,1.3,14.83,16.13,0,0.0,42.18000000000001,57.81999999999999,1.8529501798486347,0.30327868852459017,0.9194048357098574,0.3978378378378379,0.0,1.0483536097054746,0.7201636978436919,0.0,0.05019375,18.75,5.686475409836065,17.238840669559828,good,59.04
40847,28.7049577,77.1411466,26,16,8.23,8.32,16.55,8.39,14.74,23.13,0,0.0,60.32,39.68,2.054845367927663,0.38095238095238093,0.637267617812365,0.52,0.0,1.1167289752795644,3.9955005821626797,0.0,0.0376125,8.25,3.142857142857143,5.257457846952011,good,46.2
40850,28.7049577,77.1472879,37,21,31.14,8.19,39.33,0.0,13.21,13.21,0,0.0,47.46,52.54,0.9286230601738994,0.3620689655172414,1.0,0.38999999999999996,0.0,0.6568063079727303,3.8421135086845837,0.0,0.04633125,10.375,3.7564655172413794,10.375,good,38.75
40859,28.7049577,77.1657117,40,21,23.23,8.24,31.47,0.91,19.7,20.61,0,0.0,47.92,52.08,1.1676427244223493,0.3442622950819672,0.9558466763706939,0.3923809523809524,0.0,0.773640274989069,3.396182166534511,0.00174375,0.0583875,15.250000000000002,5.250000000000001,14.576661814653082,good,44.34
40917,28.7049577,77.2844428,68,20,47.85,6.08,53.93,0.94,17.49,18.43,0,0.0,27.64,72.36,0.49518431170952837,0.22727272727272727,0.9489962018448181,0.304,0.0,0.40224948466806004,0.9982640413374498,0.0,0.0538625,20.5,4.659090909090909,19.45442213781877,good,39.79
40918,28.7049577,77.2864899,49,8,30.95,4.01,34.96,3.67,14.15,17.82,1,12.839999999999998,34.38000000000001,52.779999999999994,0.36359837688168395,0.14035087719298245,0.7940516273849607,0.50125,2.6275629501895232,0.3101270709623956,0.7986112331571581,0.0,0.03670625,13.75,1.9298245614035086,10.91820987654321,good,23.43
40922,28.7049577,77.2946783,101,18,60.3,2.56,62.86,0.04,11.76,11.8,0,0.0,25.340000000000003,74.66,0.17299863879121186,0.15126050420168066,0.9966101694915254,0.14222222222222222,0.0,0.1595634092198653,0.0,0.0,0.05243125,24.0625,3.639705882352941,23.98093220338983,good,34.77
40925,28.7049577,77.3008195,133,27,36.92,7.7,44.620000000000005,0.0,15.66,15.66,0,0.0,39.72,60.28,0.8295973307898598,0.16875,1.0,0.2851851851851852,0.0,0.6040959048217079,0.5989486719612764,0.0,0.0448875,20.812500000000004,3.512109375000001,20.812500000000004,good,38.23
40929,28.7049577,77.3090079,49,12,48.95,5.95,54.900000000000006,1.36,11.21,12.57,0,0.0,32.53,67.47,0.40104947764917115,0.19672131147540983,0.8918058870326174,0.49583333333333335,0.0,0.33722158268357555,1.2787277324534183,0.0,0.0397375,13.9375,2.7418032786885247,12.429544550517106,good,32.84
41037,28.7067544,77.0428864,131,20,31.34,7.85,39.19,0.22,23.77,23.99,0,0.0,36.82,63.18,0.8798084146163121,0.13245033112582782,0.9908295122967904,0.39249999999999996,0.0,0.6311698645299917,1.7178614783845931,0.0,0.0593125,23.5,3.112582781456954,23.284493538974573,good,36.01
41042,28.7067544,77.0531218,77,9,38.16,2.16,40.31999999999999,0.07,17.23,17.3,0,0.0,42.38000000000001,57.61999999999999,0.17796043365468014,0.10465116279069768,0.9959537572254336,0.24000000000000002,0.0,0.163784496935841,1.0757448389164563,0.0,0.03950625,16.75,1.752906976744186,16.68222543352601,good,21.87
41046,28.7067544,77.0613102,137,13,42.66,2.83,45.49,0.0,19.88,19.88,0,0.0,34.63000000000001,65.36999999999999,0.23686116573803076,0.08666666666666667,1.0,0.21769230769230768,0.0,0.21257685246163652,1.0757448389164563,0.0,0.08254375,31.3125,2.71375,31.3125,good,27.33
41103,28.7067544,77.1779942,35,9,13.8,17.65,31.45,5.75,15.28,21.03,0,0.0,47.52,52.48,1.8642935095313813,0.20454545454545456,0.7265810746552543,1.961111111111111,0.0,1.0523217262257145,3.413429283472503,0.0,0.04710625,11.0625,2.262784090909091,8.037803138373752,good,45.45
41109,28.7067544,77.1902768,20,21,6.49,13.55,20.04,4.4,14.97,19.37,0,0.0,60.59,39.41,3.0152344527213266,0.5121951219512195,0.7728446050593701,0.6452380952380953,0.0,1.3900957398959237,3.3065752980573944,0.0,0.0312875,8.75,4.4817073170731705,6.762390294269489,good,65.57
41141,28.7067544,77.2557836,97,20,28.74,4.24,32.98,5.67,17.53,23.2,0,0.0,43.81999999999999,56.18000000000001,0.5646884740018784,0.17094017094017094,0.7556034482758621,0.21200000000000002,0.0,0.44768674603164965,2.3285821250090453,0.0,0.04849375,24.25,4.145299145299146,18.323383620689658,good,32.55
41160,28.7067544,77.2946783,115,7,60.69,0.81,61.5,0.0,12.02,12.02,0,0.0,26.480000000000004,73.52,0.03951219512195123,0.05737704918032787,1.0,0.11571428571428573,0.0,0.038751559966163286,0.0,0.0,0.0584,22.625000000000004,1.2981557377049182,22.625000000000004,good,25.19
41174,28.7067544,77.3233375,101,19,45.7,4.2,49.900000000000006,0.0,13.55,13.55,0,0.0,36.55,63.45,0.36376949896847544,0.15833333333333333,1.0,0.2210526315789474,0.0,0.31025255611497166,2.595764829070304,0.0,0.0442625,27.5625,4.3640625,27.5625,good,35.66
41217,28.708551,76.9241553,88,2,26.97,0.67,27.64,0.04,17.03,17.07,0,0.0,55.29,44.71,0.038419858013139456,0.022222222222222223,0.9976567076742824,0.0,0.0,0.037700190449259076,6.9202106904675595,0.0,0.05955,18.4375,0.40972222222222227,18.39429554774458,neutral,11.65
41219,28.708551,76.9282494,153,0,41.15,0.0,41.15,0.0,23.24,23.24,0,0.0,35.61,64.39,0.0,0.0,1.0,0.0,0.0,0.0,7.2133744174882075,0.0,0.07395625,26.5,0.0,26.5,neutral,14.14
41220,28.708551,76.9302965,130,3,43.41,1.6,45.01,0.0,20.76,20.76,0,0.0,34.230000000000004,65.77,0.07109531215285493,0.022556390977443608,1.0,0.5333333333333333,0.0,0.06868178111268959,7.363699653325073,0.0,0.074025,26.625,0.6005639097744361,26.625,good,18.26
41228,28.708551,76.9466732,109,1,24.72,0.44,25.16,0.38,20.96,21.34,0,0.0,53.5,46.5,0.017488076311605722,0.00909090909090909,0.9821930646672915,0.0,0.0,0.017336919653277015,8.638459231334858,0.0,0.04825,17.3125,0.15738636363636363,17.004217432052485,neutral,9.77
41275,28.708551,77.0428864,131,14,37.37,2.49,39.86,0.63,27.04,27.67,0,0.0,32.47000000000001,67.52999999999999,0.2440581430774012,0.09655172413793103,0.9772316588362847,0.17785714285714288,0.0,0.21837873203296396,1.8412018672564094,0.0,0.0589375,28.75,2.7758620689655173,28.095410191543184,good,25.83
41278,28.708551,77.0490277,67,7,26.26,2.44,28.700000000000003,1.33,12.59,13.92,0,0.0,57.38,42.62,0.2550522648083623,0.0945945945945946,0.9044540229885057,0.3485714285714286,0.0,0.22717721698223453,1.4403366928011367,0.0,0.0325625,15.125,1.4307432432432434,13.67986709770115,good,18.31
41286,28.708551,77.0654044,82,14,35.0,10.44,45.44,2.27,15.06,17.33,0,0.0,37.23,62.77,0.897621870998084,0.14583333333333334,0.8690132717830353,0.7457142857142857,0.0,0.6406014553651387,1.4126128298761726,0.0,0.05175625,16.125,2.3515625,14.012839007501444,good,35.94
41298,28.708551,77.0899694,71,56,54.07,12.08,66.15,0.06,16.47,16.53,0,0.0,17.320000000000007,82.67999999999999,1.0651747750734704,0.4409448818897638,0.9963702359346641,0.21571428571428572,0.0,0.7252148596709538,0.0,0.0,0.054525,25.75,11.354330708661417,25.6565335753176,good,72.6
41299,28.708551,77.0920165,72,8,22.99,1.55,24.54,0.6,19.84,20.44,1,22.11,32.91,44.980000000000004,0.200219386806666,0.1,0.9706457925636007,0.19375,3.1402654242862895,0.18250436242287577,0.19964595136340577,0.0,0.0501125,16.8125,1.6812500000000001,16.318982387475536,good,16.94
41320,28.708551,77.1350054,9,8,4.54,3.7,8.24,17.78,14.86,32.64,0,0.0,59.12,40.88,1.4233886535602616,0.47058823529411764,0.45526960784313725,0.4625,0.0,0.8851668307709256,4.116110648362472,0.0,0.033675,5.125,2.411764705882353,2.333256740196078,good,32.0
41389,28.708551,77.2762545,81,43,34.94,14.43,49.37,1.69,18.24,19.93,1,5.81,24.89,69.3,1.5956977568753536,0.3467741935483871,0.9152032112393376,0.3355813953488372,1.918392120161421,0.9538553655904712,0.9988751455410235,0.0,0.0585875,22.8125,7.910786290322581,20.87807325639739,good,64.51
41412,28.708551,77.3233375,168,9,24.28,3.72,28.0,0.44,11.51,11.95,0,0.0,60.05,39.95,0.4413418754636067,0.05084745762711865,0.9631799163179917,0.41333333333333333,0.0,0.36557453763865844,2.6789748562259654,0.0,0.03406875,20.062499999999996,1.0201271186440677,19.323797071129704,good,19.57
41429,28.7103476,76.870931,4,5,0.59,0.0,0.59,0.78,3.67,4.45,1,0.03,94.93,5.039999999999992,0.0,0.5555555555555556,0.8247191011235955,0.0,0.0295588022415444,0.0,4.5991631086431015,0.0,0.01314375,2.6875,1.4930555555555556,2.216432584269663,neutral,5.76
41458,28.7103476,76.9302965,61,5,25.02,1.2,26.22,0.14,12.03,12.17,0,0.0,61.61,38.39,0.11830491994147167,0.07575757575757576,0.9884963023829088,0.24,0.0,0.11181407452499952,7.235176744740598,0.0,0.04383125,14.25,1.0795454545454546,14.08607230895645,good,14.42
41490,28.7103476,76.9958034,0,1,0.0,0.0,0.0,0.0,0.0,0.0,0,0.0,100.0,0.0,0.0,0.0,0.0,0.0,0.0,0.0,4.932088695607188,0.0,0.00453125,2.25,0.0,0.0,neutral,1.0
41506,28.7103476,77.0285568,65,7,19.65,1.15,20.8,2.72,16.18,18.9,0,0.0,60.3,39.7,0.16586538461538458,0.09722222222222222,0.8560846560846561,0.16428571428571428,0.0,0.15346363067621988,2.782347029088221,0.0,0.03733125,15.875,1.543402777777778,13.590343915343915,good,14.81
41513,28.7103476,77.0428864,110,16,44.61,3.49,48.1,0.97,19.81,20.78,1,0.42,30.700000000000003,68.88,0.2965747466936317,0.12698412698412698,0.9533205004812318,0.218125,0.35065687161316933,0.2597259770101116,1.9770733216507324,0.0,0.04833125,19.6875,2.5,18.76849735322425,good,28.39
41530,28.7103476,77.0776869,121,5,47.19,1.53,48.72,0.0,12.11,12.11,0,0.0,39.17,60.83,0.08117800956698212,0.03968253968253968,1.0,0.306,0.0,0.07805119630005591,0.7201615465657615,0.0,0.04356875,18.5625,0.7366071428571428,18.5625,good,20.01
41591,28.7103476,77.2025593,31,11,28.97,6.51,35.48,0.44,19.47,19.91,0,0.0,44.61000000000001,55.38999999999999,0.6577820146475402,0.2619047619047619,0.9779005524861878,0.5918181818181818,0.0,0.5054805731886671,3.402046748434307,0.0,0.043125,12.875,3.3720238095238098,12.590469613259668,good,32.35
41598,28.7103476,77.2168889,20,14,22.72,8.94,31.66,3.39,21.5,24.89,1,1.11,42.34,56.55,1.1032091574459935,0.4117647058823529,0.8638007231820007,0.6385714285714286,0.7466879474879752,0.7434643484778751,3.601292221588255,2.5e-05,0.0458875,8.375,3.4485294117647056,7.234331056649256,good,37.93
41627,28.7103476,77.2762545,103,31,43.48,10.57,54.05,1.4,16.28,17.68,0,0.0,28.27000000000001,71.72999999999999,0.9777983348751157,0.23134328358208955,0.9208144796380091,0.3409677419354839,0.0,0.6819842739457823,0.7991023403311625,0.0,0.047975,22.3125,5.161847014925373,20.545673076923077,good,48.48
41641,28.7103476,77.3049137,110,13,50.56,2.92,53.48,0.0,15.73,15.73,0,0.0,30.789999999999992,69.21000000000001,0.20788100920733366,0.10569105691056911,1.0,0.2246153846153846,0.0,0.188867592349142,1.0752115467981873,0.0,0.0545125,23.9375,2.5299796747967482,23.9375,good,28.89
41645,28.7103476,77.3131021,59,5,38.13,4.89,43.02,2.22,9.16,11.38,0,0.0,45.6,54.4,0.293827676162865,0.078125,0.804920913884007,0.978,0.0,0.25760501577541656,1.840690255533176,0.0,0.02798125,12.0625,0.9423828125,9.709358523725834,good,21.95
41770,28.7121442,77.0817811,58,11,27.42,5.99,33.410000000000004,4.47,13.01,17.48,0,0.0,49.10999999999999,50.89000000000001,0.6427394606201653,0.15942028985507245,0.744279176201373,0.5445454545454546,0.0,0.4963652510821628,0.7991023403311625,0.0,0.0281875,9.3125,1.484601449275362,6.931099828375285,good,25.69
41787,28.7121442,77.1165816,31,19,33.68,14.67,48.35,0.09,13.39,13.48,0,0.0,38.17,61.83,1.3113275108996403,0.38,0.9933234421364985,0.7721052631578947,0.0,0.8378220395114974,2.603587026965128,0.0,0.04061875,7.625000000000001,2.8975000000000004,7.574091246290802,good,44.64
41789,28.7121442,77.1206758,32,13,28.27,6.75,35.02,5.05,19.33,24.38,0,0.0,40.6,59.4,0.7338562456850036,0.28888888888888886,0.7928630024610336,0.5192307692307693,0.0,0.5503479716258363,2.948213771143887,0.0,0.0516,13.9375,4.026388888888889,11.050528096800656,good,35.33
41791,28.7121442,77.1247699,32,12,25.91,7.84,33.75,1.44,17.23,18.67,0,0.0,47.58,52.42,0.8595984411918862,0.2727272727272727,0.9228709159078735,0.6533333333333333,0.0,0.6203605725847943,3.305161043507136,0.0,0.04605,12.125,3.3068181818181817,11.189809855382967,good,34.57
41838,28.7121442,77.2209831,51,17,25.8,2.71,28.51,0.55,19.31,19.86,0,0.0,51.63,48.37,0.39636958098592306,0.25,0.972306143001007,0.15941176470588236,0.0,0.33387571212857503,3.9347704483245525,0.0,0.06328125,18.9375,4.734375,18.41304758308157,good,30.45
41854,28.7121442,77.2537365,69,18,43.74,4.6,48.34,0.26,13.5,13.76,0,0.0,37.9,62.1,0.40422975924370064,0.20689655172413793,0.9811046511627907,0.25555555555555554,0.0,0.33948893840001504,2.2762803945937726,0.0,0.0428125,19.3125,3.9956896551724137,18.947583575581394,good,34.63
41867,28.7121442,77.2803487,99,9,50.52,1.17,51.690000000000005,0.21,18.78,18.99,1,5.01,24.309999999999988,70.68,0.0751916399887447,0.08333333333333333,0.9889415481832545,0.13,1.7934247485471162,0.07249891544843304,0.7201463375242398,0.0,0.06419375,26.0,2.1666666666666665,25.712480252764617,good,25.25
41881,28.7121442,77.3090079,59,1,59.7,0.45,60.150000000000006,0.0,12.49,12.49,0,0.0,27.36,72.64,0.007481296758104738,0.016666666666666666,1.0,0.0,0.0,0.007453450654580884,1.520588224261627,0.0,0.04133125,10.375,0.17291666666666666,10.375,neutral,20.84
41883,28.7121442,77.3131021,43,3,40.32,2.36,42.68,0.0,5.28,5.28,0,0.0,52.04,47.96,0.1105904404873477,0.06521739130434782,1.0,0.7866666666666666,0.0,0.1048918022674782,1.8941042838628563,0.0,0.02180625,9.1875,0.5991847826086957,9.1875,good,18.09
41925,28.7139408,76.9118727,0,2,0.0,0.0,0.0,0.0,1.05,1.05,0,0.0,98.95,1.0499999999999972,0.0,0.0,0.0,0.0,0.0,0.0,5.655308124096124,0.0,0.00453125,2.25,0.0,0.0,neutral,1.0
41939,28.7139408,76.940532,34,7,6.85,0.26,7.109999999999999,0.0,11.16,11.16,0,0.0,81.73,18.269999999999996,0.10970464135021099,0.17073170731707318,1.0,0.037142857142857144,0.0,0.10409389104263338,7.8093407822238525,0.0,0.0253375,9.5625,1.6326219512195124,9.5625,good,9.89
42026,28.7139408,77.1186287,25,7,27.5,3.96,31.46,4.26,17.7,21.96,0,0.0,46.58,53.42,0.3776223776223776,0.21875,0.8060109289617485,0.5657142857142857,0.0,0.3203590984780812,2.8584948234762746,0.0,0.0464,13.1875,2.884765625,10.62926912568306,good,25.45
42111,28.7139408,77.2926312,92,5,36.72,1.05,37.77,2.78,19.81,22.59,1,0.83,38.81,60.36,0.07186154688263738,0.05154639175257732,0.8769366976538291,0.21000000000000002,0.6043159668533296,0.06939690028012015,0.8236527884881991,0.0,0.0567375,21.1875,1.0921391752577319,18.580096281540502,good,17.46
42174,28.7157375,76.9343907,0,2,0.0,0.0,0.0,0.0,3.45,3.45,0,0.0,96.55,3.450000000000003,0.0,0.0,1.0,0.0,0.0,0.0,7.198546545648044,0.0,0.0084125,2.4375,0.0,2.4375,neutral,1.0
42202,28.7157375,76.9917092,2,2,0.04,0.0,0.04,0.0,2.61,2.61,0,0.0,97.35,2.6500000000000057,0.0,0.5,1.0,0.0,0.0,0.0,5.595070080136071,0.0,0.0069875,2.25,1.125,2.25,neutral,4.46
42270,28.7157375,77.1309112,24,4,29.91,3.02,32.93,9.57,17.24,26.81,0,0.0,40.26,59.74,0.21294329931854944,0.14285714285714285,0.6430436404326744,0.755,0.0,0.19304988469669868,3.396171047041378,0.0,0.040125,8.3125,1.1875,5.345300261096606,good,18.29
42283,28.7157375,77.1575233,75,27,30.42,10.0,40.42,6.08,23.64,29.72,0,0.0,29.86,70.14,1.1893505497421089,0.2647058823529412,0.7954239569313594,0.37037037037037035,0.0,0.7836049472188092,2.338083768815605,0.0,0.0677625,21.0,5.5588235294117645,16.703903095558548,good,48.46
42360,28.7157375,77.3151492,94,1,42.47,0.0,42.47,0.1,17.18,17.28,0,0.0,40.25,59.75,0.0,0.010526315789473684,0.9942129629629629,0.0,0.0,0.0,2.2323435713776583,0.0,0.0636125,19.875,0.20921052631578946,19.75998263888889,neutral,15.2
42424,28.7175341,76.9589558,121,4,46.6,0.23,46.83,0.0,14.98,14.98,0,0.0,38.190000000000005,61.809999999999995,0.01140387490548993,0.032,1.0,0.0575,0.0,0.011339340885880388,8.495019943709542,0.0,0.04850625,21.25,0.68,21.25,good,18.2
42460,28.7175341,77.0326509,32,2,12.28,1.02,13.3,0.0,3.06,3.06,0,0.0,83.64,16.36,0.12155351509290069,0.058823529411764705,1.0,0.0,0.0,0.11471479126536632,3.250974191333679,0.0,0.01173125,5.999999999999999,0.3529411764705882,5.999999999999999,neutral,8.12
42496,28.7175341,77.1063461,75,21,30.95,8.83,39.78,2.38,17.78,20.16,0,0.0,40.06,59.94,0.9898637806075247,0.21875,0.8819444444444445,0.4204761904761905,0.0,0.6880661844374412,1.883731858633229,0.0,0.05310625,18.3125,4.005859375,16.15060763888889,good,40.56
42507,28.7175341,77.1288641,17,8,17.12,27.91,45.03,0.5,14.35,14.85,0,0.0,40.120000000000005,59.879999999999995,1.9647480966079265,0.32,0.9663299663299664,3.48875,0.0,1.0867920698549476,3.2026243024741605,0.0,0.04030625,8.125,2.6,7.851430976430977,good,52.3
42512,28.7175341,77.1390996,24,7,16.04,1.43,17.47,25.17,13.77,38.94,0,0.0,43.59,56.41,0.24556382369776764,0.22580645161290322,0.35362095531587057,0.20428571428571426,0.0,0.21958829784177672,3.2748554576860784,0.0,0.0381625,9.125,2.060483870967742,3.2267912172573188,good,16.51
42513,28.7175341,77.1411466,57,6,32.22,1.82,34.04,1.35,16.01,17.36,0,0.0,48.6,51.4,0.15009946998075324,0.09523809523809523,0.9222350230414748,0.30333333333333334,0.0,0.13984843427006452,3.1190723728608445,0.0,0.0502,12.9375,1.232142857142857,11.93141561059908,good,17.85
42516,28.7175341,77.1472879,0,0,0.0,0.0,0.0,0.04,7.11,7.15,0,0.0,92.85,7.150000000000006,0.0,0.0,0.9944055944055944,0.0,0.0,0.0,2.6867082057153557,0.0,0.018025,2.75,0.0,2.7346153846153847,neutral,1.0
42565,28.7175341,77.2475952,149,10,47.49,4.64,52.13,0.16,19.34,19.5,0,0.0,28.36999999999999,71.63000000000001,0.3079179495583552,0.06289308176100629,0.9917948717948718,0.46399999999999997,0.0,0.26843652137197027,2.6032688441121485,0.0,0.06075,29.0625,1.8278301886792452,28.82403846153846,good,27.78
42579,28.7175341,77.2762545,90,11,59.08,2.13,61.21,0.05,14.01,14.06,0,0.0,24.730000000000004,75.27,0.12475036965424051,0.10891089108910891,0.9964438122332858,0.19363636363636363,0.0,0.11756111739367209,0.0,0.0,0.050725,22.625000000000004,2.4641089108910896,22.544541251778096,good,29.93
42598,28.7175341,77.3151492,117,11,41.36,2.19,43.55,0.09,18.9,18.99,0,0.0,37.46000000000001,62.53999999999999,0.18027710393982393,0.0859375,0.9952606635071091,0.1990909090909091,0.0,0.1657492447557299,2.328582125010109,0.0,0.07189375,24.375,2.0947265625,24.259478672985782,good,23.98
42630,28.7193307,76.8934489,2,4,0.09,0.0,0.09,0.0,4.41,4.41,0,0.0,95.5,4.5,0.0,0.6666666666666666,1.0,0.0,0.0,0.0,4.112742329485422,0.0,0.0152625,2.4375,1.625,2.4375,neutral,6.01
42791,28.7193307,77.2230302,30,18,8.36,2.93,11.29,9.05,14.39,23.44,1,11.92,53.35,34.730000000000004,1.1024293723994425,0.375,0.6139078498293515,0.1627777777777778,2.558776498354456,0.7430935201007082,4.745009847832525,0.0,0.03568125,8.8125,3.3046875,5.41006292662116,good,30.98
42835,28.7193307,77.3131021,118,7,21.18,1.15,22.33,0.15,13.63,13.78,0,0.0,63.89,36.11,0.15450067174205107,0.056,0.9891146589259798,0.16428571428571428,0.0,0.14366793165897485,2.2049191990265022,0.0,0.03815,16.5625,0.9275,16.38221153846154,good,13.25
42863,28.7211273,76.8832135,1,6,0.21,0.0,0.21,0.0,3.56,3.56,0,0.0,96.23,3.769999999999996,0.0,0.8571428571428571,1.0,0.0,0.0,0.0,3.5397719206663836,0.0,0.0068875,2.25,1.9285714285714284,2.25,neutral,6.98
42950,28.7211273,77.0613102,43,5,17.08,2.69,19.77,4.08,16.54,20.62,0,0.0,59.61,40.39,0.35172226236418364,0.10416666666666667,0.8021338506304558,0.538,0.0,0.3013795292722793,2.6275948898489676,0.0,0.0518625,11.0625,1.15234375,8.873605722599418,good,16.03
42951,28.7211273,77.0633573,34,2,13.69,0.5,14.19,0.37,9.83,10.2,0,0.0,75.61,24.39,0.055847868242464974,0.05555555555555555,0.9637254901960786,0.0,0.0,0.05434411074149883,2.54183982355155,0.0,0.03094375,7.75,0.4305555555555555,7.468872549019609,neutral,7.67
42962,28.7211273,77.0858752,71,11,28.92,4.06,32.980000000000004,9.55,18.99,28.54,0,0.0,38.48,61.52,0.44132649341806823,0.13414634146341464,0.6653819201121233,0.3690909090909091,0.0,0.36556386555046083,1.4543023982259824,0.0,0.0497875,19.875,2.666158536585366,13.22446566222845,good,26.2
42982,28.7211273,77.126817,34,8,27.96,6.92,34.88,0.57,17.39,17.96,0,0.0,47.16,52.84,0.6288956711577064,0.19047619047619047,0.9682628062360802,0.865,0.0,0.4879022828530009,2.825197687595399,0.0,0.04214375,10.562499999999998,2.0119047619047614,10.227275890868595,good,27.57
42994,28.7211273,77.1513821,39,7,20.33,0.53,20.86,0.03,14.94,14.97,0,0.0,64.17,35.83,0.07622243528283798,0.15217391304347827,0.9979959919839678,0.07571428571428572,0.0,0.07345716461563692,2.1228659062643063,0.0,0.041275,15.3125,2.330163043478261,15.281813627254508,good,15.92
42995,28.7211273,77.1534292,8,0,3.4,0.0,3.4,0.39,7.96,8.35,0,0.0,88.25,11.75,0.0,0.0,0.9532934131736527,0.0,0.0,0.0,1.9971476638177659,0.0,0.0186125,4.125,0.0,3.9323353293413175,neutral,2.09
43008,28.7211273,77.1800413,20,1,6.92,0.0,6.92,0.0,0.0,0.0,0,0.0,93.08,6.920000000000002,0.0,0.047619047619047616,0.0,0.0,0.0,0.0,2.1228659062634896,0.0,0.00455,5.5625,0.2648809523809524,0.0,neutral,4.02
43047,28.7211273,77.2598778,124,21,40.49,6.68,47.17,1.19,18.85,20.04,0,0.0,32.78999999999999,67.21000000000001,0.6315243420075715,0.14482758620689656,0.94061876247505,0.3180952380952381,0.0,0.4895147569568354,1.4120444509950603,0.0,0.07555,34.375,4.978448275862069,32.33376996007985,good,40.62
43062,28.7211273,77.2905841,88,10,49.17,12.19,61.36,1.47,6.6,8.07,0,0.0,30.57,69.43,0.6872632241067251,0.10204081632653061,0.8178438661710037,1.2189999999999999,0.0,0.5231078222794896,0.0,0.0,0.032025,15.125,1.5433673469387756,12.369888475836431,good,35.45
43063,28.7211273,77.2926312,130,6,55.92,0.49,56.41,0.0,15.11,15.11,0,0.0,28.480000000000004,71.52,0.024385816553948343,0.04411764705882353,1.0,0.08166666666666667,0.0,0.02409322963428953,0.19962194628790036,0.0,0.06926875,25.4375,1.1222426470588236,25.4375,good,22.81
43184,28.722924,77.0531218,35,0,7.16,0.0,7.16,0.29,6.04,6.33,0,0.0,86.51,13.489999999999995,0.0,0.0,0.9541864139020537,0.0,0.0,0.0,2.825221298182227,0.0,0.01703125,6.8125,0.0,6.500394944707741,neutral,3.29
43229,28.722924,77.1452408,94,23,43.84,10.86,54.7,0.1,12.4,12.5,0,0.0,32.8,67.2,0.9102868877117322,0.19658119658119658,0.992,0.4721739130434782,0.0,0.6472534337696345,2.4371740800741213,0.0,0.043425,14.875000000000002,2.9241452991452994,14.756000000000002,good,40.84
43230,28.722924,77.1472879,104,25,37.7,13.28,50.98,0.05,12.47,12.52,0,0.0,36.5,63.5,1.2244378080995233,0.1937984496124031,0.9960063897763579,0.5312,0.0,0.7995042131745622,2.2765783506060213,0.0,0.0384,17.3125,3.3551356589147288,17.243360623003195,good,45.6
43300,28.722924,77.2905841,78,5,48.98,2.94,51.92,0.0,12.36,12.36,0,0.0,35.72,64.28,0.14637499522573572,0.060240963855421686,1.0,0.588,0.0,0.1366047857323093,0.19978392470228656,0.0,0.0475875,22.3125,1.3441265060240963,22.3125,good,23.85
43351,28.7247206,76.9077786,0,3,0.0,0.0,0.0,0.33,4.91,5.24,0,0.0,94.76,5.239999999999995,0.0,1.0,0.9370229007633588,0.0,0.0,0.0,4.526839430307411,0.0,0.0132625,2.4375,2.4375,2.283993320610687,neutral,8.47
43402,28.7247206,77.0121801,8,6,1.35,0.0,1.35,0.68,7.73,8.41,0,0.0,90.24,9.760000000000005,0.0,0.42857142857142855,0.9191438763376932,0.0,0.0,0.0,4.933228647243972,0.0,0.01885,4.0,1.7142857142857142,3.676575505350773,neutral,6.68
43464,28.7247206,77.1390996,14,0,10.89,0.0,10.89,0.0,1.0,1.0,0,0.0,88.11,11.89,0.0,0.0,0.0,0.0,0.0,0.0,2.5267439631944355,0.0,0.00691875,3.3125,0.0,0.0,neutral,4.48
43476,28.7247206,77.1636646,24,10,12.65,22.32,34.97,11.95,14.94,26.89,0,0.0,38.14,61.86,2.2080215535597505,0.29411764705882354,0.555596876162142,2.232,0.0,1.165654408672393,1.2151538928508456,0.0,0.05075,9.375,2.7573529411764706,5.208720714020082,good,53.15
43503,28.7247206,77.218936,84,34,29.41,14.45,43.86,5.36,17.71,23.07,0,0.0,33.06999999999999,66.93,1.6898800637221787,0.288135593220339,0.7676636324230602,0.425,0.0,0.9894966066428783,5.026079018050777,0.0,0.05350625,22.6875,6.537076271186441,17.41636866059818,good,59.93
43526,28.7247206,77.266019,65,12,56.53,3.47,60.0,0.04,12.99,13.03,0,0.0,26.97,73.03,0.21400876369915983,0.15584415584415584,0.9969301611665389,0.2891666666666667,0.0,0.19392791147382055,0.7201104607909399,0.0,0.0413875,20.75,3.2337662337662336,20.686300844205682,good,33.22
43582,28.7265172,76.8934489,6,2,3.27,0.0,3.27,0.0,5.01,5.01,0,0.0,91.72,8.280000000000001,0.0,0.25,1.0,0.0,0.0,0.0,3.435966829528293,0.0,0.01241875,2.4375,0.609375,2.4375,neutral,3.91
43596,28.7265172,76.9221082,5,4,0.15,0.0,0.15,0.0,2.44,2.44,0,0.0,97.41,2.5900000000000034,0.0,0.4444444444444444,1.0,0.0,0.0,0.0,5.546826677197049,0.0,0.00906875,2.75,1.222222222222222,2.75,neutral,4.79
43614,28.7265172,76.9589558,1,1,0.01,0.0,0.01,0.0,0.0,0.0,0,0.0,99.99,0.010000000000005116,0.0,0.0,0.0,0.0,0.0,0.0,8.836914724131983,0.0,0.00453125,2.4375,0.0,0.0,neutral,1.0
43638,28.7265172,77.0080859,28,3,31.68,10.07,41.75,0.56,15.36,15.92,0,0.0,42.33,57.67,0.4823952095808383,0.0967741935483871,0.964824120603015,3.356666666666667,0.0,0.39365916445440563,5.318353417987348,0.0,0.03246875,7.0,0.6774193548387096,6.7537688442211055,good,23.51
43658,28.7265172,77.0490277,80,17,27.42,10.9,38.32,2.5,17.53,20.03,0,0.0,41.65,58.35,1.1861216731660023,0.17525773195876287,0.8751872191712431,0.6411764705882353,0.0,0.7821290483911045,3.2946486138157005,0.0,0.04076875,16.4375,2.8807989690721647,14.385889915127308,good,39.54
43666,28.7265172,77.0654044,117,18,41.6,7.62,49.22,0.81,16.67,17.48,0,0.0,33.3,66.7,0.6576433899317375,0.13333333333333333,0.9536613272311214,0.42333333333333334,0.0,0.5053969490988643,2.880563074207717,0.0,0.0561,22.0,2.933333333333333,20.98054919908467,good,35.39
43715,28.7265172,77.1657117,64,31,32.98,12.26,45.24,0.58,18.64,19.22,0,0.0,35.540000000000006,64.46,1.35499557913351,0.3263157894736842,0.9698231009365246,0.3954838709677419,0.0,0.8565388502409333,0.9988751455410235,0.0,0.0617125,21.6875,7.076973684210527,21.033038501560878,good,57.09
43733,28.7265172,77.2025593,28,16,13.4,0.39,13.79,5.28,14.82,20.1,1,1.1900000000000002,64.92,33.89,0.11559902161621699,0.36363636363636365,0.7373134328358208,0.024375,0.7839015438284095,0.10939149976849691,3.729104619672662,0.0,0.03641875,7.249999999999999,2.6363636363636362,5.345522388059701,good,15.18
43740,28.7265172,77.2168889,121,37,35.56,10.03,45.59,0.04,17.74,17.78,0,0.0,36.63,63.37,1.1545670752322692,0.23417721518987342,0.997750281214848,0.2710810810810811,0.0,0.7675898102102964,5.08903990730476,0.0,0.0532375,20.374999999999996,4.77136075949367,20.329161979752524,good,47.19
43764,28.7265172,77.266019,56,18,49.53,10.57,60.1,1.23,14.5,15.73,0,0.0,24.169999999999987,75.83000000000001,0.7470980668402445,0.24324324324324326,0.9218054672600127,0.5872222222222222,0.0,0.5579561640013097,0.5648101169141249,0.0,0.04391875,18.5,4.5,17.053401144310236,good,44.98
43768,28.7265172,77.2742074,92,7,33.84,2.63,36.470000000000006,0.07,15.25,15.32,1,10.14,38.06999999999999,51.790000000000006,0.21634219906772684,0.0707070707070707,0.9954308093994778,0.3757142857142857,2.410542234499138,0.19584815766157737,0.5648101169141249,2.5e-05,0.04835625,17.625,1.246212121212121,17.544468015665796,good,19.65
43817,28.7283138,76.8873077,0,1,0.0,0.0,0.0,0.0,0.0,0.0,0,0.0,100.0,0.0,0.0,0.0,0.0,0.0,0.0,0.0,2.9490195001761625,0.0,0.00453125,2.25,0.0,0.0,neutral,1.0
43862,28.7283138,76.9794266,0,3,0.0,0.0,0.0,2.55,3.67,6.22,0,0.0,93.78,6.219999999999999,0.0,1.0,0.590032154340836,0.0,0.0,0.0,7.391461337993872,0.0,0.00953125,2.4375,2.4375,1.4382033762057878,neutral,8.47
43885,28.7283138,77.0265097,94,5,27.41,0.87,28.28,0.14,16.65,16.79,0,0.0,54.93,45.07,0.07952324524849383,0.050505050505050504,0.9916617033948779,0.174,0.0,0.07651950408826312,4.527839414573824,0.0,0.03960625,17.625,0.8901515151515151,17.478037522334724,good,13.93
43892,28.7283138,77.0408393,33,5,14.17,3.81,17.98,1.89,9.86,11.75,1,6.17,64.1,29.730000000000004,0.5477590171161071,0.13157894736842105,0.8391489361702127,0.762,1.969905654611529,0.4368080893515224,3.75296514301989,0.0,0.02845625,9.0,1.1842105263157894,7.552340425531915,good,18.44
43959,28.7283138,77.1779942,100,4,22.84,2.96,25.8,0.35,17.48,17.83,0,0.0,56.37,43.63,0.26639175042118574,0.038461538461538464,0.9803701626472239,0.74,0.0,0.23617171536665835,1.4397244650734258,0.0,0.056925,23.0625,0.8870192307692308,22.6097868760516,good,15.88
43980,28.7283138,77.2209831,49,20,40.88,10.5,51.38,0.3,13.91,14.21,0,0.0,34.41,65.59,0.8976125523389837,0.2898550724637681,0.9788881069669246,0.525,0.0,0.6405965446491929,4.794690553963522,0.0,0.0483125,14.5625,4.221014492753623,14.25505805770584,good,43.56
44025,28.7283138,77.3131021,35,0,3.55,0.0,3.55,0.0,19.47,19.47,0,0.0,76.98,23.019999999999996,0.0,0.0,1.0,0.0,0.0,0.0,1.884199379386973,0.0,0.05203125,9.9375,0.0,9.9375,neutral,2.13
44071,28.7301104,76.9200611,0,1,0.0,0.0,0.0,0.0,0.0,0.0,0,0.0,100.0,0.0,0.0,0.0,0.0,0.0,0.0,0.0,5.178707396477637,0.0,0.00453125,2.25,0.0,0.0,neutral,1.0
44088,28.7301104,76.9548616,0,2,0.0,0.0,0.0,0.0,2.71,2.71,0,0.0,97.29,2.7099999999999937,0.0,0.0,1.0,0.0,0.0,0.0,8.33550369112023,0.0,0.00453125,2.25,0.0,2.25,neutral,1.0
44106,28.7301104,76.9917092,0,1,0.0,0.0,0.0,0.0,0.0,0.0,0,0.0,100.0,0.0,0.0,0.0,0.0,0.0,0.0,0.0,6.63875710991944,0.0,0.00453125,2.25,0.0,0.0,neutral,1.0
44131,28.7301104,77.0428864,21,0,8.35,0.0,8.35,14.48,14.06,28.54,1,2.98,60.13,36.89,0.0,0.0,0.4926419060967064,0.0,1.3812818192963463,0.0,3.8579437962379566,0.0,0.03164375,8.25,0.0,4.064295725297828,neutral,3.67
44151,28.7301104,77.0838282,27,6,10.93,1.37,12.3,5.29,13.52,18.81,0,0.0,68.89,31.11,0.3126891254649527,0.18181818181818182,0.7187666135034556,0.22833333333333336,0.0,0.27207780069521403,2.470965108722596,0.0,0.03494375,8.0,1.4545454545454546,5.750132908027645,good,13.99
44153,28.7301104,77.0879223,45,19,21.27,11.97,33.24,1.93,15.09,17.02,0,0.0,49.74,50.26,1.5563621930144926,0.296875,0.8866039952996475,0.63,0.0,0.9385852295336717,2.4055930514659045,0.0,0.04391875,8.4375,2.5048828125,7.480721210340776,good,42.22
44154,28.7301104,77.0899694,46,15,20.38,10.96,31.34,0.66,21.23,21.89,0,0.0,46.77,53.23,1.398851308232291,0.2459016393442623,0.9698492462311558,0.7306666666666667,0.0,0.8749900012081572,2.397295901501062,0.0,0.0573125,11.6875,2.8739754098360657,11.335113065326633,good,40.43
44167,28.7301104,77.1165816,26,10,17.29,9.46,26.75,10.63,15.16,25.79,0,0.0,47.46,52.54,1.2234102098059378,0.2777777777777778,0.5878247382706475,0.9460000000000001,0.0,0.7990421477857577,2.2769838252727426,0.0,0.04265,7.125,1.9791666666666667,4.1882512601783635,good,33.63
44231,28.7301104,77.2475952,95,14,57.11,3.15,60.26,0.0,15.08,15.08,0,0.0,24.66,75.34,0.20422677358391694,0.12844036697247707,1.0,0.225,0.0,0.1858376793037212,2.1956429786347083,0.0,0.070575,24.1875,3.106651376146789,24.1875,good,32.77
44238,28.7301104,77.2619249,85,17,56.37,3.77,60.14,0.13,15.44,15.57,0,0.0,24.290000000000006,75.71,0.2614003534326158,0.16666666666666666,0.9916506101477199,0.22176470588235295,0.0,0.2322224954381275,0.7984094246899149,0.0,0.0516375,25.812500000000004,4.302083333333334,25.596981374438023,good,37.23
44242,28.7301104,77.2701132,76,10,51.55,15.16,66.71,0.0,10.66,10.66,0,0.0,22.63000000000001,77.36999999999999,0.7861637436447524,0.11627906976744186,1.0,1.516,0.0,0.5800701600237683,0.0,0.0,0.03823125,16.375,1.9040697674418605,16.375,good,39.72
44379,28.7319071,77.0633573,113,6,37.5,3.21,40.71,0.0,21.28,21.28,0,0.0,38.01,61.99,0.22136107344153547,0.05042016806722689,1.0,0.535,0.0,0.19996587085652806,3.4939554235586945,0.0,0.050625,18.8125,0.948529411764706,18.8125,good,20.17
44388,28.7319071,77.0817811,95,25,30.65,6.56,37.21,0.31,23.37,23.68,0,0.0,39.11,60.89,0.8286719847085611,0.20833333333333334,0.9869087837837839,0.26239999999999997,0.0,0.6035900119957679,2.7170575501971013,0.0,0.05541875,20.0,4.166666666666667,19.738175675675677,good,37.86
44390,28.7319071,77.0858752,45,13,18.55,6.12,24.67,5.06,17.1,22.16,0,0.0,53.17,46.83,0.9445079903928876,0.22413793103448276,0.7716606498194947,0.4707692307692308,0.0,0.6650089838327292,2.627588636720294,0.0,0.0466875,8.9375,2.0032327586206895,6.896717057761734,good,28.93
44395,28.7319071,77.0961107,63,16,13.06,4.26,17.32,6.13,16.67,22.8,0,0.0,59.88,40.12,1.0053459413236976,0.20253164556962025,0.731140350877193,0.26625,0.0,0.695816585188902,2.6652335861920795,0.0,0.05344375,12.1875,2.4683544303797467,8.91077302631579,good,28.91
44401,28.7319071,77.1083932,51,11,35.56,4.72,40.28,0.91,15.5,16.41,0,0.0,43.31,56.69,0.4200849802235317,0.1774193548387097,0.9445460085313833,0.4290909090909091,0.0,0.3507167150503544,2.7155555536449536,0.0,0.04603125,11.125,1.9737903225806452,10.50807434491164,good,26.1
44433,28.7319071,77.1739001,79,27,43.77,7.82,51.59,0.42,20.81,21.23,0,0.0,27.180000000000007,72.82,0.7286977222424978,0.25471698113207547,0.9802166745171925,0.2896296296296296,0.0,0.5473683633327886,0.8927855519114727,0.0,0.0789875,27.0625,6.8932783018867925,26.527113754121523,good,49.33
44456,28.7319071,77.2209831,64,10,34.34,3.58,37.92,0.72,13.5,14.22,0,0.0,47.86,52.14,0.32660245766670687,0.13513513513513514,0.9493670886075949,0.358,0.0,0.28262113071329137,4.794608744496087,0.0,0.0402625,13.9375,1.883445945945946,13.231803797468354,good,23.69
44478,28.7319071,77.266019,101,26,49.32,5.38,54.7,0.0,18.79,18.79,0,0.0,26.510000000000005,73.49,0.4676653521323484,0.2047244094488189,1.0,0.20692307692307693,0.0,0.38367294244238626,0.4464069577841054,0.0,0.0542875,27.75,5.681102362204724,27.75,good,42.76
44485,28.7319071,77.2803487,111,3,28.71,0.65,29.36,0.0,12.74,12.74,0,0.0,57.9,42.1,0.04427792915531335,0.02631578947368421,1.0,0.21666666666666667,0.0,0.043325669697353235,1.0178154730765876,0.0,0.03631875,17.0625,0.44901315789473684,17.0625,good,12.4
44491,28.7319071,77.2926312,95,8,55.51,0.69,56.2,0.0,16.35,16.35,0,0.0,27.450000000000003,72.55,0.038919008024825535,0.07766990291262135,1.0,0.08625,0.0,0.03818075722577582,0.631681258692591,0.00046875,0.05200625,23.1875,1.8009708737864076,23.1875,good,25.03
44597,28.7337037,77.0224155,41,4,12.12,0.82,12.94,7.07,18.99,26.06,0,0.0,61.0,39.0,0.14713918375638618,0.08888888888888889,0.7287029930928626,0.205,0.0,0.1372711766933362,4.6582044901121815,0.0,0.03780625,10.25,0.9111111111111111,7.469205679201841,good,10.09
44642,28.7337037,77.1145345,46,18,26.28,14.72,41.0,6.37,20.04,26.41,0,0.0,32.59,67.41,1.5251095853143801,0.28125,0.7588034835289663,0.8177777777777778,0.0,0.926284461910072,2.1224891024586463,0.0,0.055475,12.9375,3.638671875,9.817020068156001,good,47.71
44657,28.7337037,77.1452408,114,14,40.28,10.01,50.29,0.08,12.71,12.79,0,0.0,36.92,63.08,0.7776491322736384,0.109375,0.9937451133698203,0.715,0.0,0.5752917791891483,1.9767260289269832,0.0,0.04464375,19.1875,2.0986328125,19.06748436278343,good,34.95
44667,28.7337037,77.1657117,37,14,48.95,7.81,56.760000000000005,0.0,8.77,8.77,0,0.0,34.47,65.53,0.5375760315662883,0.27450980392156865,1.0,0.5578571428571428,0.0,0.4302071709010826,0.19977280520986107,0.0,0.03408125,12.875,3.5343137254901964,12.875,good,37.87
44717,28.7337037,77.2680661,142,14,45.31,5.36,50.67,0.0,16.38,16.38,0,0.0,32.95,67.05,0.4132807103308005,0.08974358974358974,1.0,0.3828571428571429,0.0,0.3459137466260727,0.44663887470462826,0.0,0.0502875,24.5,2.198717948717949,24.5,good,30.0
44722,28.7337037,77.2783016,117,9,46.05,3.11,49.16,0.12,20.8,20.92,0,0.0,29.92,70.08,0.21015452349673913,0.07142857142857142,0.9942638623326959,0.34555555555555556,0.0,0.1907480568242191,0.8928028023322299,0.0,0.0592375,23.125,1.6517857142857142,22.992351816443595,good,24.85
44766,28.7355003,76.8811664,0,1,0.0,0.0,0.0,0.0,1.15,1.15,0,0.0,98.85,1.1500000000000057,0.0,0.0,0.0,0.0,0.0,0.0,1.9672396459161787,0.0,0.0067125,2.4375,0.0,0.0,neutral,1.0
44815,28.7355003,76.9814737,2,1,0.13,0.0,0.13,0.0,0.24,0.24,0,0.0,99.63,0.37000000000000455,0.0,0.3333333333333333,0.0,0.0,0.0,0.0,7.428857227649902,0.0,0.00505,2.375,0.7916666666666666,0.0,neutral,3.47
44867,28.7355003,77.0879223,43,4,14.76,1.43,16.19,9.01,21.03,30.04,0,0.0,53.77,46.23,0.20508691634891463,0.0851063829787234,0.7000665778961386,0.3575,0.0,0.1865516940915296,3.003266928316516,0.0,0.05339375,10.375,0.8829787234042553,7.263190745672437,good,11.9
44868,28.7355003,77.0899694,18,2,6.99,0.82,7.81,3.46,12.91,16.37,0,0.0,75.82,24.180000000000007,0.16641091556867452,0.1,0.788637751985339,0.0,0.0,0.153931440569238,2.9966254366230705,0.0,0.03415,5.9375,0.59375,4.68253665241295,neutral,7.77
44877,28.7355003,77.1083932,30,4,23.89,1.21,25.1,0.65,17.16,17.81,0,0.0,57.09,42.91,0.11193358545074535,0.11764705882352941,0.9635036496350365,0.3025,0.0,0.10610046873068511,2.5013217451183,0.0,0.04344375,7.875,0.9264705882352942,7.587591240875913,good,13.5
44890,28.7355003,77.1350054,41,4,22.2,1.48,23.68,0.45,17.65,18.1,1,7.399999999999999,50.82000000000001,41.779999999999994,0.14512050593046014,0.08888888888888889,0.9751381215469612,0.37,2.128231705849268,0.1355098768224129,1.2633654766307916,0.0,0.05064375,11.312500000000002,1.0055555555555558,11.03125,good,13.78
44905,28.7355003,77.1657117,60,11,59.34,6.08,65.42,0.08,7.68,7.76,0,0.0,26.82,73.18,0.3331790278872612,0.15492957746478872,0.9896907216494846,0.5527272727272727,0.0,0.2875663366700996,0.0,0.0,0.03120625,14.625,2.265845070422535,14.474226804123711,good,33.74
44926,28.7355003,77.2087006,48,13,28.81,4.16,32.97,2.73,10.41,13.14,0,0.0,53.89,46.11,0.48039419095418967,0.21311475409836064,0.7922374429223744,0.32,0.0,0.3923083975517447,4.19146497659283,0.0,0.0312,15.875,3.3831967213114753,12.576769406392694,good,28.97
44960,28.7355003,77.2783016,67,4,40.68,0.57,41.25,1.67,14.39,16.06,0,0.0,42.690000000000005,57.309999999999995,0.032084824583898094,0.056338028169014086,0.8960149439601496,0.1425,0.0,0.03158085804584166,0.9983166815964166,0.0,0.04224375,11.8125,0.6654929577464789,10.584176525529267,good,16.68
45006,28.7372969,76.8852606,1,1,0.03,0.0,0.03,0.0,0.0,0.0,0,0.0,99.97,0.030000000000001137,0.0,0.0,0.0,0.0,0.0,0.0,1.9970423902674606,0.0,0.004525,2.375,0.0,0.0,neutral,1.01
45187,28.7372969,77.2557836,144,7,33.82,0.83,34.65,0.0,17.49,17.49,0,0.0,47.86,52.14,0.07186147186147186,0.046357615894039736,1.0,0.11857142857142856,0.0,0.0693968302886475,1.6095541854909412,0.0,0.0579375,28.9375,1.341473509933775,28.9375,good,17.23
45195,28.7372969,77.2721603,82,3,35.82,0.71,36.53,0.06,16.78,16.84,0,0.0,46.63,53.37,0.038872159868601146,0.03529411764705882,0.9964370546318291,0.23666666666666666,0.0,0.0381356630344478,0.8236527693647332,0.0,0.0432375,19.8125,0.6992647058823529,19.741909144893114,good,15.38
45204,28.7372969,77.2905841,75,2,68.06,1.3,69.36,0.0,11.45,11.45,0,0.0,19.19,80.81,0.02970662126495823,0.025974025974025976,1.0,0.0,0.0,0.029273927945373382,0.0,0.0,0.03580625,13.5,0.35064935064935066,13.5,neutral,24.66
45207,28.7372969,77.2967254,86,2,36.76,0.61,37.37,0.1,12.36,12.46,0,0.0,50.17,49.83,0.02587174539576947,0.022727272727272728,0.9919743178170143,0.0,0.0,0.025542734447311543,0.5987732049943031,0.0,0.03381875,16.5625,0.37642045454545453,16.4295746388443,neutral,14.47
45291,28.7390936,76.9814737,0,1,0.0,0.0,0.0,0.0,1.0,1.0,0,0.0,99.0,1.0,0.0,0.0,0.0,0.0,0.0,0.0,7.2327688543293664,0.0,0.00645,2.3125,0.0,0.0,neutral,1.0
45328,28.7390936,77.057216,155,8,32.39,1.41,33.8,0.07,23.02,23.09,0,0.0,43.11,56.89,0.1322365163323568,0.049079754601226995,0.9969683845820702,0.17625,0.0,0.12419489464612211,3.539710119807943,0.0,0.05501875,23.999999999999996,1.1779141104294477,23.92724122996968,good,17.35
45329,28.7390936,77.0592631,153,4,24.93,0.82,25.75,0.0,18.98,18.98,0,0.0,55.27,44.73,0.07394101117699561,0.025477707006369428,1.0,0.205,0.0,0.07133507016206676,3.6010558423025776,0.0,0.04716875,20.812500000000004,0.5302547770700639,20.812500000000004,good,11.94
45359,28.7390936,77.1206758,92,26,37.53,7.64,45.17,2.18,17.63,19.81,0,0.0,35.02,64.97999999999999,0.8042360087785897,0.22033898305084745,0.8899545683997981,0.2938461538461538,0.0,0.5901372383488468,1.27841285707236,0.0,0.05325625,15.0625,3.3188559322033897,13.40494068652196,good,37.44
45360,28.7390936,77.1227228,73,25,34.9,11.78,46.68,7.6,17.88,25.48,0,0.0,27.840000000000003,72.16,1.18618637274426,0.25510204081632654,0.7017268445839874,0.47119999999999995,0.0,0.7821586435511817,1.1295426202338577,0.0,0.04874375,14.9375,3.8105867346938775,10.482044740973311,good,45.06
45373,28.7390936,77.149335,45,13,25.72,15.41,41.13,3.24,14.52,17.76,0,0.0,41.11,58.89,1.4264852747120758,0.22413793103448276,0.8175675675675674,1.1853846153846155,0.0,0.88644382131477,1.6459515450672264,0.0,0.040325,9.0625,2.03125,7.40920608108108,good,41.38
45374,28.7390936,77.1513821,37,12,27.1,10.77,37.870000000000005,2.77,14.87,17.64,0,0.0,44.49,55.51,1.0523827769838805,0.24489795918367346,0.8429705215419501,0.8975,0.0,0.719001448403552,1.4531384878308111,0.0,0.03995,7.249999999999999,1.7755102040816324,6.111536281179137,good,34.04
45375,28.7390936,77.1534292,18,22,7.37,4.66,12.03,14.04,12.15,26.19,1,3.28,58.5,38.22,1.7522692198857592,0.55,0.4639175257731959,0.21181818181818182,1.4539530095937054,1.0124257422797207,1.262434009900845,0.0,0.03674375,5.75,3.1625,2.6675257731958766,good,40.35
45398,28.7390936,77.2005122,106,29,50.61,8.3,58.91,0.14,15.23,15.37,0,0.0,25.72,74.28,0.6913459844432305,0.21481481481481482,0.9908913467794406,0.28620689655172415,0.0,0.525524652443499,3.416473178938317,0.0,0.05119375,29.625,6.363888888888889,29.355156148340928,good,49.49
45441,28.7390936,77.288537,43,2,36.23,1.09,37.32,10.27,12.16,22.43,0,0.0,40.25,59.75,0.046291777218275994,0.044444444444444446,0.5421310744538564,0.0,0.0,0.045252272459977594,0.282399585946241,0.0,0.0354875,10.75,0.4777777777777778,5.827909050378957,neutral,15.06
45601,28.7408902,77.1288641,68,18,29.17,13.03,42.2,1.01,24.14,25.15,0,0.0,32.650000000000006,67.35,1.3116231161177703,0.20930232558139536,0.959840954274354,0.7238888888888888,0.0,0.8379499254624332,0.6316758368190333,0.0,0.0648125,22.0625,4.617732558139535,21.176491053677935,good,47.95
45610,28.7408902,77.1472879,54,9,33.27,7.44,40.71,1.33,11.06,12.39,0,0.0,46.9,53.1,0.6071025552926056,0.14285714285714285,0.8926553672316384,0.8266666666666667,0.0,0.4744329025738668,1.7053992482107103,0.0,0.03283125,10.375,1.482142857142857,9.26129943502825,good,27.49
45665,28.7408902,77.2598778,116,7,48.87,1.93,50.8,1.75,19.96,21.71,0,0.0,27.489999999999995,72.51,0.11397637795275589,0.056910569105691054,0.9193919852602488,0.2757142857142857,0.0,0.10793593656999624,1.5597157466744787,0.0,0.06124375,27.8125,1.5828252032520325,25.57058959005067,good,23.75
45691,28.7408902,77.3131021,65,9,42.63,4.7,47.330000000000005,5.51,8.4,13.91,0,0.0,38.75999999999999,61.24000000000001,0.3298766542567209,0.12162162162162163,0.603882099209202,0.5222222222222223,0.0,0.28508619677257485,1.0177123430827224,0.0,0.03226875,17.5625,2.13597972972973,10.60567936736161,good,27.52
45743,28.7426868,76.9323436,19,7,2.93,0.0,2.93,0.0,7.91,7.91,0,0.0,89.16,10.840000000000003,0.0,0.2692307692307692,1.0,0.0,0.0,0.0,5.873129577997904,0.0,0.01656875,4.1875,1.127403846153846,4.1875,neutral,5.39
45771,28.7426868,76.9896621,0,4,0.0,0.0,0.0,0.0,0.07,0.07,1,0.63,99.3,0.07000000000000739,0.0,1.0,0.0,0.0,0.48858001481867097,0.0,6.340350641101996,0.00105625,0.00920625,2.3125,2.3125,0.0,neutral,8.08
45795,28.7426868,77.0387922,0,1,0.0,0.0,0.0,0.0,0.0,0.0,0,0.0,100.0,0.0,0.0,0.0,0.0,0.0,0.0,0.0,3.101115816327146,0.0,0.00453125,2.25,0.0,0.0,neutral,1.0
45823,28.7426868,77.0961107,104,28,31.29,12.6,43.89,0.4,18.64,19.04,0,0.0,37.07,62.93,1.3946356923811212,0.21212121212121213,0.9789915966386555,0.45,0.0,0.8732311075520552,3.4162400959678387,0.0,0.04418125,18.3125,3.8844696969696972,17.927783613445378,good,47.47
45824,28.7426868,77.0981578,110,9,38.36,2.24,40.6,0.17,21.92,22.09,0,0.0,37.31,62.69,0.18327879144206138,0.07563025210084033,0.9923042100497964,0.2488888888888889,0.0,0.16828922201785484,3.2181170605543574,0.0,0.05314375,21.25,1.607142857142857,21.086464463558173,good,21.59
45847,28.7426868,77.1452408,82,20,28.47,6.21,34.68,1.85,13.06,14.91,0,0.0,50.41,49.59,0.786513586950868,0.19607843137254902,0.8759221998658618,0.3105,0.0,0.5802660037985408,1.4401372601454738,0.0,0.0370875,16.625,3.2598039215686274,14.562206572769954,good,33.65
45855,28.7426868,77.1616175,84,14,40.2,4.97,45.17,0.06,20.46,20.52,0,0.0,34.31,65.69,0.42987040646832714,0.14285714285714285,0.9970760233918129,0.355,0.0,0.35758381531781264,0.8932555336425769,0.0,0.0526375,23.75,3.392857142857143,23.680555555555557,good,32.15
45863,28.7426868,77.1779942,138,11,39.1,1.4,40.5,0.06,15.93,15.99,0,0.0,43.51,56.49,0.12392462965455847,0.0738255033557047,0.9962476547842402,0.12727272727272726,0.0,0.1168266937557063,1.4396559591184552,0.0,0.05684375,30.812499999999996,2.274748322147651,30.696880863039397,good,22.73
45909,28.7426868,77.2721603,62,15,26.2,9.48,35.68,0.0,13.91,13.91,0,0.0,50.41,49.59,1.062780269058296,0.19480519480519481,1.0,0.632,0.0,0.7240547180230219,1.412603620792874,0.0,0.03374375,10.125,1.9724025974025976,10.125,good,34.1
45924,28.7426868,77.3028666,61,10,64.2,2.77,66.97,0.0,13.33,13.33,0,0.0,19.700000000000003,80.3,0.1430883318444873,0.14084507042253522,1.0,0.277,0.0,0.13373366253051225,0.0,0.0,0.04008125,13.875,1.9542253521126762,13.875,good,30.48
45926,28.7426868,77.3069608,77,23,30.18,7.97,38.15,10.95,14.91,25.86,0,0.0,35.989999999999995,64.01,0.9578545512646819,0.23,0.5765661252900233,0.34652173913043477,0.0,0.6718492570103272,0.399161544203581,0.0,0.03461875,13.875,3.19125,7.999854988399073,good,37.07
45929,28.7426868,77.3131021,84,7,15.88,3.35,19.23,2.5,14.36,16.86,0,0.0,63.91,36.09,0.5226209048361934,0.07692307692307693,0.8517200474495848,0.4785714285714286,0.0,0.4204331294924224,0.9979038602512031,0.0,0.0342,13.3125,1.0240384615384617,11.338523131672599,good,17.98
46010,28.7444834,76.9917092,0,1,0.0,0.0,0.0,0.0,0.0,0.0,0,0.0,100.0,0.0,0.0,0.0,0.0,0.0,0.0,0.0,6.070581347715335,0.0,0.00456875,2.25,0.0,0.0,neutral,1.0
46062,28.7444834,77.0981578,70,27,44.59,11.3,55.89,0.04,19.8,19.84,0,0.0,24.27,75.73,0.9719647632716214,0.27835051546391754,0.997983870967742,0.41851851851851857,0.0,0.6790303874972812,3.199433469615572,0.0,0.0516,18.5625,5.166881443298969,18.52507560483871,good,49.0
46067,28.7444834,77.1083932,29,6,48.85,6.28,55.13,0.0,7.99,7.99,1,0.1,36.78,63.12,0.3197930148833984,0.17142857142857143,1.0,1.0466666666666666,0.09531017980432487,0.2774749173962748,2.2043929591978575,0.0,0.021725,5.1875,0.8892857142857143,5.1875,good,26.04
46080,28.7444834,77.1350054,74,23,36.37,16.03,52.4,6.83,16.68,23.51,0,0.0,24.090000000000003,75.91,1.4026135283694683,0.23711340206185566,0.7094853253934496,0.6969565217391305,0.0,0.8765571150099496,0.44635287780041244,0.0,0.043625,16.0,3.7938144329896906,11.351765206295193,good,50.02
46145,28.7444834,77.2680661,136,7,30.29,3.62,33.91,0.0,15.44,15.44,0,0.0,50.650000000000006,49.349999999999994,0.3202595104688883,0.04895104895104895,1.0,0.5171428571428571,0.0,0.27782831611532693,1.6106193825541604,0.0,0.043575,26.75,1.3094405594405594,26.75,good,20.56
46159,28.7444834,77.2967254,74,10,49.45,3.75,53.2,0.0,10.0,10.0,0,0.0,36.8,63.2,0.2438509129678546,0.11904761904761904,1.0,0.375,0.0,0.21821214225387028,0.6311764374208717,0.0,0.02814375,11.1875,1.331845238095238,11.1875,good,25.66
46202,28.74628,76.8975431,1,2,0.14,0.0,0.14,0.04,3.86,3.9,0,0.0,95.96,4.040000000000006,0.0,0.6666666666666666,0.9897435897435898,0.0,0.0,0.0,2.4686709773454116,0.0,0.01054375,2.6875,1.7916666666666665,2.6599358974358975,neutral,6.53
46270,28.74628,77.0367451,4,3,0.69,0.0,0.69,2.62,4.14,6.76,0,0.0,92.55,7.450000000000003,0.0,0.42857142857142855,0.6124260355029586,0.0,0.0,0.0,2.7821474663471752,0.0,0.01049375,2.5625,1.0982142857142856,1.5693417159763314,neutral,4.58
46316,28.74628,77.1309112,30,3,53.46,7.08,60.54,0.43,10.16,10.59,0,0.0,28.870000000000005,71.13,0.23389494549058473,0.09090909090909091,0.959395656279509,2.36,0.0,0.21017578854519903,0.0,0.0,0.020775,5.812499999999999,0.5284090909090908,5.576487252124645,good,25.39
46328,28.74628,77.1554763,137,9,24.52,1.73,26.25,0.0,17.06,17.06,0,0.0,56.690000000000005,43.309999999999995,0.21893088015829093,0.06164383561643835,1.0,0.1922222222222222,0.0,0.1979741468064333,0.9988862650341563,0.0,0.0456,23.1875,1.4293664383561644,23.1875,good,16.99
46387,28.74628,77.2762545,132,3,31.86,1.08,32.94,0.19,17.2,17.39,0,0.0,49.67,50.33,0.06557377049180328,0.022222222222222223,0.9890741805635422,0.36000000000000004,0.0,0.06351340572232586,1.7174252873866351,0.0,0.04295,19.375,0.4305555555555556,19.16331224841863,good,13.8
46426,28.7480767,76.8688839,95,1,26.69,0.33,27.02,1.83,17.17,19.0,0,0.0,53.98,46.02,0.01221317542561066,0.010416666666666666,0.9036842105263159,0.0,0.0,0.012139196335937415,0.5647450116968636,0.0,0.04385625,17.75,0.18489583333333331,16.040394736842106,neutral,10.37
46465,28.7480767,76.9487203,0,1,0.0,0.0,0.0,0.0,0.0,0.0,0,0.0,100.0,0.0,0.0,0.0,0.0,0.0,0.0,0.0,7.394743219385338,0.0,0.00453125,2.25,0.0,0.0,neutral,1.0
46487,28.7480767,76.9937563,0,1,0.0,0.0,0.0,0.0,0.0,0.0,0,0.0,100.0,0.0,0.0,0.0,0.0,0.0,0.0,0.0,5.71534301313231,0.0,0.00453125,2.25,0.0,0.0,neutral,1.0
46511,28.7480767,77.0428864,0,1,0.0,0.0,0.0,0.0,0.0,0.0,0,0.0,100.0,0.0,0.0,0.0,0.0,0.0,0.0,0.0,2.430289744657079,0.0,0.00453125,2.25,0.0,0.0,neutral,1.0
46537,28.7480767,77.0961107,16,3,5.83,2.01,7.84,1.25,13.14,14.39,0,0.0,77.77000000000001,22.22999999999999,0.5127551020408163,0.15789473684210525,0.9131341209173037,0.6699999999999999,0.0,0.4139325592072629,3.398584905436188,0.0,0.025875,4.5625,0.7203947368421052,4.166174426685198,good,13.27
46546,28.7480767,77.1145345,51,5,42.81,5.2,48.010000000000005,0.12,11.74,11.86,0,0.0,40.13,59.87,0.2799792752291192,0.08928571428571429,0.9898819561551434,1.04,0.0,0.24684388657319584,1.6090190413541303,0.0,0.02833125,10.8125,0.9654017857142857,10.703098650927489,good,23.41
46553,28.7480767,77.1288641,66,8,25.28,5.28,30.56,3.14,14.89,18.03,0,0.0,51.41,48.59,0.5476833772125461,0.10810810810810811,0.8258458125346644,0.66,0.0,0.4367592175626533,0.2823874569318561,0.0,0.03391875,15.3125,1.6554054054054055,12.645764004437048,good,23.9
46580,28.7480767,77.1841355,99,0,15.79,0.0,15.79,0.34,18.48,18.82,0,0.0,65.39,34.61,0.0,0.0,0.9819341126461212,0.0,0.0,0.0,2.2764145916225305,0.0,0.04304375,16.625,0.0,16.324654622741765,neutral,6.04
46590,28.7480767,77.2046064,129,11,53.1,2.02,55.120000000000005,0.0,19.64,19.64,0,0.0,25.239999999999995,74.76,0.13137924984500607,0.07857142857142857,1.0,0.18363636363636363,0.0,0.12343746351214212,4.04168749659084,0.0,0.0581,29.125,2.288392857142857,29.125,good,27.55
46637,28.7480767,77.3008195,150,8,37.35,2.38,39.73,0.06,18.34,18.4,0,0.0,41.87,58.13,0.18989231068292733,0.05063291139240506,0.9967391304347827,0.2975,0.0,0.17386280780406732,0.6316853022180005,0.0,0.04413125,20.875,1.0569620253164558,20.806929347826088,good,19.72
46716,28.7498733,76.9753325,2,2,0.27,0.0,0.27,2.6,1.55,4.15,0,0.0,95.58,4.420000000000002,0.0,0.5,0.37349397590361444,0.0,0.0,0.0,7.321707944268748,0.0,0.007375,2.25,1.125,0.8403614457831325,neutral,4.53
46724,28.7498733,76.9917092,0,1,0.0,0.0,0.0,0.0,0.0,0.0,0,0.0,100.0,0.0,0.0,0.0,0.0,0.0,0.0,0.0,5.818692522741898,0.0,0.00453125,2.25,0.0,0.0,neutral,1.0
46790,28.7498733,77.126817,46,0,14.48,0.0,14.48,0.13,8.57,8.7,0,0.0,76.82,23.180000000000007,0.0,0.0,0.9850574712643679,0.0,0.0,0.0,0.5647646208733381,0.0,0.0253875,10.875,0.0,10.712500000000002,neutral,5.62
46856,28.7498733,77.2619249,25,1,6.63,0.6,7.229999999999999,2.52,5.86,8.38,0,0.0,84.39,15.61,0.08298755186721993,0.038461538461538464,0.6992840095465394,0.0,0.0,0.07972347383203843,2.3380533964064414,0.0,0.0145625,6.375000000000001,0.24519230769230774,4.457935560859189,neutral,5.28
46860,28.7498733,77.2701132,73,6,20.35,2.94,23.290000000000003,2.37,16.03,18.4,0,0.0,58.31,41.69,0.35438486349718146,0.0759493670886076,0.8711956521739131,0.49,0.0,0.3033473759748567,2.197534215783626,0.0,0.03944375,11.9375,0.9066455696202532,10.399898097826089,good,16.44
46903,28.7516699,76.870931,198,6,43.4,0.88,44.28,0.11,16.11,16.22,0,0.0,39.5,60.5,0.055792058071605505,0.029411764705882353,0.9932182490752158,0.14666666666666667,0.0,0.05429125118890467,0.19955385930917383,0.0,0.041425,20.25,0.5955882352941176,20.11266954377312,good,17.78
46904,28.7516699,76.872978,73,0,70.4,0.0,70.4,0.0,9.88,9.88,0,0.0,19.72,80.28,0.0,0.0,1.0,0.0,0.0,0.0,0.0,0.0,0.03834375,18.1875,0.0,18.1875,neutral,23.48
46929,28.7516699,76.9241553,0,2,0.0,0.0,0.0,0.0,2.7,2.7,0,0.0,97.3,2.700000000000003,0.0,0.0,1.0,0.0,0.0,0.0,4.9890706621981575,0.0,0.00453125,2.25,0.0,2.25,neutral,1.0
47063,28.7516699,77.1984651,56,20,26.77,14.28,41.05,6.64,9.52,16.16,0,0.0,42.79,57.21,1.5279486674124412,0.2631578947368421,0.5891089108910891,0.714,0.0,0.927408170466282,3.6646335433474353,0.0,0.0257875,12.625,3.3223684210526314,7.4375,good,46.8
47152,28.7534665,76.8934489,1,1,0.03,0.0,0.03,0.0,0.0,0.0,0,0.0,99.97,0.030000000000001137,0.0,0.0,0.0,0.0,0.0,0.0,2.0055834807501487,0.0,0.00453125,2.3125,0.0,0.0,neutral,1.01
47271,28.7534665,77.1370525,28,8,55.56,12.72,68.28,0.29,10.38,10.67,0,0.0,21.05,78.95,0.5905308438539282,0.2222222222222222,0.9728209934395502,1.59,0.0,0.46406782457101114,0.0,0.0,0.0344375,5.875,1.3055555555555556,5.715323336457358,good,35.5
47285,28.7534665,77.1657117,43,0,35.08,0.0,35.08,0.65,17.1,17.75,1,0.95,46.22,52.83,0.0,0.0,0.9633802816901409,0.0,0.6678293725756554,0.0,1.01758715243121,0.0,0.03503125,12.0625,0.0,11.620774647887325,neutral,12.2
47294,28.7534665,77.1841355,89,8,21.33,3.64,24.97,0.34,22.73,23.07,0,0.0,51.96,48.04,0.46209559492390945,0.08247422680412371,0.9852622453402687,0.455,0.0,0.3798707455948518,2.686501707053987,0.0,0.04981875,19.875,1.6391752577319587,19.582087126137843,good,20.8
47302,28.7534665,77.2005122,54,10,37.87,7.68,45.55,0.12,13.25,13.37,0,0.0,41.080000000000005,58.919999999999995,0.5832806768635443,0.15625,0.9910246821241586,0.768,0.0,0.4594990721076618,3.937266278998359,0.0,0.0364125,16.5625,2.587890625,16.413846297681378,good,32.07
47348,28.7534665,77.2946783,118,4,18.26,0.36,18.62,0.4,20.72,21.12,0,0.0,60.26,39.74,0.04489227251124868,0.03278688524590164,0.981060606060606,0.09,0.0,0.04391379159680696,1.4401372601447862,0.0,0.0539,22.0625,0.7233606557377049,21.644649621212118,good,9.82
47493,28.7552632,77.104299,22,4,2.55,5.73,8.280000000000001,3.68,20.26,23.94,1,0.8500000000000001,66.93,32.22,1.6068415439256745,0.15384615384615385,0.8462823725981621,1.4325,0.6151856390902335,0.9581393521013147,2.7799947847226294,0.0,0.04700625,9.75,1.5,8.25125313283208,good,31.92
47518,28.7552632,77.1554763,57,10,54.57,9.03,63.6,0.0,12.48,12.48,0,0.0,23.92,76.08,0.49117401755180495,0.14925373134328357,1.0,0.9029999999999999,0.0,0.3995637409453305,0.0,0.0,0.03388125,14.187500000000002,2.1175373134328357,14.187500000000002,good,35.03
47534,28.7552632,77.1882297,100,4,21.8,1.31,23.11,0.0,18.54,18.54,0,0.0,58.35,41.65,0.1316194636219145,0.038461538461538464,1.0,0.3275,0.0,0.12364976038741753,3.106218871815076,0.0,0.04334375,21.0625,0.8100961538461539,21.0625,good,12.8
47537,28.7552632,77.1943709,121,7,39.43,2.15,41.58,0.13,15.62,15.75,0,0.0,42.67,57.33,0.15512265512265513,0.0546875,0.9917460317460317,0.3071428571428571,0.0,0.14420653324686616,3.5546886858720863,0.0,0.05039375,24.6875,1.35009765625,24.483730158730157,good,20.7
47540,28.7552632,77.2005122,66,10,48.45,3.19,51.64,0.09,11.77,11.86,0,0.0,36.5,63.5,0.2137023017709717,0.13157894736842105,0.9924114671163575,0.319,0.0,0.19367544161925268,4.042278828543311,0.0,0.036475,17.875,2.351973684210526,17.73935497470489,good,27.84
47573,28.7552632,77.2680661,150,10,34.28,2.48,36.76,0.36,18.81,19.17,0,0.0,44.07,55.93,0.23338929309631384,0.0625,0.9812206572769951,0.248,0.0,0.20976590273355059,2.8039756283728,0.0,0.0592875,24.5,1.53125,24.03990610328638,good,20.87
47591,28.7552632,77.3049137,36,2,4.55,0.0,4.55,0.43,11.82,12.25,0,0.0,83.2,16.799999999999997,0.0,0.05263157894736842,0.9648979591836735,0.0,0.0,0.0,1.4126002261785826,0.0,0.0334875,8.4375,0.444078947368421,8.141326530612245,neutral,3.81
47594,28.7552632,77.311055,0,5,0.0,0.0,0.0,0.0,6.76,6.76,0,0.0,93.24,6.760000000000005,0.0,1.0,1.0,0.0,0.0,0.0,1.6102343709873996,0.0,0.0172125,2.625,2.625,2.625,neutral,9.04
47683,28.7570598,77.0060388,0,1,0.0,0.0,0.0,0.0,0.0,0.0,0,0.0,100.0,0.0,0.0,0.0,0.0,0.0,0.0,0.0,4.228724964985474,0.0,0.00453125,2.25,0.0,0.0,neutral,1.0
47716,28.7570598,77.0735927,105,7,28.06,1.28,29.34,0.39,20.49,20.88,0,0.0,49.78,50.22,0.130879345603272,0.0625,0.9813218390804598,0.18285714285714286,0.0,0.12299551204746278,2.946948584059529,0.0,0.04509375,19.6875,1.23046875,19.31977370689655,good,16.07
47755,28.7570598,77.1534292,112,22,46.49,5.7,52.190000000000005,0.05,21.59,21.64,0,0.0,26.17,73.83,0.49404681259867733,0.16417910447761194,0.9976894639556376,0.2590909090909091,0.0,0.4014884199537888,0.2823650310564956,0.0,0.05435,23.5,3.8582089552238807,23.445702402957483,good,36.76
47770,28.7570598,77.1841355,65,6,18.6,2.0,20.6,0.57,16.95,17.52,1,25.5,36.38,38.12,0.2725587302968548,0.08450704225352113,0.9674657534246576,0.3333333333333333,3.2771447329921766,0.2410296218524369,2.8008843030467903,0.0,0.04423125,15.4375,1.3045774647887323,14.935252568493151,good,15.59
47778,28.7570598,77.2005122,68,13,52.14,5.56,57.7,0.08,12.35,12.43,0,0.0,29.870000000000005,70.13,0.3668785678793809,0.16049382716049382,0.9935639581657281,0.42769230769230765,0.0,0.3125297226910347,4.154244146225733,0.0,0.042425,17.75,2.8487654320987654,17.635760257441675,good,33.56
47812,28.7570598,77.2701132,69,3,13.96,0.32,14.28,10.49,14.1,24.59,0,0.0,61.13,38.87,0.04481792717086835,0.041666666666666664,0.5734038226921513,0.10666666666666667,0.0,0.04384263786417646,2.968505273551143,0.0,0.0409125,13.6875,0.5703125,7.848464823098821,good,7.97
47818,28.7570598,77.2823957,63,5,32.26,2.81,35.07,0.0,17.08,17.08,0,0.0,47.85,52.15,0.20712131813591245,0.07352941176470588,1.0,0.562,0.0,0.1882384491902487,2.338037973515351,0.0,0.03998125,13.375,0.9834558823529412,13.375,good,18.26
47819,28.7570598,77.2844428,46,10,21.47,10.26,31.73,11.26,9.74,21.0,0,0.0,47.27,52.73,1.1186186072240363,0.17857142857142858,0.46380952380952384,1.026,0.0,0.7507642759341174,2.2776343332799556,0.0,0.032075,11.375,2.03125,5.275833333333334,good,33.84
47944,28.7588564,77.0531218,41,3,39.1,1.36,40.46,0.0,13.83,13.83,0,0.0,45.71,54.29,0.06722689075630252,0.06818181818181818,1.0,0.45333333333333337,0.0,0.06506359334706188,1.3398095375807901,0.0,0.03146875,8.125,0.5539772727272727,8.125,good,16.61
47962,28.7588564,77.0899694,7,9,1.05,0.0,1.05,3.59,13.32,16.91,1,0.93,81.11,17.959999999999994,0.0,0.5625,0.7876995860437611,0.0,0.6575200029167942,0.0,4.229117540533973,0.0,0.04260625,6.25,3.515625,4.923122412773507,good,12.11
47967,28.7588564,77.1002049,45,5,8.98,0.67,9.65,1.47,17.62,19.09,0,0.0,71.25999999999999,28.74000000000001,0.17947408036095075,0.1,0.9229963331587219,0.134,0.0,0.16506864451684586,3.248461770902369,0.0,0.0441625,10.562499999999998,1.05625,9.749148768988999,good,9.96
47992,28.7588564,77.1513821,67,34,49.59,11.95,61.540000000000006,0.15,18.2,18.35,0,0.0,20.11,79.89,0.9960177454093653,0.33663366336633666,0.991825613079019,0.3514705882352941,0.0,0.691154068335406,0.0,0.0,0.05518125,21.25,7.153465346534654,21.076294277929154,good,57.24
47995,28.7588564,77.1575233,82,14,40.39,5.27,45.66,2.4,22.55,24.95,0,0.0,29.39,70.61,0.45092670693948517,0.14583333333333334,0.9038076152304609,0.3764285714285714,0.0,0.37220246052391814,0.44660309746142035,0.0,0.04881875,20.5625,2.998697916666667,18.584544088176354,good,31.41
48044,28.7588564,77.2578307,99,1,11.31,0.0,11.31,0.08,21.83,21.91,0,0.0,66.78,33.22,0.0,0.01,0.9963486992240985,0.0,0.0,0.0,3.4133457956636057,0.0,0.04970625,20.062499999999996,0.20062499999999997,19.989245778183474,neutral,5.23
48057,28.7588564,77.2844428,61,15,21.3,4.07,25.37,10.91,13.9,24.81,0,0.0,49.82,50.18,0.6417027985810012,0.19736842105263158,0.5602579604997985,0.27133333333333337,0.0,0.4957339950016612,2.470938346524908,0.0,0.0415875,13.1875,2.602796052631579,7.388401854091092,good,26.53
48066,28.7588564,77.3028666,86,1,15.23,0.0,15.23,0.47,16.24,16.71,0,0.0,68.06,31.939999999999998,0.0,0.011494252873563218,0.9718731298623577,0.0,0.0,0.0,1.797977485872186,0.0,0.0439375,14.5625,0.16738505747126436,14.152902453620584,neutral,6.38
48067,28.7588564,77.3049137,100,4,16.83,0.49,17.319999999999997,0.04,23.08,23.12,0,0.0,59.56,40.44,0.06568965164519674,0.038461538461538464,0.9982698961937715,0.1225,0.0,0.06362214981496503,1.8090188937529437,0.0,0.05924375,19.25,0.7403846153846154,19.2166955017301,good,9.77
48187,28.760653,77.0633573,59,9,51.59,3.03,54.620000000000005,0.03,11.71,11.74,0,0.0,33.64,66.36,0.18428125462300818,0.1323529411764706,0.9974446337308348,0.33666666666666667,0.0,0.16913605438649573,1.8830568536297112,0.0,0.04489375,16.5625,2.192095588235294,16.52017674616695,good,27.87
48244,28.760653,77.1800413,96,0,27.14,0.0,27.14,0.09,18.13,18.22,0,0.0,54.64,45.36,0.0,0.0,0.9950603732162459,0.0,0.0,0.0,2.4684589731590254,0.0,0.04375,18.375,0.0,18.28423435784852,neutral,9.67
48461,28.7624496,77.1370525,95,4,28.13,0.47,28.6,0.0,15.18,15.18,0,0.0,56.22,43.78,0.03815755960129581,0.04040404040404041,1.0,0.1175,0.0,0.03744756474793564,0.44629644578949984,0.0,0.03908125,20.125,0.8131313131313131,20.125,good,13.18
48462,28.7624496,77.1390996,101,9,49.79,3.53,53.32,0.0,16.43,16.43,0,0.0,30.25,69.75,0.21992509705462093,0.08181818181818182,1.0,0.3922222222222222,0.0,0.19878946100349434,0.6310817250355301,0.0,0.0459,21.124999999999996,1.7284090909090906,21.124999999999996,good,26.56
48464,28.7624496,77.1431937,74,9,30.96,5.27,36.23,0.15,13.25,13.4,0,0.0,50.370000000000005,49.629999999999995,0.4832062119805796,0.10843373493975904,0.9888059701492538,0.5855555555555555,0.0,0.3942061040492292,0.8926013634270983,0.0,0.035675,14.8125,1.6061746987951808,14.646688432835822,good,24.61
48466,28.7624496,77.1472879,25,8,9.32,4.84,14.16,15.5,10.73,26.23,1,21.81,37.8,40.39,1.083505438346101,0.24242424242424243,0.40907357987037746,0.605,3.1271990362962967,0.7340517820742772,0.5647227812377292,0.0,0.034175,8.0,1.9393939393939394,3.2725886389630197,good,27.43
48469,28.7624496,77.1534292,108,17,40.89,5.64,46.53,0.59,20.87,21.46,0,0.0,32.010000000000005,67.99,0.5054454547202802,0.136,0.972506989748369,0.3317647058823529,0.0,0.40908883760929626,0.4466043842361921,0.0,0.05325,27.187499999999996,3.6975,26.44003378378378,good,34.63
48524,28.7624496,77.266019,111,9,28.43,1.26,29.69,0.04,12.06,12.1,0,0.0,58.21,41.79,0.14097775006931884,0.075,0.9966942148760332,0.14,0.0,0.13188557031234438,3.618039680313057,0.0,0.0456625,15.75,1.18125,15.697933884297523,good,16.18
48527,28.7624496,77.2721603,175,3,32.18,0.59,32.77,0.0,22.93,22.93,0,0.0,44.3,55.7,0.03600854440036618,0.016853932584269662,1.0,0.19666666666666666,0.0,0.0353753912939819,3.3239038547997763,0.0,0.07939375,31.625,0.5330056179775281,31.625,good,13.63
48530,28.7624496,77.2783016,66,3,25.45,0.73,26.18,0.03,15.66,15.69,0,0.0,58.13,41.87,0.05576776165011459,0.043478260869565216,0.9980879541108987,0.24333333333333332,0.0,0.054268238417715275,3.0423894215017446,0.0,0.038225,14.6875,0.6385869565217391,14.659416826003824,good,12.14
48534,28.7624496,77.2864899,160,9,39.48,2.3,41.78,0.0,23.92,23.92,0,0.0,34.3,65.7,0.18287301623362692,0.05325443786982249,1.0,0.25555555555555554,0.0,0.16794623877299622,2.7162240849501647,0.0,0.06028125,30.375,1.6176035502958581,30.375,good,21.99
48538,28.7624496,77.2946783,142,5,22.89,1.59,24.48,0.53,22.53,23.06,0,0.0,52.46,47.54,0.1678958486988006,0.034013605442176874,0.9770164787510842,0.318,0.0,0.15520370979550938,2.3380101278778245,0.0,0.06350625,23.0,0.7823129251700681,22.471379011274937,good,13.69
48584,28.7642463,76.9016373,0,1,0.0,0.0,0.0,0.0,2.4,2.4,0,0.0,97.6,2.4000000000000057,0.0,0.0,1.0,0.0,0.0,0.0,3.124170483848856,0.0,0.0091,2.625,0.0,2.625,neutral,1.0
48611,28.7642463,76.9569087,2,1,0.06,0.0,0.06,0.0,0.72,0.72,0,0.0,99.22,0.7800000000000011,0.0,0.3333333333333333,0.0,0.0,0.0,0.0,8.30022876233426,0.0,0.0059375,2.5625,0.8541666666666666,0.0,neutral,3.64
48697,28.7642463,77.1329583,14,1,67.22,3.01,70.23,0.33,9.19,9.52,0,0.0,20.25,79.75,0.042859176989890356,0.06666666666666667,0.9653361344537815,0.0,0.0,0.04196614963538087,0.0,0.0,0.0216875,4.6875,0.3125,4.525013130252101,neutral,25.01
48712,28.7642463,77.1636646,18,0,6.45,0.0,6.45,0.07,3.15,3.22,0,0.0,90.33,9.670000000000002,0.0,0.0,0.9782608695652173,0.0,0.0,0.0,1.2786115345518418,0.0,0.01090625,5.875,0.0,5.747282608695651,neutral,3.06
48720,28.7642463,77.1800413,89,18,43.44,5.52,48.96,0.39,16.28,16.67,0,0.0,34.370000000000005,65.63,0.47893300396667865,0.16822429906542055,0.9766046790641871,0.30666666666666664,0.0,0.3913208845056966,2.594544530543363,0.0,0.0505,24.25,4.079439252336448,23.682663467306536,good,36.19
48726,28.7642463,77.1923239,68,5,16.37,0.46,16.830000000000002,0.07,21.95,22.02,0,0.0,61.15,38.85,0.07065256983551585,0.0684931506849315,0.9968210717529519,0.092,0.0,0.06826834092454323,3.7281521555570722,0.0,0.05055625,15.5,1.0616438356164384,15.450726612170754,good,10.67
48732,28.7642463,77.2046064,145,1,35.66,0.0,35.66,0.0,12.53,12.53,0,0.0,51.81,48.19,0.0,0.00684931506849315,1.0,0.0,0.0,0.0,4.892185987675532,0.0,0.04193125,21.5,0.14726027397260272,21.5,neutral,12.84
48752,28.7642463,77.2455482,90,4,19.71,0.86,20.57,0.43,19.22,19.65,0,0.0,59.78,40.22,0.09707623537205307,0.0425531914893617,0.978117048346056,0.215,0.0,0.09264867329237263,4.488086961259664,0.0,0.04594375,17.875,0.7606382978723404,17.48384223918575,good,11.33
48758,28.7642463,77.2578307,97,2,27.36,0.46,27.82,0.17,15.27,15.44,0,0.0,56.74,43.26,0.026207144152830042,0.020202020202020204,0.9889896373056994,0.0,0.0,0.025869621256347362,3.980132720684519,0.0,0.04105625,18.5625,0.37500000000000006,18.358120142487046,neutral,11.42
48773,28.7642463,77.288537,133,3,31.5,0.85,32.35,0.0,18.17,18.17,0,0.0,49.48,50.52,0.05255023183925811,0.022058823529411766,1.0,0.2833333333333333,0.0,0.051216011648611795,2.774606741295955,0.0,0.05231875,20.5625,0.45358455882352944,20.5625,good,13.49
48865,28.7660429,76.9896621,0,1,0.0,0.0,0.0,0.0,0.0,0.0,0,0.0,100.0,0.0,0.0,0.0,0.0,0.0,0.0,0.0,5.6011548132563735,0.0,0.00453125,2.25,0.0,0.0,neutral,1.0
48993,28.7660429,77.2516894,115,1,28.58,0.0,28.58,0.03,16.07,16.1,0,0.0,55.32,44.68,0.0,0.008620689655172414,0.9981366459627329,0.0,0.0,0.0,4.380659406718117,0.0,0.04088125,20.4375,0.17618534482758622,20.399417701863353,neutral,10.66
49001,28.7660429,77.2680661,123,8,35.01,3.25,38.26,0.33,21.21,21.54,0,0.0,40.2,59.8,0.26926963551195804,0.061068702290076333,0.9846796657381617,0.40625,0.0,0.2384416448946692,3.877614145861522,0.0,0.063775,20.3125,1.2404580152671756,20.001305710306408,good,20.98
49024,28.7660429,77.3151492,34,2,7.32,0.0,7.32,0.04,5.69,5.73,0,0.0,86.95,13.049999999999997,0.0,0.05555555555555555,0.9930191972076788,0.0,0.0,0.0,2.8598028591857765,0.0,0.02241875,7.9375,0.4409722222222222,7.882089877835951,neutral,4.69
49191,28.7678395,77.1698059,166,4,44.29,1.02,45.31,0.31,24.43,24.74,0,0.0,29.950000000000003,70.05,0.052270285958620814,0.023529411764705882,0.9874696847210995,0.255,0.0,0.0509500071319123,1.9765222136731233,0.0,0.0613125,30.812499999999996,0.7249999999999999,30.426409660468877,good,18.46
49242,28.7678395,77.2742074,115,12,48.05,4.62,52.67,0.03,22.27,22.3,0,0.0,25.03,74.97,0.3245876494743088,0.09448818897637795,0.9986547085201793,0.385,0.0,0.28110120305902625,3.7527081904197566,0.0,0.07596875,26.3125,2.486220472440945,26.27710201793722,good,30.22
49332,28.7696361,76.9712383,0,1,0.0,0.0,0.0,0.0,0.0,0.0,0,0.0,100.0,0.0,0.0,0.0,0.0,0.0,0.0,0.0,7.382543685148871,0.0,0.00453125,2.25,0.0,0.0,neutral,1.0
49346,28.7696361,76.9998975,63,5,33.8,0.0,33.8,0.45,15.61,16.06,0,0.0,50.14,49.86,0.0,0.07352941176470588,0.9719800747198007,0.0,0.0,0.0,4.589153566494214,0.0,0.0366125,14.8125,1.0891544117647058,14.397454856787048,neutral,15.13
49369,28.7696361,77.0469806,70,6,66.87,1.31,68.18,0.0,10.14,10.14,0,0.0,21.68,78.32,0.053940084304714885,0.07894736842105263,1.0,0.21833333333333335,0.0,0.05253560249266794,0.0,0.0,0.0483375,20.9375,1.6529605263157894,20.9375,good,28.63
49399,28.7696361,77.1083932,9,1,4.8,0.0,4.8,0.0,2.05,2.05,0,0.0,93.15,6.849999999999994,0.0,0.1,1.0,0.0,0.0,0.0,2.4682685261825896,0.0,0.00906875,4.4375,0.44375000000000003,4.4375,neutral,3.89
49409,28.7696361,77.1288641,41,3,5.92,0.7,6.62,0.23,9.39,9.62,0,0.0,83.76,16.239999999999995,0.21148036253776434,0.06818181818181818,0.9760914760914763,0.2333333333333333,0.0,0.19184305192950626,0.7200267342727243,0.0,0.0234375,10.3125,0.703125,10.065943347193349,good,8.38
49470,28.7696361,77.2537365,38,2,10.96,0.64,11.6,0.53,9.2,9.73,0,0.0,78.67,21.33,0.08744620693633966,0.05,0.9455292908530317,0.0,0.0,0.08383201787114983,4.676048086084206,0.0,0.02671875,9.5625,0.478125,9.041623843782116,neutral,7.46
49485,28.7696361,77.2844428,148,13,31.7,2.73,34.43,0.19,22.77,22.96,0,0.0,42.61000000000001,57.38999999999999,0.3018901811564699,0.08074534161490683,0.9917247386759581,0.21,0.0,0.2638171939590384,3.493612412313731,0.0,0.05338125,25.812500000000004,2.0842391304347827,25.598894817073173,good,22.83
49707,28.7714328,77.2516894,76,2,20.99,0.74,21.73,0.3,14.84,15.14,0,0.0,63.13,36.87,0.053974792937581936,0.02564102564102564,0.9801849405548216,0.0,0.0,0.05256853421419514,4.933402732292225,0.0,0.043525,16.6875,0.42788461538461536,16.356836195508585,neutral,10.04
49778,28.7732294,76.9098256,111,0,41.94,0.0,41.94,0.17,15.54,15.71,0,0.0,42.35,57.65,0.0,0.0,0.9891788669637173,0.0,0.0,0.0,4.318307717596562,0.0,0.0452375,19.6875,0.0,19.474458943348182,neutral,14.39
49885,28.7732294,77.1288641,4,1,4.69,2.06,6.75,0.0,5.65,5.65,0,0.0,87.6,12.400000000000006,0.30518518518518517,0.2,1.0,0.0,0.0,0.26634493506364965,1.0756402778500138,0.0,0.01465,3.0625,0.6125,3.0625,neutral,9.53
49892,28.7732294,77.1431937,22,5,16.18,0.75,16.93,15.79,12.42,28.21,0,0.0,54.86,45.14,0.11451399146726918,0.18518518518518517,0.44026940801134345,0.15,0.0,0.10841842779573378,1.4117533163154334,0.0,0.03418125,5.5625,1.0300925925925926,2.448998582063098,good,11.25
49906,28.7732294,77.171853,61,2,10.16,0.0,10.16,0.14,9.33,9.47,0,0.0,80.37,19.629999999999995,0.0,0.031746031746031744,0.9852164730728616,0.0,0.0,0.0,2.5564988102288035,0.0,0.02854375,12.5625,0.3988095238095238,12.376781942977825,neutral,5.47
49908,28.7732294,77.1759471,129,15,44.96,3.49,48.45,0.49,22.67,23.16,0,0.0,28.39,71.61,0.28813209494324044,0.10416666666666667,0.9788428324697755,0.2326666666666667,0.0,0.2531931806091764,2.8235673076190513,0.0,0.063175,30.875,3.2161458333333335,30.22177245250432,good,30.57
49914,28.7732294,77.1882297,122,2,19.6,0.0,19.6,0.0,16.2,16.2,0,0.0,64.2,35.8,0.0,0.016129032258064516,1.0,0.0,0.0,0.0,3.766136976851805,0.0,0.04054375,22.75,0.36693548387096775,22.75,neutral,8.38
50030,28.775026,76.9384849,0,1,0.0,0.0,0.0,0.0,1.02,1.02,0,0.0,98.98,1.019999999999996,0.0,0.0,0.0,0.0,0.0,0.0,6.893241235449297,0.0,0.0065625,2.375,0.0,0.0,neutral,1.0
50042,28.775026,76.9630499,97,1,36.2,1.84,38.040000000000006,0.0,16.37,16.37,0,0.0,45.58999999999999,54.41000000000001,0.0483701366982124,0.01020408163265306,1.0,0.0,0.0,0.04723670741644802,8.202374564662044,0.0,0.04785625,18.75,0.1913265306122449,18.75,neutral,14.44
50083,28.775026,77.0469806,47,10,16.52,11.74,28.26,7.89,16.92,24.81,0,0.0,46.93,53.07,1.4371453362633357,0.17543859649122806,0.6819830713422008,1.174,0.0,0.8908274102318143,0.5993295351213014,0.0,0.04201875,15.125,2.6535087719298245,10.314993954050788,good,39.33
50086,28.775026,77.0531218,42,17,20.11,15.46,35.57,0.16,10.43,10.59,0,0.0,53.84,46.16,1.8123992275034622,0.288135593220339,0.9848914069877243,0.9094117647058824,0.0,1.0340379366676296,0.8470378167339154,0.0,0.027875,10.375,2.989406779661017,10.218248347497639,good,48.23
50090,28.775026,77.0613102,0,1,0.0,0.0,0.0,0.0,0.0,0.0,0,0.0,100.0,0.0,0.0,0.0,0.0,0.0,0.0,0.0,1.5198198397233305,0.0,0.00453125,2.25,0.0,0.0,neutral,1.0
50183,28.775026,77.2516894,52,1,15.39,0.37,15.76,0.17,8.65,8.82,0,0.0,75.42,24.58,0.023477157360406092,0.018867924528301886,0.9807256235827665,0.0,0.0,0.023205807707384427,5.307512172778655,0.0,0.02846875,10.562499999999998,0.19929245283018865,10.358914399092969,neutral,6.99
50189,28.775026,77.2639719,151,0,38.84,0.0,38.84,0.04,22.93,22.97,0,0.0,38.19,61.81,0.0,0.0,0.9982585981715281,0.0,0.0,0.0,4.932576822317211,0.0,0.06554375,30.5625,0.0,30.509278406617327,neutral,13.4
50194,28.775026,77.2742074,108,5,30.38,0.51,30.89,0.04,14.69,14.73,0,0.0,54.38,45.62,0.04267824135214599,0.04424778761061947,0.997284453496266,0.10200000000000001,0.0,0.04179263499439959,4.488763980813481,0.0,0.0381625,18.125,0.8019911504424778,18.07578071961982,good,13.95
50355,28.7768226,77.1165816,53,2,45.39,1.53,46.92,0.34,12.3,12.64,0,0.0,40.44,59.56,0.05168355980612465,0.03636363636363636,0.9731012658227848,0.0,0.0,0.05039227040314644,2.122137827998496,0.0,0.032725,13.75,0.5,13.38014240506329,neutral,18.27
50369,28.7768226,77.1452408,29,2,44.18,9.62,53.8,0.0,8.81,8.81,0,0.0,37.39,62.61,0.2834077928798796,0.06451612903225806,1.0,0.0,0.0,0.24951887837434358,1.840859031675213,0.0,0.02350625,6.875,0.4435483870967742,6.875,neutral,23.71
50443,28.7768226,77.2967254,38,0,7.97,0.0,7.97,0.2,10.99,11.19,0,0.0,80.84,19.159999999999997,0.0,0.0,0.9821268990169795,0.0,0.0,0.0,3.84264399396464,0.0,0.02584375,10.0625,0.0,9.882651921358356,neutral,3.54
50531,28.7786192,76.9896621,3,1,0.41,0.0,0.41,0.0,1.07,1.07,0,0.0,98.52,1.480000000000004,0.0,0.25,0.0,0.0,0.0,0.0,5.675146538846989,0.0,0.00664375,2.5,0.625,0.0,neutral,3.05
50566,28.7786192,77.0613102,36,6,31.51,2.85,34.36,0.97,19.09,20.06,0,0.0,45.58,54.42,0.23285685471083153,0.14285714285714285,0.9516450648055833,0.47500000000000003,0.0,0.20933412231761134,1.7170733321912148,0.0,0.04470625,16.8125,2.401785714285714,15.99953265204387,good,22.76
50606,28.7786192,77.1431937,16,13,19.1,10.62,29.72,8.5,12.45,20.95,0,0.0,49.33000000000001,50.66999999999999,1.3605016578819569,0.4482758620689655,0.594272076372315,0.8169230769230769,0.0,0.8588741633475108,1.8840029500008626,0.0,0.03085,4.375,1.9612068965517242,2.5999403341288785,good,36.55
50662,28.7786192,77.2578307,9,0,4.32,0.0,4.32,3.57,14.95,18.52,0,0.0,77.16,22.840000000000003,0.0,0.0,0.8072354211663066,0.0,0.0,0.0,5.525226932800193,0.0,0.03669375,4.6875,0.0,3.7839160367170623,neutral,2.38
50686,28.7786192,77.3069608,0,4,0.0,0.0,0.0,0.09,6.47,6.56,0,0.0,93.44,6.560000000000002,0.0,1.0,0.9862804878048781,0.0,0.0,0.0,4.015382922844723,0.0,0.01463125,2.25,2.25,2.2191310975609757,neutral,7.89
50802,28.7804159,77.057216,18,5,35.66,13.73,49.39,5.85,14.11,19.96,0,0.0,30.65000000000001,69.35,0.7185975933367376,0.21739130434782608,0.7069138276553105,2.746,0.0,0.541508605533348,1.5594741034106807,0.0,0.037625,6.4375,1.3994565217391304,4.550757765531062,good,31.65
50903,28.7804159,77.2639719,34,3,52.51,7.66,60.17,0.05,8.21,8.26,0,0.0,31.570000000000007,68.42999999999999,0.2546119328569054,0.08108108108108109,0.993946731234867,2.5533333333333332,0.0,0.22682630791927308,5.451410666904358,0.0,0.02000625,7.375,0.597972972972973,7.330357142857144,good,25.8
50944,28.7822125,76.8606955,183,1,37.81,0.0,37.81,0.25,18.62,18.87,0,0.0,43.31999999999999,56.68000000000001,0.0,0.005434782608695652,0.9867514573396926,0.0,0.0,0.0,3.6010183724436997,0.0,0.05059375,27.25,0.1480978260869565,26.888977212506624,neutral,13.53
51084,28.7822125,77.1472879,14,2,4.85,0.0,4.85,0.0,7.2,7.2,0,0.0,87.95,12.049999999999997,0.0,0.125,1.0,0.0,0.0,0.0,2.4375457044656335,0.0,0.01718125,3.6249999999999996,0.45312499999999994,3.6249999999999996,neutral,3.94
51140,28.7822125,77.2619249,29,0,45.41,0.0,45.41,0.89,14.34,15.23,0,0.0,39.36,60.64,0.0,0.0,0.9415627051871306,0.0,0.0,0.0,5.72262227409231,0.0,0.02788125,5.5625,0.0,5.237442547603414,neutral,15.5
51163,28.7822125,77.3090079,0,1,0.0,0.0,0.0,0.0,0.0,0.0,0,0.0,100.0,0.0,0.0,0.0,0.0,0.0,0.0,0.0,4.435638110182844,0.0,0.00453125,2.25,0.0,0.0,neutral,1.0
51183,28.7840091,76.8627426,188,0,43.98,0.0,43.98,0.04,18.81,18.85,0,0.0,37.17,62.83,0.0,0.0,0.9978779840848805,0.0,0.0,0.0,3.7317831016917418,0.0,0.0505875,25.25,0.0,25.19641909814323,neutral,15.04
51184,28.7840091,76.8647897,164,0,29.63,0.0,29.63,0.32,15.48,15.8,0,0.0,54.57,45.43,0.0,0.0,0.979746835443038,0.0,0.0,0.0,3.6834615976186367,0.0,0.04586875,22.6875,0.0,22.228006329113924,neutral,10.46
51316,28.7840091,77.1350054,59,6,35.65,6.07,41.72,0.09,12.08,12.17,0,0.0,46.11,53.89,0.4084526456589084,0.09230769230769231,0.9926047658175843,1.0116666666666667,0.0,0.3424916873636509,1.6100777137018245,0.0,0.0338,15.6875,1.4480769230769233,15.571487263763354,good,24.78
51406,28.7840091,77.3192433,87,1,22.88,0.0,22.88,0.0,12.66,12.66,0,0.0,64.46000000000001,35.53999999999999,0.0,0.011363636363636364,1.0,0.0,0.0,0.0,4.864226854076643,0.0,0.03633125,13.125,0.14914772727272727,13.125,neutral,8.76
51510,28.7858057,77.0449335,15,3,28.65,7.32,35.97,1.44,16.79,18.23,0,0.0,45.8,54.2,0.4070058381984988,0.16666666666666666,0.9210093252879867,2.44,0.0,0.34146392751845406,1.8090132108898167,0.0,0.038975,5.4375,0.90625,5.007988206253428,good,21.26
51631,28.7858057,77.2926312,57,0,30.57,0.0,30.57,0.37,9.86,10.23,0,0.0,59.2,40.8,0.0,0.0,0.9638318670576734,0.0,0.0,0.0,4.897305242891341,0.0,0.02608125,6.9375,0.0,6.686583577712609,neutral,10.76
51756,28.7876024,77.0613102,24,6,48.24,2.37,50.61,0.13,16.91,17.04,0,0.0,32.349999999999994,67.65,0.1314647533150864,0.2,0.9923708920187794,0.395,0.0,0.12351303519980739,2.437513475797084,0.0,0.04835,7.8125,1.5625,7.752897593896714,good,23.88
51798,28.7876024,77.1472879,4,3,5.41,0.6,6.01,0.0,3.97,3.97,0,0.0,90.02,9.980000000000004,0.19966722129783693,0.42857142857142855,1.0,0.19999999999999998,0.0,0.18204420274974148,2.2309619818674435,0.0,0.01160625,2.6875,1.1517857142857142,2.6875,good,9.39
51860,28.7876024,77.2742074,25,5,36.77,8.18,44.95,0.15,16.87,17.02,0,0.0,38.03,61.97,0.4704114183737276,0.16666666666666666,0.991186839012926,1.636,0.0,0.3855422380772515,5.722551856177329,0.0,0.03300625,6.75,1.125,6.690511163337251,good,25.73
51874,28.7876024,77.3028666,0,2,0.0,0.0,0.0,0.14,3.3,3.44,0,0.0,96.56,3.4399999999999977,0.0,0.0,0.9593023255813953,0.0,0.0,0.0,4.994386847196836,0.0,0.0118375,2.5625,0.0,2.4582122093023253,neutral,1.0
51954,28.789399,76.9794266,0,3,0.0,0.0,0.0,0.0,0.38,0.38,0,0.0,99.62,0.37999999999999545,0.0,1.0,0.0,0.0,0.0,0.0,6.940875079665322,0.0,0.00539375,2.8125,2.8125,0.0,neutral,9.62
51988,28.789399,77.0490277,22,7,34.14,11.24,45.38,1.44,17.0,18.44,0,0.0,36.18,63.82,0.743058616130454,0.2413793103448276,0.9219088937093275,1.6057142857142856,0.0,0.5556413954219126,2.2065722321244476,0.0,0.04048125,7.75,1.870689655172414,7.144793926247288,good,32.17
52166,28.7911956,76.9262023,10,3,0.85,0.0,0.85,0.14,6.21,6.35,0,0.0,92.8,7.200000000000003,0.0,0.23076923076923078,0.9779527559055119,0.0,0.0,0.0,6.79912929453687,0.0,0.0162,3.8125000000000004,0.8798076923076925,3.7284448818897644,neutral,3.97
52231,28.7911956,77.0592631,20,4,31.87,11.26,43.13,2.99,14.63,17.62,1,1.18,38.07,60.75,0.6061885079627103,0.16666666666666666,0.8303064699205448,2.815,0.7793248768009976,0.47386398594816703,2.679550490316045,0.0,0.0458125,5.625,0.9375,4.670473893303065,good,26.58
52280,28.7911956,77.1595704,49,4,16.59,1.51,18.1,0.15,13.62,13.77,1,0.83,67.3,31.870000000000005,0.19370781344087937,0.07547169811320754,0.9891067538126361,0.3775,0.6043159668533296,0.17706427266238225,3.2474891507985055,0.0,0.03741875,12.3125,0.9292452830188679,12.178376906318082,good,12.48
52327,28.7911956,77.2557836,27,14,26.49,5.1,31.59,4.27,12.74,17.01,0,0.0,51.4,48.6,0.6307420714657627,0.34146341463414637,0.7489711934156378,0.36428571428571427,0.0,0.4890351697878833,6.886645837329279,0.0,0.03201875,5.625,1.9207317073170733,4.212962962962963,good,26.27
52331,28.7911956,77.2639719,4,3,0.18,0.0,0.18,0.0,1.51,1.51,0,0.0,98.31,1.6899999999999977,0.0,0.42857142857142855,0.0,0.0,0.0,0.0,6.5305473365334,0.0,0.0052875,2.5,1.0714285714285714,0.0,neutral,4.34
52360,28.7911956,77.3233375,3,3,0.17,0.0,0.17,0.06,1.44,1.5,0,0.0,98.33,1.6700000000000017,0.0,0.5,0.0,0.0,0.0,0.0,5.751162175743703,0.0,0.0080375,2.75,1.375,0.0,neutral,5.27
52455,28.7929922,77.0306039,65,5,36.71,1.22,37.93,6.03,16.59,22.62,0,0.0,39.45,60.55,0.0831440614521437,0.07142857142857142,0.73342175066313,0.244,0.0,0.0798679799038152,3.0483086197373366,0.0,0.03974375,16.875,1.2053571428571428,12.376492042440319,good,18.03
52465,28.7929922,77.0510747,13,1,38.13,1.51,39.64,0.33,14.83,15.16,0,0.0,45.2,54.8,0.03809283551967709,0.07142857142857142,0.9782321899736147,0.0,0.0,0.037385217661291575,2.627551693974374,0.0,0.03795625,5.75,0.4107142857142857,5.624835092348285,neutral,15.48
52519,28.7929922,77.1616175,84,4,50.41,0.86,51.27,0.3,16.36,16.66,0,0.0,32.07,67.93,0.03894788690468366,0.045454545454545456,0.9819927971188475,0.215,0.0,0.03820855388583182,3.414617431515812,0.0,0.0456625,22.75,1.0340909090909092,22.34033613445378,good,21.11
52672,28.7947889,76.987615,0,1,0.0,0.0,0.0,0.0,0.0,0.0,0,0.0,100.0,0.0,0.0,0.0,0.0,0.0,0.0,0.0,6.426185983384026,0.0,0.00453125,2.25,0.0,0.0,neutral,1.0
52695,28.7947889,77.034698,108,7,41.72,2.04,43.76,0.0,12.23,12.23,0,0.0,44.01,55.99,0.13985374771480805,0.06086956521739131,1.0,0.2914285714285714,0.0,0.13089996269810994,3.0422574963305293,0.0,0.0363375,19.5625,1.1907608695652174,19.5625,good,20.68
52718,28.7947889,77.0817811,63,7,16.52,0.0,16.52,10.42,19.29,29.71,0,0.0,53.77,46.23,0.0,0.1,0.6492763379333557,0.0,0.0,0.0,4.393062894277664,0.0,0.051,14.75,1.475,9.576825984516997,neutral,10.79
52930,28.7965855,77.0285568,91,5,46.35,1.14,47.49,0.0,12.43,12.43,0,0.0,40.08,59.92,0.06205216363070368,0.052083333333333336,1.0,0.22799999999999998,0.0,0.06020303990981422,3.493383563508796,0.0,0.04491875,21.124999999999996,1.1002604166666665,21.124999999999996,good,20.45
52933,28.7965855,77.034698,62,26,32.36,9.11,41.47,5.3,13.02,18.32,0,0.0,40.21,59.79,1.044538826735211,0.29545454545454547,0.7106986899563319,0.35038461538461535,0.0,0.7151722514640565,3.226869968414183,0.0,0.03648125,14.9375,4.413352272727273,10.616061681222707,good,43.15
52943,28.7965855,77.0551689,27,3,52.25,3.84,56.09,0.9,14.0,14.9,0,0.0,29.00999999999999,70.99000000000001,0.1369228026386165,0.1,0.9395973154362416,1.28,0.0,0.1283253168069347,3.101071005564192,0.0,0.04055,7.3125,0.7312500000000001,6.870805369127517,good,23.17
52954,28.7965855,77.0776869,25,10,28.12,20.12,48.24,3.62,15.24,18.86,0,0.0,32.89999999999999,67.10000000000001,1.4428640996472308,0.2857142857142857,0.8080593849416755,2.012,0.0,0.8931711622580538,4.2349833055188375,0.0,0.036125,8.0,2.2857142857142856,6.464475079533404,good,44.67
52978,28.7965855,77.126817,46,7,56.88,4.06,60.940000000000005,0.0,11.61,11.61,0,0.0,27.44999999999999,72.55000000000001,0.19986872333442726,0.1320754716981132,1.0,0.58,0.0,0.18221215358833154,0.0,0.0,0.0322875,13.5,1.7830188679245282,13.5,good,28.86
53169,28.7983821,77.0306039,99,6,47.28,1.16,48.44,3.12,15.18,18.3,0,0.0,33.260000000000005,66.74,0.06722815255133816,0.05714285714285714,0.8295081967213114,0.19333333333333333,0.0,0.06506477565824674,3.5727108679372965,0.0,0.04776875,20.75,1.1857142857142857,17.212295081967213,good,21.09
53180,28.7983821,77.0531218,11,10,40.19,15.81,56.0,0.27,15.6,15.87,0,0.0,28.13000000000001,71.86999999999999,0.9766716766188512,0.47619047619047616,0.9829867674858224,1.581,0.0,0.6814144588841057,3.2519578338737687,0.0,0.04175625,5.1875,2.470238095238095,5.099243856332704,good,40.84
53188,28.7983821,77.0694985,11,0,26.9,0.0,26.9,3.1,10.19,13.29,0,0.0,59.81,40.19,0.0,0.0,0.7667419112114372,0.0,0.0,0.0,3.8772236264885347,0.0,0.0293625,3.875,0.0,2.971124905944319,neutral,9.59
53224,28.7983821,77.1431937,7,4,3.3,0.47,3.77,13.2,9.7,22.9,0,0.0,73.33,26.67,0.2894711418029337,0.36363636363636365,0.42358078602620086,0.1175,0.0,0.25423216671926613,1.6082540500147842,0.0,0.029,4.875,1.7727272727272727,2.0649563318777293,good,11.9
53282,28.7983821,77.2619249,16,27,11.09,0.0,11.09,0.0,16.4,16.4,0,0.0,72.51,27.489999999999995,0.0,0.627906976744186,1.0,0.0,0.0,0.0,7.344352207815077,0.0,0.02990625,5.999999999999999,3.767441860465116,5.999999999999999,good,16.08
53283,28.7983821,77.2639719,13,13,7.99,0.0,7.99,0.0,6.49,6.49,0,0.0,85.52,14.480000000000004,0.0,0.5,1.0,0.0,0.0,0.0,7.261224985965668,0.0,0.016125,2.9375,1.46875,2.9375,neutral,8.05
53407,28.8001787,77.0306039,113,5,53.09,1.06,54.150000000000006,0.1,12.37,12.47,0,0.0,33.379999999999995,66.62,0.05060129733636981,0.0423728813559322,0.9919807538091419,0.21200000000000002,0.0,0.049362664389778946,3.7524977753770825,0.0,0.04610625,24.750000000000004,1.0487288135593222,24.551523656776265,good,22.25
53609,28.8019753,76.9569087,92,1,38.62,0.0,38.62,0.0,15.2,15.2,0,0.0,46.18000000000001,53.81999999999999,0.0,0.010752688172043012,1.0,0.0,0.0,0.0,9.48588584247816,0.0,0.045375,16.8125,0.18077956989247312,16.8125,neutral,13.88
53667,28.8019753,77.0756398,32,8,37.88,3.28,41.16,4.13,15.64,19.77,0,0.0,39.06999999999999,60.93000000000001,0.25260821197110744,0.2,0.7910976226605969,0.41,0.0,0.225227947028215,4.5531859142159,0.0,0.03384375,10.375,2.075,8.207637835103693,good,24.22
53901,28.803772,77.0674515,0,1,0.0,0.0,0.0,0.0,0.0,0.0,0,0.0,100.0,0.0,0.0,0.0,0.0,0.0,0.0,0.0,4.288063060826067,0.0,0.00453125,2.25,0.0,0.0,neutral,1.0
53938,28.803772,77.1431937,14,5,3.33,4.3,7.63,19.77,14.35,34.12,1,0.15,58.10000000000001,41.74999999999999,1.4567940698690656,0.2631578947368421,0.4205744431418523,0.86,0.13976194237515868,0.8988572763793781,1.7846581663366308,0.0,0.0382875,7.437500000000001,1.9572368421052633,3.128022420867527,good,30.9
54174,28.8055686,77.1390996,13,1,24.84,0.0,24.84,0.0,6.23,6.23,0,0.0,68.93,31.069999999999993,0.0,0.07142857142857142,1.0,0.0,0.0,0.0,1.5588832475790684,0.0,0.0165875,3.3125,0.23660714285714285,3.3125,neutral,9.66
54265,28.8073652,76.8381775,0,5,0.0,0.0,0.0,0.0,3.41,3.41,0,0.0,96.59,3.4099999999999966,0.0,1.0,1.0,0.0,0.0,0.0,7.060949919391307,0.0,0.0104625,2.875,2.875,2.875,neutral,9.81
54318,28.8073652,76.9466732,0,3,0.0,0.0,0.0,0.0,1.48,1.48,0,0.0,98.52,1.480000000000004,0.0,1.0,0.0,0.0,0.0,0.0,9.483648871340707,0.0,0.00720625,2.25,2.25,0.0,neutral,7.89
54374,28.8073652,77.0613102,25,0,20.23,0.0,20.23,2.66,6.51,9.17,0,0.0,70.6,29.400000000000006,0.0,0.0,0.7099236641221374,0.0,0.0,0.0,4.42159063225269,0.0,0.0235625,9.0625,0.0,6.43368320610687,neutral,7.46
54732,28.8091618,77.3069608,0,4,0.0,0.0,0.0,0.0,3.33,3.33,0,0.0,96.67,3.3299999999999983,0.0,1.0,1.0,0.0,0.0,0.0,7.402445699874682,0.0,0.0119875,2.375,2.375,2.375,neutral,8.28
54775,28.8109585,76.9077786,77,1,47.43,0.0,47.43,0.0,14.23,14.23,1,4.24,34.10000000000001,61.65999999999999,0.0,0.01282051282051282,1.0,0.0,1.6563214983329508,0.0,7.4138563787539615,4.375e-05,0.047425,18.6875,0.23958333333333331,18.6875,neutral,16.88
54796,28.8109585,76.9507674,0,1,0.0,0.0,0.0,0.0,2.0,2.0,0,0.0,98.0,2.0,0.0,0.0,0.0,0.0,0.0,0.0,10.046751446234767,0.0,0.0083,2.4375,0.0,0.0,neutral,1.0
55133,28.8127551,77.1534292,13,1,11.9,0.0,11.9,0.19,10.37,10.56,0,0.0,77.54,22.459999999999994,0.0,0.07142857142857142,0.9820075757575757,0.0,0.0,0.0,3.1553713933795082,0.0,0.02395625,5.0,0.3571428571428571,4.910037878787879,neutral,5.89
55217,28.8145517,76.8381775,0,2,0.0,0.0,0.0,0.0,0.85,0.85,0,0.0,99.15,0.8499999999999943,0.0,0.0,0.0,0.0,0.0,0.0,7.771262604816416,0.0,0.00615,2.25,0.0,0.0,neutral,1.0
55602,28.8163483,77.1390996,29,5,43.24,9.78,53.02,0.71,12.78,13.49,0,0.0,33.489999999999995,66.51,0.4768188090730461,0.14705882352941177,0.9473684210526315,1.956,0.0,0.389890321056583,2.5022639735365737,0.0,0.03094375,7.249999999999999,1.0661764705882353,6.868421052631578,good,28.22
55666,28.8163483,77.2701132,89,0,46.22,0.0,46.22,0.0,12.18,12.18,0,0.0,41.6,58.4,0.0,0.0,1.0,0.0,0.0,0.0,8.790833647219522,0.0,0.034575,15.937499999999998,0.0,15.937499999999998,neutral,15.76
56225,28.8217382,76.9528145,0,2,0.0,0.0,0.0,0.0,2.7,2.7,0,0.0,97.3,2.700000000000003,0.0,0.0,1.0,0.0,0.0,0.0,10.851892566505015,0.0,0.00953125,2.375,0.0,2.375,neutral,1.0
56292,28.8217382,77.0899694,14,18,3.3,0.0,3.3,1.48,21.87,23.35,0,0.0,73.35,26.650000000000006,0.0,0.5625,0.9366167023554604,0.0,0.0,0.0,2.716803212158479,0.0,0.0405125,4.625,2.6015625,4.3318522483940045,neutral,10.02
56447,28.8235348,76.9200611,0,1,0.0,0.0,0.0,0.0,0.0,0.0,0,0.0,100.0,0.0,0.0,0.0,0.0,0.0,0.0,0.0,9.214626912780417,0.0,0.00453125,2.25,0.0,0.0,neutral,1.0
56469,28.8235348,76.965097,2,1,0.37,0.0,0.37,0.0,0.0,0.0,0,0.0,99.63,0.37000000000000455,0.0,0.3333333333333333,0.0,0.0,0.0,0.0,9.979214836961496,0.0,0.00453125,2.5625,0.8541666666666666,0.0,neutral,3.73
56556,28.8235348,77.1431937,2,2,2.56,0.0,2.56,0.0,3.97,3.97,0,0.0,93.47,6.530000000000001,0.0,0.5,1.0,0.0,0.0,0.0,3.3949552604400037,0.0,0.01230625,2.875,1.4375,2.875,neutral,6.22
56571,28.8235348,77.1739001,106,8,57.6,2.08,59.68,0.0,10.68,10.68,0,0.0,29.64,70.36,0.11047995983579105,0.07017543859649122,1.0,0.26,0.0,0.10479231811638447,5.47939500046886,0.0,0.0405375,25.1875,1.7675438596491226,25.1875,good,27.1
56572,28.8235348,77.1759471,130,4,51.44,1.54,52.98,0.15,14.04,14.19,0,0.0,32.83,67.17,0.06749281363017248,0.029850746268656716,0.9894291754756871,0.385,0.0,0.06531273413561511,5.6474222999871175,0.0,0.04201875,24.6875,0.7369402985074627,24.426532769556026,good,21.17
56698,28.8253314,76.9466732,0,3,0.0,0.0,0.0,0.0,2.57,2.57,0,0.0,97.43,2.569999999999993,0.0,1.0,1.0,0.0,0.0,0.0,10.893391777650194,0.0,0.006875,2.3125,2.3125,2.3125,neutral,8.08
56810,28.8253314,77.1759471,65,22,35.94,12.42,48.36,1.89,13.9,15.79,0,0.0,35.85000000000001,64.14999999999999,1.1617584676225827,0.25287356321839083,0.8803039898670045,0.5645454545454546,0.0,0.7709219958728579,5.755882301902895,0.0,0.04211875,16.3125,4.125,14.35995883470551,good,46.2
57001,28.8271281,77.079734,42,27,21.97,0.0,21.97,0.0,17.47,17.47,0,0.0,60.56,39.44,0.0,0.391304347826087,1.0,0.0,0.0,0.0,2.007677113538771,0.0,0.03788125,10.187499999999998,3.9864130434782603,10.187499999999998,good,20.23
57011,28.8271281,77.1002049,36,3,37.74,1.32,39.06,2.84,15.6,18.44,0,0.0,42.49999999999999,57.50000000000001,0.06758832565284179,0.07692307692307693,0.8459869848156182,0.44,0.0,0.06540220335622289,2.6854470318660906,0.0,0.03235625,10.8125,0.8317307692307693,9.14723427331887,good,17.01
57164,28.8289247,76.9262023,0,1,0.0,0.0,0.0,0.0,0.0,0.0,0,0.0,100.0,0.0,0.0,0.0,0.0,0.0,0.0,0.0,10.034732899034461,0.0,0.00453125,2.25,0.0,0.0,neutral,1.0
57180,28.8289247,76.9589558,0,4,0.0,0.0,0.0,0.0,4.42,4.42,0,0.0,95.58,4.420000000000002,0.0,1.0,1.0,0.0,0.0,0.0,10.818124972551848,0.0,0.015325,2.5625,2.5625,2.5625,neutral,8.85
57191,28.8289247,76.9814737,106,4,28.1,1.86,29.96,0.03,13.89,13.92,0,0.0,56.12,43.88,0.14415174420862797,0.03636363636363636,0.997844827586207,0.465,0.0,0.13466352770024026,9.176389571184982,0.0,0.03630625,18.4375,0.6704545454545454,18.39776400862069,good,14.74
57252,28.8289247,77.1063461,31,6,48.39,2.93,51.32,3.87,8.1,11.97,0,0.0,36.71,63.29,0.16027961655551015,0.16216216216216217,0.6766917293233082,0.48833333333333334,0.0,0.14866102482544016,2.9930150291070725,0.0,0.01731875,6.875,1.114864864864865,4.652255639097744,good,23.16
57255,28.8289247,77.1124874,76,21,16.56,1.14,17.7,0.38,17.34,17.72,0,0.0,64.58,35.42,0.2872176296749446,0.21649484536082475,0.9785553047404064,0.054285714285714284,0.0,0.2524830127449926,3.489801504131886,0.0,0.0345125,15.8125,3.4233247422680413,15.473405756207676,good,21.37
57272,28.8289247,77.1472879,101,3,49.04,0.42,49.46,0.2,12.91,13.11,0,0.0,37.43,62.57,0.016983420946219165,0.028846153846153848,0.984744469870328,0.13999999999999999,0.0,0.016840815012423373,4.112025551102475,0.0,0.04094375,18.5,0.5336538461538461,18.21777269260107,good,18.68
57360,28.8307213,76.8402246,11,5,2.58,0.0,2.58,2.58,8.12,10.7,0,0.0,86.72,13.280000000000001,0.0,0.3125,0.7588785046728972,0.0,0.0,0.0,9.35166448375427,0.0,0.018975,2.9375,0.91796875,2.2292056074766355,neutral,4.64
57417,28.8307213,76.9569087,49,4,23.02,0.6,23.62,2.96,9.55,12.51,0,0.0,63.87,36.13,0.05898208539087287,0.07547169811320754,0.7633892885691448,0.15,0.0,0.057308149942541,11.098022265861701,0.0,0.02809375,10.5,0.7924528301886792,8.01558752997602,good,11.84
57478,28.8307213,77.0817811,10,12,3.23,0.21,3.44,1.12,14.77,15.89,0,0.0,80.67,19.33,0.225898936281869,0.5454545454545454,0.9295154185022025,0.017499999999999998,0.0,0.2036744004146003,1.598204680662325,0.0,0.0278,3.6875,2.0113636363636362,3.427588105726872,good,11.59
57892,28.8343145,76.9548616,95,4,38.52,1.67,40.190000000000005,0.0,15.33,15.33,0,0.0,44.48,55.52,0.09648220747603618,0.04040404040404041,1.0,0.4175,0.0,0.0921070620921105,11.50181899581501,0.0,0.04239375,16.4375,0.6641414141414141,16.4375,good,17.29
57968,28.8343145,77.1104403,95,12,16.66,0.72,17.38,0.94,19.1,20.04,0,0.0,62.58,37.42,0.15329784793219714,0.11214953271028037,0.9530938123752496,0.06,0.0,0.14262553223934174,3.0379804685000042,0.0,0.03746875,17.625,1.9766355140186915,16.798278443113773,good,14.86
58211,28.8361112,77.1206758,69,7,32.23,1.05,33.279999999999994,0.04,14.54,14.58,0,0.0,52.14000000000001,47.85999999999999,0.09465144230769232,0.09210526315789473,0.9972565157750343,0.15,0.0,0.0904359950674646,3.917926246087464,0.0,0.0417625,18.625,1.7154605263157894,18.573902606310014,good,18.28
58212,28.8361112,77.1227228,16,7,6.12,1.83,7.95,0.38,8.2,8.58,0,0.0,83.47,16.53,0.6905660377358491,0.30434782608695654,0.9557109557109557,0.26142857142857145,0.0,0.525063406428763,4.111035422095584,0.0,0.02001875,5.9375,1.8070652173913044,5.674533799533799,good,19.25
58353,28.8379078,76.9241553,0,4,0.0,0.0,0.0,15.45,2.27,17.72,0,0.0,82.28,17.72,0.0,1.0,0.1281038374717833,0.0,0.0,0.0,10.80848436918483,0.0,0.0274875,2.375,2.375,0.30424661399548536,neutral,8.28
58427,28.8379078,77.0756398,22,2,5.75,0.0,5.75,0.0,7.34,7.34,0,0.0,86.91,13.090000000000003,0.0,0.08333333333333333,1.0,0.0,0.0,0.0,0.9981873495622292,0.0,0.01908125,5.875,0.4895833333333333,5.875,neutral,4.34
58443,28.8379078,77.1083932,119,6,29.51,0.52,30.03,0.0,23.25,23.25,0,0.0,46.71999999999999,53.28000000000001,0.048612206442555914,0.048,1.0,0.08666666666666667,0.0,0.04746758179286857,2.7124536296639663,0.0,0.0493,21.9375,1.053,21.9375,good,14.53
58448,28.8379078,77.1186287,89,4,18.03,0.85,18.880000000000003,0.3,16.45,16.75,0,0.0,64.37,35.629999999999995,0.10453595766177211,0.043010752688172046,0.9820895522388059,0.2125,0.0,0.09942529894953608,3.6769155905532878,0.0,0.03941875,14.375,0.6182795698924731,14.117537313432834,good,10.46
58666,28.8397044,77.0776869,118,10,25.87,4.52,30.39,0.71,19.89,20.6,0,0.0,49.010000000000005,50.989999999999995,0.5145321130714242,0.078125,0.9655339805825243,0.45199999999999996,0.0,0.41510655500510896,0.719875919063268,0.0,0.04166875,17.25,1.34765625,16.655461165048543,good,22.41
58832,28.841501,76.9302965,0,2,0.0,0.0,0.0,1.28,0.0,1.28,0,0.0,98.72,1.2800000000000011,0.0,0.0,0.0,0.0,0.0,0.0,11.444276437089071,0.0,0.00605625,2.9999999999999996,0.0,0.0,neutral,1.0
58912,28.841501,77.0940636,36,14,51.87,5.63,57.5,0.12,13.59,13.71,0,0.0,28.790000000000006,71.21,0.3825355487526254,0.28,0.9912472647702406,0.40214285714285714,0.0,0.3239191674672236,1.261279740923115,0.0,0.035875,13.6875,3.8325000000000005,13.567696936542669,good,36.74
59083,28.8432977,76.9569087,0,1,0.0,0.0,0.0,0.0,0.0,0.0,0,0.0,100.0,0.0,0.0,0.0,0.0,0.0,0.0,0.0,12.0045710128684,0.0,0.00453125,2.25,0.0,0.0,neutral,1.0
59148,28.8432977,77.0899694,58,31,27.59,17.36,44.95,6.66,15.53,22.19,0,0.0,32.86,67.14,1.9310344827586203,0.34831460674157305,0.6998648039657502,0.5599999999999999,0.0,1.0753554265038423,0.8221760496979093,0.0,0.0368125,13.062499999999998,4.549859550561798,9.14198400180261,good,57.75
59382,28.8450943,77.0817811,137,13,60.12,3.92,64.03999999999999,0.09,11.92,12.01,0,0.0,23.950000000000003,76.05,0.2330548297074611,0.08666666666666667,0.9925062447960034,0.30153846153846153,0.0,0.209494691731598,0.0,0.0,0.04074375,18.875,1.6358333333333335,18.733555370524563,good,29.89
59562,28.8468909,76.9630499,88,0,33.89,0.0,33.89,0.17,14.27,14.44,0,0.0,51.67,48.33,0.0,0.0,0.9882271468144045,0.0,0.0,0.0,11.56588557505608,0.0,0.03874375,17.0,0.0,16.799861495844876,neutral,11.82
59624,28.8468909,77.0899694,56,28,27.25,11.24,38.49,0.07,5.0,5.07,0,0.0,56.44,43.56,1.4186465675560902,0.3333333333333333,0.9861932938856015,0.4014285714285714,0.0,0.8832081141140937,0.8221626886920691,0.0,0.0189,13.125,4.375,12.94378698224852,good,47.6
59644,28.8468909,77.1309112,2,3,0.09,0.0,0.09,0.27,1.9,2.17,1,3.61,94.13,2.260000000000005,0.0,0.6,0.8755760368663594,0.0,1.5282278570085572,0.0,4.789333122818105,0.0,0.0098,2.4375,1.4625,2.134216589861751,neutral,5.51
59798,28.8486875,76.9589558,9,4,3.14,0.0,3.14,0.0,3.93,3.93,0,0.0,92.93,7.069999999999993,0.0,0.3076923076923077,1.0,0.0,0.0,0.0,11.969483567282609,0.0,0.01295625,2.875,0.8846153846153847,2.875,neutral,4.71
60113,28.8504841,77.1165816,16,0,3.81,0.0,3.81,5.0,20.64,25.64,0,0.0,70.55,29.450000000000003,0.0,0.0,0.8049921996879875,0.0,0.0,0.0,3.4420122679556617,0.0,0.04220625,7.875,0.0,6.339313572542902,neutral,2.22
60329,28.8522808,77.0715456,114,1,24.95,0.0,24.95,1.88,19.17,21.05,0,0.0,54.0,46.0,0.0,0.008695652173913044,0.9106888361045131,0.0,0.0,0.0,1.2776358788796092,0.0,0.04924375,24.5,0.21304347826086956,22.31187648456057,neutral,9.62
60573,28.8540774,77.0838282,108,7,19.04,1.02,20.06,0.0,16.66,16.66,0,0.0,63.28,36.72,0.15254237288135594,0.06086956521739131,1.0,0.1457142857142857,0.0,0.14197026127038725,1.0185786298823984,0.0,0.04475,25.5625,1.5559782608695654,25.5625,good,14.42
60595,28.8540774,77.1288641,62,13,38.89,4.29,43.18,0.09,14.49,14.58,0,0.0,42.24,57.76,0.37826661916690885,0.17333333333333334,0.9938271604938271,0.33,0.0,0.3208266365806806,4.69315383788359,0.000375,0.0418625,17.5625,3.044166666666667,17.45408950617284,good,29.69
60831,28.855874,77.1247699,20,8,4.7,2.91,7.61,20.46,7.82,28.28,1,5.89,58.22,35.89,1.2121526615239329,0.2857142857142857,0.2765205091937765,0.36375,1.9300710850255671,0.7939660964341371,4.3550364388413625,0.0,0.04479375,6.6875,1.9107142857142856,1.8492309052333804,good,27.15
60897,28.855874,77.2598778,18,1,13.42,0.63,14.05,4.05,3.66,7.71,0,0.0,78.24000000000001,21.75999999999999,0.04483985765124555,0.05263157894736842,0.4747081712062257,0.0,0.0,0.043863627406614744,13.264624173624338,0.0,0.01548125,4.8125,0.2532894736842105,2.2845330739299614,neutral,6.92
60984,28.8576706,76.9507674,7,1,0.25,0.0,0.25,0.0,0.0,0.0,0,0.0,99.75,0.25,0.0,0.125,0.0,0.0,0.0,0.0,12.836189366747394,0.0,0.004525,3.8125000000000004,0.47656250000000006,0.0,neutral,2.54
61289,28.8594673,77.0879223,116,16,42.37,4.59,46.96,2.77,14.85,17.62,0,0.0,35.42,64.58,0.3995198986656528,0.12121212121212122,0.8427922814982973,0.286875,0.0,0.33612924828290347,1.7064541682454024,0.0,0.03725625,17.0625,2.0681818181818183,14.380143303064697,good,28.22
61625,28.8612639,77.288537,72,0,36.74,0.0,36.74,0.32,15.58,15.9,0,0.0,47.36,52.64,0.0,0.0,0.979874213836478,0.0,0.0,0.0,13.258895328813793,0.0,0.04175625,13.625,0.0,13.350786163522013,neutral,12.73
61764,28.8630605,77.0858752,75,8,23.09,3.37,26.46,2.98,16.59,19.57,0,0.0,53.970000000000006,46.029999999999994,0.40372816533864675,0.0963855421686747,0.8477261113949923,0.42125,0.0,0.33913167242676245,2.0371519822658635,0.0,0.03519375,15.75,1.5180722891566265,13.35168625447113,good,20.05
61884,28.8648571,76.8443188,1,1,0.25,0.0,0.25,0.0,0.0,0.0,0,0.0,99.75,0.25,0.0,0.0,0.0,0.0,0.0,0.0,12.891884022469991,0.0,0.00453125,2.25,0.0,0.0,neutral,1.08
62011,28.8648571,77.104299,0,2,0.0,0.0,0.0,0.0,2.36,2.36,0,0.0,97.64,2.3599999999999994,0.0,0.0,1.0,0.0,0.0,0.0,3.1045738571654176,0.0,0.0074125,2.3125,0.0,2.3125,neutral,1.0
62031,28.8648571,77.1452408,7,4,4.8,0.0,4.8,0.28,11.22,11.5,0,0.0,83.7,16.299999999999997,0.0,0.36363636363636365,0.9756521739130435,0.0,0.0,0.0,6.559363556095027,0.0,0.025225,4.1875,1.5227272727272727,4.0855434782608695,neutral,7.2
62033,28.8648571,77.149335,10,6,1.08,0.0,1.08,0.0,4.27,4.27,0,0.0,94.65,5.349999999999994,0.0,0.375,1.0,0.0,0.0,0.0,6.9363392862819895,0.0,0.01238125,3.4375,1.2890625,3.4375,neutral,5.29
62098,28.8648571,77.2823957,113,10,49.42,2.69,52.11,0.11,12.5,12.61,0,0.0,35.28,64.72,0.1785812906185824,0.08130081300813008,0.9912767644726408,0.269,0.0,0.16431141905385158,13.730371304116552,0.0,0.04403125,21.8125,1.7733739837398375,21.62222442505948,good,25.7
62101,28.8648571,77.288537,99,0,38.39,0.0,38.39,0.11,14.49,14.6,0,0.0,47.01,52.99,0.0,0.0,0.9924657534246576,0.0,0.0,0.0,13.656281700079804,0.0,0.0348875,16.5,0.0,16.37568493150685,neutral,13.26
62220,28.8666537,77.0449335,97,0,43.94,0.0,43.94,0.1,14.62,14.72,0,0.0,41.34,58.66,0.0,0.0,0.9932065217391304,0.0,0.0,0.0,4.315624124054607,0.0,0.051075,24.125,0.0,23.96110733695652,neutral,15.03
62248,28.8666537,77.102252,5,2,0.31,0.0,0.31,2.31,4.24,6.55,0,0.0,93.14,6.859999999999999,0.0,0.2857142857142857,0.6473282442748092,0.0,0.0,0.0,3.1179472286560297,0.0,0.013575,3.5,1.0,2.265648854961832,neutral,4.16
62264,28.8666537,77.1350054,33,1,29.59,2.13,31.72,0.5,14.92,15.42,0,0.0,52.86,47.14,0.06715006305170239,0.029411764705882353,0.9675745784695201,0.0,0.0,0.06499160259163676,5.710959787383179,0.0,0.03135,8.3125,0.24448529411764705,8.042963683527885,neutral,12.87
62372,28.8684504,76.8688839,146,1,32.56,0.0,32.56,0.05,14.65,14.7,0,0.0,52.74,47.26,0.0,0.006802721088435374,0.9965986394557824,0.0,0.0,0.0,12.991524428970976,0.0,0.03905625,20.1875,0.13732993197278912,20.118835034013607,neutral,11.82
62571,28.8684504,77.2762545,71,0,20.76,0.0,20.76,0.21,15.32,15.53,0,0.0,63.71,36.29,0.0,0.0,0.986477784932389,0.0,0.0,0.0,14.22263692537791,0.0,0.03855625,12.9375,0.0,12.762556342562783,neutral,7.63
62577,28.8684504,77.288537,56,0,30.14,0.0,30.14,0.24,9.85,10.09,0,0.0,59.77,40.23,0.0,0.0,0.9762140733399405,0.0,0.0,0.0,14.053801577580646,0.0,0.026625,10.75,0.0,10.49430128840436,neutral,10.62
62867,28.8720436,76.9077786,106,4,28.03,1.82,29.85,2.84,14.92,17.76,1,0.06,52.32999999999999,47.61000000000001,0.1415714952326633,0.03636363636363636,0.8400900900900901,0.455,0.058268908123975775,0.13240581773128468,13.807715373444655,0.0,0.03363125,15.250000000000002,0.5545454545454546,12.811373873873874,good,14.32
62962,28.8720436,77.102252,57,3,18.23,0.73,18.96,0.04,18.29,18.33,0,0.0,62.71,37.29,0.07700421940928269,0.05,0.9978177850518276,0.24333333333333332,0.0,0.07418331590964374,3.5991839641001087,0.0,0.03995625,10.562499999999998,0.528125,10.539450354609928,good,9.81
62975,28.8720436,77.1288641,44,3,41.57,0.89,42.46,0.91,14.51,15.42,0,0.0,42.12,57.88,0.041921808761187,0.06382978723404255,0.9409857328145266,0.2966666666666667,0.0,0.04106690093896932,5.4775972850146015,0.0,0.0315125,9.0,0.5744680851063829,8.46887159533074,good,16.93
63346,28.8756369,76.9139198,48,19,21.04,10.43,31.47,2.63,14.33,16.96,0,0.0,51.57,48.43,1.4324026065991482,0.2835820895522388,0.8449292452830188,0.5489473684210526,0.0,0.8888794958794037,14.350039829935945,0.0,0.03156875,11.4375,3.243470149253731,9.663878242924527,good,42.09
63451,28.8756369,77.1288641,43,1,31.5,0.0,31.5,0.78,15.94,16.72,0,0.0,51.78,48.22,0.0,0.022727272727272728,0.9533492822966507,0.0,0.0,0.0,5.705929763330064,0.0,0.03074375,7.8125,0.17755681818181818,7.448041267942584,neutral,11.6
63454,28.8756369,77.1350054,2,6,0.03,0.0,0.03,0.61,11.92,12.53,0,0.0,87.44,12.560000000000002,0.0,0.75,0.951316839584996,0.0,0.0,0.0,6.196754426256387,0.0,0.0241125,2.625,1.96875,2.4972067039106145,neutral,7.04
63469,28.8756369,77.1657117,84,1,22.0,0.0,22.0,0.35,13.49,13.84,0,0.0,64.16,35.84,0.0,0.011764705882352941,0.9747109826589596,0.0,0.0,0.0,8.851023074351959,0.0,0.0298,13.75,0.16176470588235295,13.402276011560694,neutral,8.52
63708,28.8774335,77.1677588,91,1,39.04,0.0,39.04,0.1,13.83,13.93,0,0.0,47.03,52.97,0.0,0.010869565217391304,0.9928212491026561,0.0,0.0,0.0,9.112346277888788,0.0,0.03295625,14.0625,0.15285326086956522,13.961548815506102,neutral,13.93
63927,28.8792301,77.1288641,67,3,38.64,1.64,40.28,0.0,10.82,10.82,0,0.0,48.9,51.1,0.0814299900695134,0.04285714285714286,1.0,0.5466666666666666,0.0,0.07828423021439818,5.952344380492841,0.0,0.02424375,9.25,0.3964285714285714,9.25,good,16.27
64262,28.8828233,76.8402246,0,1,0.0,0.0,0.0,0.0,0.0,0.0,0,0.0,100.0,0.0,0.0,0.0,0.0,0.0,0.0,0.0,14.928616525273386,0.0,0.00453125,2.25,0.0,0.0,neutral,1.0
